Strain,route of administration,Vector,tissues,Mouse dose,Mouse number ,Total cell counts ,Lymphocytes count,live CD45 count,B cells count,% B cell (/live CD45+),Ag-experience count,% Ag-experience (/B cells),Memory B cell count,% memory (/B cells),Plasma cells count,% Plasma cells (/B cells),Macrophages count,%macrophages (/ liveCD45+),Dendritic cell count,%dendritic cell (/live CD45+),NK cells count,% NK (/ live CD45+),CD4 T cells count,% CD4 (/live CD45+),Treg count,% Treg (/CD4+ T cells),CD8 T cells count,% CD8 (/live CD45+ cells),Granzyme B count,GrnzB (/ CD8 T cells),T conv count,Tconv (/ CD4 T cells),Neutrophil count,neutrophil (/ live CD45+),Monocytes count,monocytes (/live CD45+),no macrophages count, Target
C57BL/6,Intramuscular ,VAC-H5/NP,Spleen,PBS,1,8.03E+07,92010,86412,51316,59.4,2450,4.77,323,0.63,11,0.02,189,0.22,336,0.39,26,0.030,15905,18.41,1760,11.07,9513,11.01,114,1.20,13820,86.89,400,0.46,3534,65.75,5375,no
C57BL/6,Intramuscular ,VAC-H5/NP,Spleen,PBS,2,8.20E+07,92255,85123,51252,60.2,2987,5.83,287,0.56,26,0.05,192,0.23,273,0.32,27,0.032,16505,19.39,1725,10.45,9089,10.68,118,1.30,14484,87.76,361,0.42,2377,56.55,4203,no
C57BL/6,Intramuscular ,VAC-H5/NP,Spleen,PBS,3,7.97E+07,92013,85490,46217,54.1,1664,3.60,362,0.78,25,0.05,281,0.33,384,0.45,33,0.039,19158,22.41,2065,10.78,11044,12.92,126,1.14,16770,87.54,451,0.53,3213,63.97,5023,no
C57BL/6,Intramuscular ,VAC-H5/NP,Spleen,4.50E+02,1,1.01E+08,94314,88008,53576,60.9,3172,5.92,469,0.88,34,0.06,175,0.20,427,0.49,24,0.027,17139,19.47,2107,12.29,8640,9.82,69,0.80,14856,86.68,494,0.56,2361,56.11,4208,no
C57BL/6,Intramuscular ,VAC-H5/NP,Spleen,4.50E+02,2,7.80E+07,93476,88238,53787,61.0,2694,5.01,369,0.69,22,0.04,109,0.12,281,0.32,20,0.023,17467,19.80,2392,13.69,9112,10.33,106,1.16,14758,84.49,256,0.29,2683,61.09,4392,no
C57BL/6,Intramuscular ,VAC-H5/NP,Spleen,4.50E+02,3,7.87E+07,94950,89201,51709,58.0,2990,5.78,389,0.75,18,0.03,100,0.11,331,0.37,26,0.029,19205,21.53,2260,11.77,10315,11.56,220,2.13,16709,87.00,256,0.29,2455,58.69,4183,no
C57BL/6,Intramuscular ,VAC-H5/NP,Spleen,4.50E+04,1,1.04E+08,91830,84397,49268,58.4,3118,6.33,637,1.29,70,0.14,137,0.16,375,0.44,17,0.020,17509,20.75,2105,12.02,9823,11.64,147,1.50,15196,86.79,260,0.31,1379,43.50,3170,no
C57BL/6,Intramuscular ,VAC-H5/NP,Spleen,4.50E+04,2,8.77E+07,93403,86180,46502,54.0,3144,6.76,675,1.45,68,0.15,168,0.19,428,0.50,17,0.020,19294,22.39,2388,12.38,11113,12.90,190,1.71,16757,86.85,271,0.31,1970,49.46,3983,no
C57BL/6,Intramuscular ,VAC-H5/NP,Spleen,4.50E+04,3,7.50E+07,93872,86077,50814,59.0,3139,6.18,580,1.14,39,0.08,164,0.19,562,0.65,40,0.046,17514,20.35,2237,12.77,10036,11.66,305,3.04,15132,86.40,259,0.30,2238,55.62,4024,no
C57BL/6,Intramuscular ,VAC-H5/NP,Spleen,4.50E+06,1,7.93E+07,89571,79906,45285,56.7,3396,7.50,613,1.35,44,0.10,304,0.38,623,0.78,31,0.039,14666,18.35,1589,10.83,9692,12.13,711,7.34,12885,87.86,363,0.45,2158,49.13,4392,Yes
C57BL/6,Intramuscular ,VAC-H5/NP,Spleen,4.50E+06,2,8.70E+07,88432,77245,43592,56.4,1790,4.11,443,1.02,40,0.09,412,0.53,493,0.64,34,0.044,14725,19.06,1725,11.71,9842,12.74,486,4.94,12756,86.63,333,0.43,2263,57.97,3904,Yes
C57BL/6,Intramuscular ,VAC-H5/NP,Spleen,4.50E+06,3,9.77E+07,91067,82374,52978,64.3,3782,7.14,464,0.88,36,0.07,185,0.22,349,0.42,23,0.028,13259,16.10,1801,13.58,8573,10.41,626,7.30,11245,84.81,117,0.14,1963,57.08,3439,Yes
C57BL/6,Intranasal,VAC-H5/NP,Spleen,PBS,1,9.27E+07,93109,86075,50923,59.2,3440,6.76,520,1.02,47,0.09,234,0.27,492,0.57,30,0.035,17713,20.58,2470,13.94,8936,10.38,49,0.55,15043,84.93,306,0.36,2377,55.28,4300,no
C57BL/6,Intranasal,VAC-H5/NP,Spleen,PBS,2,6.17E+07,93992,86412,49793,57.6,3442,6.91,587,1.18,27,0.05,180,0.21,522,0.60,43,0.050,18350,21.24,2251,12.27,10202,11.81,33,0.32,15959,86.97,300,0.35,2588,57.13,4530,no
C57BL/6,Intranasal,VAC-H5/NP,Spleen,PBS,3,7.80E+07,93820,87718,50704,57.8,2627,5.18,527,1.04,30,0.06,163,0.19,515,0.59,30,0.034,19389,22.10,2451,12.64,9902,11.29,39,0.39,16730,86.29,288,0.33,2279,55.07,4138,no
C57BL/6,Intranasal,VAC-H5/NP,Spleen,4.50E+02,1,9.13E+07,95615,89765,50442,56.2,2883,5.72,640,1.27,47,0.09,86,0.10,423,0.47,32,0.036,21927,24.43,3105,14.16,9933,11.07,41,0.41,18576,84.72,237,0.26,1946,50.64,3843,no
C57BL/6,Intranasal,VAC-H5/NP,Spleen,4.50E+02,2,9.33E+07,95318,89460,49976,55.9,2975,5.95,524,1.05,40,0.08,153,0.17,494,0.55,25,0.028,21441,23.97,2826,13.18,10663,11.92,35,0.33,18418,85.90,165,0.18,2327,57.60,4040,no
C57BL/6,Intranasal,VAC-H5/NP,Spleen,4.50E+02,3,8.57E+07,93650,87703,48344,55.1,2573,5.32,444,0.92,42,0.09,173,0.20,485,0.55,20,0.023,20319,23.17,2536,12.48,10708,12.21,73,0.68,17498,86.12,282,0.32,2774,59.41,4669,no
C57BL/6,Intranasal,VAC-H5/NP,Spleen,4.50E+04,1,7.53E+07,94316,89222,50135,56.2,2227,4.44,434,0.87,39,0.08,131,0.15,321,0.36,32,0.036,20912,23.44,2697,12.90,11890,13.33,107,0.90,17984,86.00,217,0.24,1831,54.38,3367,Maybe
C57BL/6,Intranasal,VAC-H5/NP,Spleen,4.50E+04,2,6.77E+07,92610,85625,52872,61.7,3465,6.55,707,1.34,28,0.05,211,0.25,452,0.53,26,0.030,16469,19.23,2318,14.07,9070,10.59,61,0.67,14002,85.02,248,0.29,2174,54.72,3973,Maybe
C57BL/6,Intranasal,VAC-H5/NP,Spleen,4.50E+04,3,5.60E+07,93808,81032,48614,60.0,3673,7.56,600,1.23,40,0.08,239,0.29,484,0.60,23,0.028,17501,21.60,2365,13.51,8511,10.50,11,0.13,15003,85.73,316,0.39,1506,47.72,3156,Maybe
C57BL/6,Intranasal,VAC-H5/NP,Spleen,4.50E+06,1,5.67E+07,93335,86499,49458,57.2,3616,7.31,666,1.35,46,0.09,119,0.14,397,0.46,33,0.038,18409,21.28,2504,13.60,10339,11.95,166,1.61,15734,85.47,455,0.53,2182,53.65,4067,Yes
C57BL/6,Intranasal,VAC-H5/NP,Spleen,4.50E+06,2,6.57E+07,94422,85809,51695,60.2,4410,8.53,724,1.40,72,0.14,174,0.20,544,0.63,30,0.035,18159,21.16,2510,13.82,8860,10.33,66,0.74,15494,85.32,287,0.33,1958,51.72,3786,Yes
C57BL/6,Intranasal,VAC-H5/NP,Spleen,4.50E+06,3,6.80E+07,94237,87330,55042,63.0,4093,7.44,644,1.17,52,0.09,164,0.19,622,0.71,29,0.033,15161,17.36,2249,14.83,9597,10.99,98,1.02,12786,84.33,340,0.39,2163,53.86,4016,Yes
BALB/c,Intramuscular ,VAC-H5/NP,Spleen,PBS,1,8.43E+07,92654,80520,43296,53.8,3565,8.23,646,1.49,20,0.05,101,0.13,114,0.14,188,0.233,19295,23.96,3318,17.20,10358,12.86,56,0.54,15315,79.37,83,0.10,3120,63.04,4949,no
BALB/c,Intramuscular ,VAC-H5/NP,Spleen,PBS,2,9.83E+07,93744,83078,45670,55.0,4764,10.43,756,1.66,22,0.05,85,0.10,114,0.14,166,0.200,19356,23.30,2980,15.40,10352,12.46,65,0.63,15701,81.12,71,0.09,3071,62.25,4933,no
BALB/c,Intramuscular ,VAC-H5/NP,Spleen,PBS,3,8.93E+07,92507,79108,46556,58.9,5933,12.74,906,1.95,44,0.09,132,0.17,142,0.18,184,0.233,15945,20.16,2437,15.28,8777,11.09,34,0.39,12982,81.42,170,0.21,2643,54.53,4847,no
BALB/c,Intramuscular ,VAC-H5/NP,Spleen,4.50E+02,1,7.83E+07,82658,73304,34115,46.5,2115,6.20,475,1.39,17,0.05,78,0.11,100,0.14,171,0.233,21258,29.00,3362,15.82,10656,14.54,64,0.60,17264,81.21,49,0.07,3154,65.45,4819,no
BALB/c,Intramuscular ,VAC-H5/NP,Spleen,4.50E+02,2,9.10E+07,91203,79076,43761,55.3,3659,8.36,857,1.96,58,0.13,163,0.21,140,0.18,169,0.214,19607,24.80,2658,13.56,8309,10.51,45,0.54,16341,83.34,179,0.23,2428,57.09,4253,no
BALB/c,Intramuscular ,VAC-H5/NP,Spleen,4.50E+02,3,6.80E+07,94137,83030,44837,54.0,3766,8.40,831,1.85,37,0.08,98,0.12,158,0.19,141,0.170,20840,25.10,3396,16.30,9776,11.77,60,0.61,16809,80.66,239,0.29,2886,59.94,4815,no
BALB/c,Intramuscular ,VAC-H5/NP,Spleen,4.50E+04,1,6.77E+07,92686,81996,44351,54.1,4805,10.83,1076,2.43,48,0.11,154,0.19,207,0.25,207,0.252,18990,23.16,2946,15.51,9692,11.82,509,5.25,15538,81.82,207,0.25,2970,56.47,5259,maybe
BALB/c,Intramuscular ,VAC-H5/NP,Spleen,4.50E+04,2,7.00E+07,90449,79797,44733,56.1,4322,9.66,1087,2.43,65,0.15,190,0.24,285,0.36,170,0.213,17333,21.72,2752,15.88,9459,11.85,479,5.06,14125,81.49,213,0.27,2445,52.25,4679,maybe
BALB/c,Intramuscular ,VAC-H5/NP,Spleen,4.50E+04,3,5.83E+07,92765,81823,48752,59.6,6220,12.76,1563,3.21,68,0.14,173,0.21,260,0.32,300,0.367,16351,19.98,2695,16.48,7939,9.70,270,3.40,13163,80.50,570,0.70,1962,40.76,4814,maybe
BALB/c,Intramuscular ,VAC-H5/NP,Spleen,4.50E+06,1,6.03E+07,93202,81329,44782,55.1,6214,13.88,1242,2.77,62,0.14,120,0.15,298,0.37,162,0.199,18628,22.90,2715,14.57,9282,11.41,1019,10.98,15474,83.07,332,0.41,2053,45.30,4532,Yes
BALB/c,Intramuscular ,VAC-H5/NP,Spleen,4.50E+06,2,6.80E+07,89932,76388,43899,57.5,5075,11.56,1338,3.05,70,0.16,187,0.24,288,0.38,181,0.237,16266,21.29,2503,15.39,8355,10.94,460,5.51,13298,81.75,369,0.48,2262,52.49,4309,Yes
BALB/c,Intramuscular ,VAC-H5/NP,Spleen,4.50E+06,3,7.73E+07,91893,81810,48818,59.7,5493,11.25,1219,2.50,55,0.11,176,0.22,284,0.35,142,0.174,17051,20.84,2512,14.73,7987,9.76,501,6.27,14107,82.73,202,0.25,2210,51.17,4319,Yes
BALB/c,Intranasal,VAC-H5/NP,Spleen,PBS,1,5.43E+07,93771,75525,41270,54.6,4457,10.80,1151,0.03,47,0.11,165,0.22,202,0.27,188,0.249,18921,25.05,3334,17.62,8478,11.23,16,0.19,14956,79.04,176,0.23,2510,56.79,4420,no
BALB/c,Intranasal,VAC-H5/NP,Spleen,PBS,2,6.17E+07,94164,76202,43275,56.8,5404,12.49,1116,0.03,72,0.17,171,0.22,245,0.32,193,0.253,17827,23.39,2872,16.11,7688,10.09,15,0.20,14329,80.38,423,0.56,2105,46.91,4487,no
BALB/c,Intranasal,VAC-H5/NP,Spleen,PBS,3,6.37E+07,94324,78368,45320,57.8,4979,10.99,1203,0.03,61,0.13,174,0.22,192,0.24,207,0.264,17834,22.76,3115,17.47,7818,9.98,17,0.22,14134,79.25,262,0.33,2498,52.45,4763,no
BALB/c,Intranasal,VAC-H5/NP,Spleen,4.50E+02,1,4.77E+07,92148,75960,44228,58.2,4644,10.50,1098,0.02,41,0.09,182,0.24,254,0.33,155,0.204,17222,22.67,2901,16.84,7633,10.05,34,0.45,13780,80.01,256,0.34,2106,50.36,4182,no
BALB/c,Intranasal,VAC-H5/NP,Spleen,4.50E+02,2,8.40E+07,93952,80246,46932,58.5,5056,10.77,1039,0.02,55,0.12,120,0.15,222,0.28,194,0.242,17883,22.29,3064,17.13,7851,9.78,20,0.25,14317,80.06,128,0.16,2544,53.68,4739,no
BALB/c,Intranasal,VAC-H5/NP,Spleen,4.50E+02,3,5.17E+07,93154,76355,47620,62.4,6742,14.16,1318,0.03,63,0.13,167,0.22,287,0.38,214,0.280,14766,19.34,2574,17.43,6979,9.14,12,0.17,11567,78.34,335,0.44,1783,41.49,4297,no
BALB/c,Intranasal,VAC-H5/NP,Spleen,4.50E+04,1,5.57E+07,91287,78176,43866,56.1,5097,11.62,906,0.02,52,0.12,257,0.33,297,0.38,261,0.334,17489,22.37,2606,14.90,8942,11.44,21,0.23,14335,81.97,501,0.64,2460,49.59,4961,maybe
BALB/c,Intranasal,VAC-H5/NP,Spleen,4.50E+04,2,7.00E+07,89551,76397,44868,58.7,4833,10.77,609,0.01,29,0.06,239,0.31,306,0.40,227,0.297,16744,21.92,3096,18.49,6226,8.15,52,0.84,12925,77.19,401,0.52,2956,55.96,5282,maybe
BALB/c,Intranasal,VAC-H5/NP,Spleen,4.50E+04,3,6.87E+07,92614,82293,48673,59.1,5612,11.53,1345,0.03,68,0.14,244,0.30,346,0.42,243,0.295,17888,21.74,2952,16.50,7626,9.27,28,0.37,14414,80.58,319,0.39,2654,51.77,5127,maybe
BALB/c,Intranasal,VAC-H5/NP,Spleen,4.50E+06,1,5.57E+07,90360,76906,43669,56.8,3984,9.12,1369,0.03,52,0.12,201,0.26,299,0.39,174,0.226,16949,22.04,2661,15.70,8142,10.59,426,5.23,13788,81.35,588,0.76,2928,57.57,5086,Yes
BALB/c,Intranasal,VAC-H5/NP,Spleen,4.50E+06,2,5.53E+07,91450,78496,48960,62.4,5063,10.34,1491,0.03,85,0.17,211,0.27,322,0.41,219,0.279,15563,19.83,2442,15.69,6245,7.96,284,4.55,12736,81.84,431,0.55,2539,53.17,4775,Yes
BALB/c,Intranasal,VAC-H5/NP,Spleen,4.50E+06,3,5.70E+07,90092,79518,47399,59.6,5883,12.41,1017,0.02,44,0.09,178,0.22,365,0.46,224,0.282,16339,20.55,2692,16.48,6821,8.58,136,1.99,13227,80.95,152,0.19,3606,58.38,6177,Yes