Experiment,Timepoint,Treatment,Tissue,Mouse,live.cd4tconv,cd4.treg,treg.cd103,treg.ly6c,cd4tconv.cd103,cd4tconv.ly6c,cd4tconv.cd44,cd4tconv.tbethi,cd4tconv.tbetmid,cd4tconv.th2,cd4tconv.mpec,cd4tconv.slec,live.cd8,CD8.CD44hi,CD8.CD103,CD8.GrzmB,CD8.Tbethi.Ly6Chi,CD8.Tbethi.Ly6Clo,CD8.VacTet,CD8.Ly6C,CD8.VacTet.MFI,ILC1,ILC2,NK,Neutro,Macro,Mo0,mo0.CD11c,mo0.CD11cneg,DC,B.naive.FO,B.memory,B.plasma,B.GC,B.immature,NK.GrzmB,Target
C57BL/6,PBS,Intramuscular ,Lung,1,85.2,14.81,,,,,,,,,,,0.91,,,5.26,,,,,,,,,,,13.08,,,16.54,,6.41,,,,,no
C57BL/6,PBS,Intramuscular ,Lung,2,88.8,11.2,,,,,,,,,,,1.24,,,8.0,,,,,,,,,,,11.9,,,15.08,,14.0,,,,,no
C57BL/6,PBS,Intramuscular ,Lung,3,85.2,13.93,,,,,,,,,,,1.47,,,0.0,,,,,,,,,,,9.42,,,14.72,,5.22,,,,,no
C57BL/6,4.50E+02,Intramuscular ,Lung,1,94.4,5.6,,,,,,,,,,,0.63,,,12.5,,,,,,,,,,,11.33,,,14.42,,2.94,,,,,no
C57BL/6,4.50E+02,Intramuscular ,Lung,2,85.5,14.36,,,,,,,,,,,3.3,,,8.78,,,,,,,,,,,5.04,,,5.07,,11.42,,,,,no
C57BL/6,4.50E+02,Intramuscular ,Lung,3,91.6,8.36,,,,,,,,,,,3.21,,,11.96,,,,,,,,,,,8.96,,,10.56,,6.44,,,,,no
C57BL/6,4.50E+04,Intramuscular ,Lung,1,94.2,5.7,,,,,,,,,,,2.97,,,18.92,,,,,,,,,,,5.78,,,7.08,,25.33,,,,,no
C57BL/6,4.50E+04,Intramuscular ,Lung,2,96.4,3.46,,,,,,,,,,,3.08,,,25.21,,,,,,,,,,,7.81,,,9.46,,11.11,,,,,no
C57BL/6,4.50E+04,Intramuscular ,Lung,3,86.0,13.52,,,,,,,,,,,3.63,,,18.41,,,,,,,,,,,3.31,,,3.66,,10.56,,,,,no
C57BL/6,4.50E+06,Intramuscular ,Lung,1,95.0,4.99,,,,,,,,,,,3.65,,,31.62,,,,,,,,,,,6.39,,,9.16,,26.38,,,,,Yes
C57BL/6,4.50E+06,Intramuscular ,Lung,2,93.9,6.15,,,,,,,,,,,2.46,,,12.9,,,,,,,,,,,7.15,,,11.01,,11.19,,,,,Yes
C57BL/6,4.50E+06,Intramuscular ,Lung,3,92.0,8.0,,,,,,,,,,,3.63,,,16.19,,,,,,,,,,,7.22,,,9.53,,12.56,,,,,Yes
C57BL/6,PBS,Intranasal,Lung,1,92.4,7.59,,,,,,,,,,,1.1,,,0.0,,,,,,,,,,,16.13,,,19.78,,11.86,,,,,no
C57BL/6,PBS,Intranasal,Lung,2,81.9,17.62,,,,,,,,,,,1.16,,,2.78,,,,,,,,,,,11.23,,,13.06,,11.49,,,,,no
C57BL/6,PBS,Intranasal,Lung,3,92.9,7.14,,,,,,,,,,,1.02,,,7.69,,,,,,,,,,,16.41,,,16.09,,7.69,,,,,no
C57BL/6,4.50E+02,Intranasal,Lung,1,90.6,8.49,,,,,,,,,,,1.51,,,3.33,,,,,,,,,,,10.54,,,13.47,,12.45,,,,,no
C57BL/6,4.50E+02,Intranasal,Lung,2,84.1,15.15,,,,,,,,,,,3.29,,,4.84,,,,,,,,,,,12.67,,,13.99,,7.75,,,,,no
C57BL/6,4.50E+02,Intranasal,Lung,3,89.7,9.85,,,,,,,,,,,2.08,,,7.5,,,,,,,,,,,8.49,,,10.78,,7.89,,,,,no
C57BL/6,4.50E+04,Intranasal,Lung,1,86.3,13.73,,,,,,,,,,,0.81,,,11.76,,,,,,,,,,,9.99,,,13.66,,9.45,,,,,Maybe
C57BL/6,4.50E+04,Intranasal,Lung,2,90.4,9.24,,,,,,,,,,,6.4,,,21.92,,,,,,,,,,,8.33,,,11.14,,7.69,,,,,Maybe
C57BL/6,4.50E+04,Intranasal,Lung,3,78.3,20.11,,,,,,,,,,,1.36,,,8.82,,,,,,,,,,,14.09,,,17.7,,6.67,,,,,Maybe
C57BL/6,4.50E+06,Intranasal,Lung,1,91.9,7.89,,,,,,,,,,,7.62,,,16.71,,,,,,,,,,,6.37,,,8.91,,19.3,,,,,Yes
C57BL/6,4.50E+06,Intranasal,Lung,2,96.6,3.33,,,,,,,,,,,25.02,,,27.7,,,,,,,,,,,6.44,,,6.73,,27.5,,,,,Yes
C57BL/6,4.50E+06,Intranasal,Lung,3,95.9,3.99,,,,,,,,,,,11.48,,,31.15,,,,,,,,,,,5.96,,,8.05,,32.1,,,,,Yes
BALB/c,PBS,Intramuscular ,Lung,1,,,,,,,,,,,,,,,,,,,,,,,,,,,,,,,,,,,,,no
BALB/c,PBS,Intramuscular ,Lung,2,78.67,20.36,,,,,,,,,,,6.5,,,0.0,,,,,,,,,,,5.17,,,4.43,,9.49,,,,,no
BALB/c,PBS,Intramuscular ,Lung,3,77.73,21.62,,,,,,,,,,,7.55,,,0.0,,,,,,,,,,,5.11,,,3.71,,3.79,,,,,no
BALB/c,4.50E+02,Intramuscular ,Lung,1,91.58,8.42,,,,,,,,,,,0.84,,,0.0,,,,,,,,,,,6.37,,,4.96,,18.87,,,,,no
BALB/c,4.50E+02,Intramuscular ,Lung,2,81.72,17.91,,,,,,,,,,,2.73,,,0.0,,,,,,,,,,,5.21,,,4.19,,11.54,,,,,no
BALB/c,4.50E+02,Intramuscular ,Lung,3,87.5,12.13,,,,,,,,,,,3.38,,,0.0,,,,,,,,,,,3.75,,,1.92,,6.56,,,,,no
BALB/c,4.50E+04,Intramuscular ,Lung,1,83.78,16.22,,,,,,,,,,,2.95,,,33.9,,,,,,,,,,,5.05,,,4.2,,14.47,,,,,maybe
BALB/c,4.50E+04,Intramuscular ,Lung,2,82.47,17.53,,,,,,,,,,,1.34,,,5.56,,,,,,,,,,,3.42,,,2.23,,17.03,,,,,maybe
BALB/c,4.50E+04,Intramuscular ,Lung,3,86.29,13.71,,,,,,,,,,,2.02,,,27.59,,,,,,,,,,,4.18,,,3.35,,24.72,,,,,maybe
BALB/c,4.50E+06,Intramuscular ,Lung,1,84.21,15.79,,,,,,,,,,,3.4,,,20.0,,,,,,,,,,,5.14,,,2.5,,5.88,,,,,Yes
BALB/c,4.50E+06,Intramuscular ,Lung,2,78.46,20.92,,,,,,,,,,,11.44,,,1.39,,,,,,,,,,,1.98,,,2.16,,2.17,,,,,Yes
BALB/c,4.50E+06,Intramuscular ,Lung,3,83.05,16.95,,,,,,,,,,,2.0,,,11.76,,,,,,,,,,,0.35,,,0.24,,20.59,,,,,Yes
BALB/c,PBS,Intranasal,Lung,1,82.1,17.01,,,,,,,,,,,6.65,,,0.0,,,,,,,,,,,0.03,,,2.44,,1.52,,,,,no
BALB/c,PBS,Intranasal,Lung,2,73.2,26.32,,,,,,,,,,,1.62,,,0.0,,,,,,,,,,,0.08,,,5.08,,3.12,,,,,no
BALB/c,PBS,Intranasal,Lung,3,82.2,17.28,,,,,,,,,,,3.18,,,1.41,,,,,,,,,,,0.04,,,2.28,,1.39,,,,,no
BALB/c,4.50E+02,Intranasal,Lung,1,81.8,18.22,,,,,,,,,,,3.68,,,0.0,,,,,,,,,,,0.03,,,1.6,,4.97,,,,,no
BALB/c,4.50E+02,Intranasal,Lung,2,74.3,24.78,,,,,,,,,,,1.53,,,3.85,,,,,,,,,,,0.04,,,3.96,,2.54,,,,,no
BALB/c,4.50E+02,Intranasal,Lung,3,82.4,17.56,,,,,,,,,,,4.47,,,0.0,,,,,,,,,,,0.06,,,4.97,,2.06,,,,,no
BALB/c,4.50E+04,Intranasal,Lung,1,85.4,14.58,,,,,,,,,,,1.03,,,0.0,,,,,,,,,,,0.03,,,2.68,,1.34,,,,,maybe
BALB/c,4.50E+04,Intranasal,Lung,2,75.9,23.15,,,,,,,,,,,4.0,,,8.89,,,,,,,,,,,0.04,,,4.54,,0.89,,,,,maybe
BALB/c,4.50E+04,Intranasal,Lung,3,88.3,11.67,,,,,,,,,,,6.16,,,11.5,,,,,,,,,,,0.03,,,4.36,,2.83,,,,,maybe
BALB/c,4.50E+06,Intranasal,Lung,1,84.5,15.13,,,,,,,,,,,11.9,,,21.27,,,,,,,,,,,0.01,,,1.37,,1.57,,,,,Yes
BALB/c,4.50E+06,Intranasal,Lung,2,84.5,15.2,,,,,,,,,,,11.24,,,22.66,,,,,,,,,,,0.01,,,1.35,,1.53,,,,,Yes
BALB/c,4.50E+06,Intranasal,Lung,3,87.7,11.79,,,,,,,,,,,11.83,,,0.34,,,,,,,,,,,0.01,,,1.22,,0.73,,,,,Yes
C57BL/6,PBS,Intramuscular ,Spleen,1,86.89,11.07,,,,,,,,,,,11.01,,,1.2,,,,,,,,0.03,0.46,0.22,65.75,,,0.39,,0.63,0.02,,,,no
C57BL/6,PBS,Intramuscular ,Spleen,2,87.76,10.45,,,,,,,,,,,10.68,,,1.3,,,,,,,,0.032,0.42,0.23,56.55,,,0.32,,0.56,0.05,,,,no
C57BL/6,PBS,Intramuscular ,Spleen,3,87.54,10.78,,,,,,,,,,,12.92,,,1.14,,,,,,,,0.039,0.53,0.33,63.97,,,0.45,,0.78,0.05,,,,no
C57BL/6,4.50E+02,Intramuscular ,Spleen,1,86.68,12.29,,,,,,,,,,,9.82,,,0.8,,,,,,,,0.027,0.56,0.2,56.11,,,0.49,,0.88,0.06,,,,no
C57BL/6,4.50E+02,Intramuscular ,Spleen,2,84.49,13.69,,,,,,,,,,,10.33,,,1.16,,,,,,,,0.023,0.29,0.12,61.09,,,0.32,,0.69,0.04,,,,no
C57BL/6,4.50E+02,Intramuscular ,Spleen,3,87.0,11.77,,,,,,,,,,,11.56,,,2.13,,,,,,,,0.029,0.29,0.11,58.69,,,0.37,,0.75,0.03,,,,no
C57BL/6,4.50E+04,Intramuscular ,Spleen,1,86.79,12.02,,,,,,,,,,,11.64,,,1.5,,,,,,,,0.02,0.31,0.16,43.5,,,0.44,,1.29,0.14,,,,no
C57BL/6,4.50E+04,Intramuscular ,Spleen,2,86.85,12.38,,,,,,,,,,,12.9,,,1.71,,,,,,,,0.02,0.31,0.19,49.46,,,0.5,,1.45,0.15,,,,no
C57BL/6,4.50E+04,Intramuscular ,Spleen,3,86.4,12.77,,,,,,,,,,,11.66,,,3.04,,,,,,,,0.046,0.3,0.19,55.62,,,0.65,,1.14,0.08,,,,no
C57BL/6,4.50E+06,Intramuscular ,Spleen,1,87.86,10.83,,,,,,,,,,,12.13,,,7.34,,,,,,,,0.039,0.45,0.38,49.13,,,0.78,,1.35,0.1,,,,Yes
C57BL/6,4.50E+06,Intramuscular ,Spleen,2,86.63,11.71,,,,,,,,,,,12.74,,,4.94,,,,,,,,0.044,0.43,0.53,57.97,,,0.64,,1.02,0.09,,,,Yes
C57BL/6,4.50E+06,Intramuscular ,Spleen,3,84.81,13.58,,,,,,,,,,,10.41,,,7.3,,,,,,,,0.028,0.14,0.22,57.08,,,0.42,,0.88,0.07,,,,Yes
C57BL/6,PBS,Intranasal,Spleen,1,84.93,13.94,,,,,,,,,,,10.38,,,0.55,,,,,,,,0.035,0.36,0.27,55.28,,,0.57,,1.02,0.09,,,,no
C57BL/6,PBS,Intranasal,Spleen,2,86.97,12.27,,,,,,,,,,,11.81,,,0.32,,,,,,,,0.05,0.35,0.21,57.13,,,0.6,,1.18,0.05,,,,no
C57BL/6,PBS,Intranasal,Spleen,3,86.29,12.64,,,,,,,,,,,11.29,,,0.39,,,,,,,,0.034,0.33,0.19,55.07,,,0.59,,1.04,0.06,,,,no
C57BL/6,4.50E+02,Intranasal,Spleen,1,84.72,14.16,,,,,,,,,,,11.07,,,0.41,,,,,,,,0.036,0.26,0.1,50.64,,,0.47,,1.27,0.09,,,,no
C57BL/6,4.50E+02,Intranasal,Spleen,2,85.9,13.18,,,,,,,,,,,11.92,,,0.33,,,,,,,,0.028,0.18,0.17,57.6,,,0.55,,1.05,0.08,,,,no
C57BL/6,4.50E+02,Intranasal,Spleen,3,86.12,12.48,,,,,,,,,,,12.21,,,0.68,,,,,,,,0.023,0.32,0.2,59.41,,,0.55,,0.92,0.09,,,,no
C57BL/6,4.50E+04,Intranasal,Spleen,1,86.0,12.9,,,,,,,,,,,13.33,,,0.9,,,,,,,,0.036,0.24,0.15,54.38,,,0.36,,0.87,0.08,,,,Maybe
C57BL/6,4.50E+04,Intranasal,Spleen,2,85.02,14.07,,,,,,,,,,,10.59,,,0.67,,,,,,,,0.03,0.29,0.25,54.72,,,0.53,,1.34,0.05,,,,Maybe
C57BL/6,4.50E+04,Intranasal,Spleen,3,85.73,13.51,,,,,,,,,,,10.5,,,0.13,,,,,,,,0.028,0.39,0.29,47.72,,,0.6,,1.23,0.08,,,,Maybe
C57BL/6,4.50E+06,Intranasal,Spleen,1,85.47,13.6,,,,,,,,,,,11.95,,,1.61,,,,,,,,0.038,0.53,0.14,53.65,,,0.46,,1.35,0.09,,,,Yes
C57BL/6,4.50E+06,Intranasal,Spleen,2,85.32,13.82,,,,,,,,,,,10.33,,,0.74,,,,,,,,0.035,0.33,0.2,51.72,,,0.63,,1.4,0.14,,,,Yes
C57BL/6,4.50E+06,Intranasal,Spleen,3,84.33,14.83,,,,,,,,,,,10.99,,,1.02,,,,,,,,0.033,0.39,0.19,53.86,,,0.71,,1.17,0.09,,,,Yes
BALB/c,PBS,Intramuscular ,Spleen,1,79.37,17.2,,,,,,,,,,,12.86,,,0.54,,,,,,,,0.233,0.1,0.13,63.04,,,0.14,,1.49,0.05,,,,no
BALB/c,PBS,Intramuscular ,Spleen,2,81.12,15.4,,,,,,,,,,,12.46,,,0.63,,,,,,,,0.2,0.09,0.1,62.25,,,0.14,,1.66,0.05,,,,no
BALB/c,PBS,Intramuscular ,Spleen,3,81.42,15.28,,,,,,,,,,,11.09,,,0.39,,,,,,,,0.233,0.21,0.17,54.53,,,0.18,,1.95,0.09,,,,no
BALB/c,4.50E+02,Intramuscular ,Spleen,1,81.21,15.82,,,,,,,,,,,14.54,,,0.6,,,,,,,,0.233,0.07,0.11,65.45,,,0.14,,1.39,0.05,,,,no
BALB/c,4.50E+02,Intramuscular ,Spleen,2,83.34,13.56,,,,,,,,,,,10.51,,,0.54,,,,,,,,0.214,0.23,0.21,57.09,,,0.18,,1.96,0.13,,,,no
BALB/c,4.50E+02,Intramuscular ,Spleen,3,80.66,16.3,,,,,,,,,,,11.77,,,0.61,,,,,,,,0.17,0.29,0.12,59.94,,,0.19,,1.85,0.08,,,,no
BALB/c,4.50E+04,Intramuscular ,Spleen,1,81.82,15.51,,,,,,,,,,,11.82,,,5.25,,,,,,,,0.252,0.25,0.19,56.47,,,0.25,,2.43,0.11,,,,maybe
BALB/c,4.50E+04,Intramuscular ,Spleen,2,81.49,15.88,,,,,,,,,,,11.85,,,5.06,,,,,,,,0.213,0.27,0.24,52.25,,,0.36,,2.43,0.15,,,,maybe
BALB/c,4.50E+04,Intramuscular ,Spleen,3,80.5,16.48,,,,,,,,,,,9.7,,,3.4,,,,,,,,0.367,0.7,0.21,40.76,,,0.32,,3.21,0.14,,,,maybe
BALB/c,4.50E+06,Intramuscular ,Spleen,1,83.07,14.57,,,,,,,,,,,11.41,,,10.98,,,,,,,,0.199,0.41,0.15,45.3,,,0.37,,2.77,0.14,,,,Yes
BALB/c,4.50E+06,Intramuscular ,Spleen,2,81.75,15.39,,,,,,,,,,,10.94,,,5.51,,,,,,,,0.237,0.48,0.24,52.49,,,0.38,,3.05,0.16,,,,Yes
BALB/c,4.50E+06,Intramuscular ,Spleen,3,82.73,14.73,,,,,,,,,,,9.76,,,6.27,,,,,,,,0.174,0.25,0.22,51.17,,,0.35,,2.5,0.11,,,,Yes
BALB/c,PBS,Intranasal,Spleen,1,79.04,17.62,,,,,,,,,,,11.23,,,0.19,,,,,,,,0.249,0.23,0.22,56.79,,,0.27,,0.03,0.11,,,,no
BALB/c,PBS,Intranasal,Spleen,2,80.38,16.11,,,,,,,,,,,10.09,,,0.2,,,,,,,,0.253,0.56,0.22,46.91,,,0.32,,0.03,0.17,,,,no
BALB/c,PBS,Intranasal,Spleen,3,79.25,17.47,,,,,,,,,,,9.98,,,0.22,,,,,,,,0.264,0.33,0.22,52.45,,,0.24,,0.03,0.13,,,,no
BALB/c,4.50E+02,Intranasal,Spleen,1,80.01,16.84,,,,,,,,,,,10.05,,,0.45,,,,,,,,0.204,0.34,0.24,50.36,,,0.33,,0.02,0.09,,,,no
BALB/c,4.50E+02,Intranasal,Spleen,2,80.06,17.13,,,,,,,,,,,9.78,,,0.25,,,,,,,,0.242,0.16,0.15,53.68,,,0.28,,0.02,0.12,,,,no
BALB/c,4.50E+02,Intranasal,Spleen,3,78.34,17.43,,,,,,,,,,,9.14,,,0.17,,,,,,,,0.28,0.44,0.22,41.49,,,0.38,,0.03,0.13,,,,no
BALB/c,4.50E+04,Intranasal,Spleen,1,81.97,14.9,,,,,,,,,,,11.44,,,0.23,,,,,,,,0.334,0.64,0.33,49.59,,,0.38,,0.02,0.12,,,,maybe
BALB/c,4.50E+04,Intranasal,Spleen,2,77.19,18.49,,,,,,,,,,,8.15,,,0.84,,,,,,,,0.297,0.52,0.31,55.96,,,0.4,,0.01,0.06,,,,maybe
BALB/c,4.50E+04,Intranasal,Spleen,3,80.58,16.5,,,,,,,,,,,9.27,,,0.37,,,,,,,,0.295,0.39,0.3,51.77,,,0.42,,0.03,0.14,,,,maybe
BALB/c,4.50E+06,Intranasal,Spleen,1,81.35,15.7,,,,,,,,,,,10.59,,,5.23,,,,,,,,0.226,0.76,0.26,57.57,,,0.39,,0.03,0.12,,,,Yes
BALB/c,4.50E+06,Intranasal,Spleen,2,81.84,15.69,,,,,,,,,,,7.96,,,4.55,,,,,,,,0.279,0.55,0.27,53.17,,,0.41,,0.03,0.17,,,,Yes
BALB/c,4.50E+06,Intranasal,Spleen,3,80.95,16.48,,,,,,,,,,,8.58,,,1.99,,,,,,,,0.282,0.19,0.22,58.38,,,0.46,,0.02,0.09,,,,Yes
