Treatment,Tissue,Target,Mouse_pre,Mouse_peak,Block_ID,live.cd4tconv,cd4.treg,treg.cd103,treg.ly6c,cd4tconv.cd103,cd4tconv.ly6c,cd4tconv.cd44,cd4tconv.tbethi,cd4tconv.tbetmid,cd4tconv.th2,cd4tconv.mpec,cd4tconv.slec,live.cd8,CD8.CD44hi,CD8.CD103,CD8.GrzmB,CD8.Tbethi.Ly6Chi,CD8.Tbethi.Ly6Clo,CD8.VacTet,CD8.Ly6C,CD8.VacTet.MFI,ILC1,ILC2,NK,Neutro,Macro,Mo0,mo0.CD11c,mo0.CD11cneg,DC,B.naive.FO,B.memory,B.plasma,B.GC,B.immature,NK.GrzmB,target
PBS,SPL,0.0,R1-2,A3,2,-0.9150928143323347,0.6930978574250752,1.6767505753490395,0.3188714732581793,0.9532319132833114,0.48616965116859595,-0.4739388595521042,-0.7852999497748546,1.2034266442477104,-0.2952423722574512,0.8002809320370508,-0.48475754479875127,-0.18082291658674102,-0.2874098976921818,-0.7007051474044164,-0.7782205390154835,-0.1307979023396915,-0.14431909872212162,0.3077674510018668,-0.2574311375254576,0.054007639357933575,0.2703013955839383,0.7342475906693247,-0.41903387012082316,1.0035053867092492,-0.18686244584825135,-0.598900355011207,-0.9865623119443652,-0.4420827887998465,-1.1723816178812334,-0.3530867049957969,0.7078608885175286,-0.4509914287591567,1.2353157571420645,-0.3526622326267035,-0.6819720975449416,1
PBS,SPL,0.0,R1-3,A2,0,-0.5252413269868205,0.559300293954707,-0.6014284119987696,0.019754136250705177,-0.29686985522420484,-0.4113481632988347,-0.5445722531968799,-0.3504444572715787,0.552492531262404,-0.1262055075596354,0.6010988159863447,-0.3062442719952106,-0.40639375915265347,-0.21418583219739235,-0.1986574026916682,0.5643785857750879,0.0013399608219198853,0.2579602842818246,0.2981795588436118,-0.6630153007940243,0.11107759759651185,0.22532506908498026,0.4190542101315368,-0.8450933481783441,-0.22667463690814169,-0.0017403561665237297,-0.7321644588541233,-0.605290226021719,-0.6321862316613801,-0.38827578305880867,-0.9188328206330305,0.5454429586619174,-0.020194623120229353,-0.16744077809565702,-0.3077489034621132,-0.7467135526041235,1
PBS,SPL,0.0,R1-4,A1,3,-0.6524307429551282,0.49131228664769816,-0.07916721835507361,-0.46180216869668206,-0.2911798050489153,-0.6310077418797669,-1.5113338473565876,-2.2184455533870167,-0.3661332795726044,-0.5942783250285409,0.027801064840256157,-1.4294296421537194,-0.12044882007284372,-1.762786423184853,-0.6266595676317491,-0.8452013205517354,-0.650012613420646,-0.591589087403655,-0.7055033428664824,-0.6163420663471149,0.039862905567610615,-0.10754672992810112,0.5552014121373817,-1.0185777541324612,0.15971825352377914,-0.5313039169817781,-0.6508861617913264,-0.6248389826429299,-0.45648478468404324,-1.4014756264640797,-1.6721033577724898,0.26958805241653844,-0.575870397869945,0.46669890551916704,0.3511084324462377,-0.677063315906063,1
PBS,SPL,0.0,R1-5,A5,1,2.2667229608513355,2.153304411747521,-3.750191984048532,-1.1563712331458145,-2.5843589429163756,-1.3910889167054796,-1.6970976282039318,-0.602038644290257,-1.0352651122010463,-0.4725584491178321,-0.12525307777164227,-0.8401479165544173,1.2644907102232568,-1.7364208030508193,0.8319753314154574,-2.813390569886278,-1.0817384752411388,-0.9358531210979714,-1.791731119221712,-0.7739347587450356,0.1260422363954853,-0.08617685147740292,0.7323439097610991,-1.502332550730144,-2.451459734253538,-1.4385915733828587,0.19875524354313195,1.1130123453480636,-0.06610828303728687,0.838266250022085,-0.997840347837417,-0.8142787359584563,-0.45421550544605444,0.05781976989324418,0.03656993643714532,-0.5321441883003468,1
DPP15.TS,SPL,1.0,R2-1,C1,3,-0.26311538748490715,0.07523354082574162,-0.10712407691212986,0.1936653982369335,-0.32934528022651116,-0.5179298522401204,-0.16512807204164506,0.19760228125956006,0.13300237126011824,-0.1295395651789209,0.6291498929013738,-0.11989317886086373,-0.18011517507157002,-0.12153709087276449,0.1118030677191525,0.6490943376467774,0.22016855044534106,0.5303158156961979,-0.44508520272472635,-0.5677000710917769,-0.077446803981554,-0.0036926180914543826,0.07899817618201987,-0.5038474490533575,-1.074955489404348,0.18164793468525844,-0.5669517746318945,-0.47431747289328025,-0.480434899650018,-0.9853915533946263,-0.1361177834823713,-0.19510793579001098,-0.21720445313119782,0.20913606083411257,-0.5852970141489916,-0.44581078524166323,0
DPP15.TS,SPL,1.0,R2-2,C2,0,0.2223151831001818,0.3505370086586171,-0.8663761868757623,-0.05798774838033209,-0.8511209334595901,-0.7166328600331264,-0.11457991413197299,0.3318306084783693,0.2836182143015595,-0.35762704263522727,0.8364725891614705,-0.07022393757669194,-0.16070727003948615,-0.2252563326985911,0.49890333273133836,0.9108370468029697,0.03648575479580056,0.36345999479216445,-0.3892112033870644,-0.4799797713346941,-0.015332116185931588,-0.20235769855081123,0.02601324471482971,-1.0452360747415512,-1.1905309139205678,0.4174545594088092,-0.7879681221604984,-0.5211994588183082,-0.72722109504528,-1.144113396367294,-0.1588491322117578,-0.031702972809686154,-0.277506222815968,-0.11670400865095984,-0.181204125920947,-0.5438227855537736,0
DPP15.TS,SPL,1.0,R2-3,C3,2,-0.4550213715602161,0.706414968719317,0.5704420370171459,0.06264688043105954,0.40743244908256815,-0.2187472520342152,0.35467634716753443,0.07675849072028708,0.9382966829662971,-0.2811285858816301,0.8497015831463535,-0.10181471567762633,-0.310091643743573,0.39053757679919227,0.7428058882966785,-1.2709227086487866,-0.025586201182370205,0.4028171592784389,-0.05022885734531553,-0.4017227247827035,0.0223676829644739,0.03482756555416264,-0.06175135018345053,-0.7339547654525616,-0.5123285766877446,0.3992417394141119,-0.6689061518928912,-0.24418037031811488,-0.5806745136508796,-0.06601687475517186,-0.18589149577010053,-0.005474821051046364,-0.09538718218113267,0.5102964316217318,-0.8468009499790492,-0.7583041187056762,0
DPP15.TS,SPL,1.0,R2-4,C4,4,0.36821130339541575,-0.2727891580004287,-0.42639208554006436,-0.08553480242876046,-0.5364952876675683,-0.8660295385523562,-0.49233231058103755,-0.03787871482380991,0.11266789019359486,-0.11534664836315796,0.4736944928911179,-0.2014941389757101,0.45350192651516025,-0.1971424902178812,-0.27012163419970847,-0.8354065532058668,0.14701477257039564,0.12766844665897115,0.5080678295009746,-0.5836756812466084,0.1330693991577991,0.2043087875866709,0.07527401603358742,0.07662577622377711,-0.4901615558171668,0.13706182180643994,0.055581654361816814,-0.19205222449084933,-0.17605958008902242,-0.15682352487151752,-0.034777993887911245,0.4533035914732768,-0.24480624980992635,0.16328386943529663,-0.6668500004649601,-0.567994700820053,0
DPP15.TS,SPL,1.0,R2-5,C5,1,0.3745022422008962,-0.1412736615676524,-0.6366611622138176,0.362054550952543,-0.5922564393369586,-0.8907515247405619,-0.5064029932682909,-0.048167491438886635,-0.5905184949880187,-0.034874157439004835,0.04798398347176204,-0.26476307087440853,0.031840394207667565,-0.48693635524715106,-0.3313206392148305,0.15409903967968352,-0.1233749944053737,-0.034766894220601356,-0.42510591465499037,-0.4547370397922672,0.036602447661962766,-0.021989495374270328,0.1170057907396016,-0.7280472072170047,-1.0422005100063003,-0.22852669877354215,-0.7476225705136763,-0.6963498878862412,-0.6211662601656882,-1.3559241585731172,0.11119257970961263,-0.5036410920955966,-0.28696900306586665,-0.046798780340250416,-0.4188079490066611,-0.602947279608,0
DPP15.IN,SPL,0.0,R3-1,E1,3,-0.32420647639405636,0.6292968787473002,0.07613914571072994,0.0850962322362038,-0.021005285124082188,0.12480077426692689,-1.036457410838545,-2.04325826159284,-0.20564967891932445,-0.7221050451588229,0.2090905354274636,-1.7105231645206525,-0.618899188598016,-0.630756510171846,0.5744327590944348,-1.5399570096326851,-0.9437660797531728,-0.8895443770183444,-0.18367132900661567,-0.5660004881039645,0.144690322586236,-0.21824598443619816,0.41037429094160394,-1.083248791946485,0.7262537379237255,0.35560110790141647,-0.7479821200796657,-0.5080406062877066,-0.580394285178757,-1.0595536114094506,-1.1166419924618274,0.015480488277453196,-0.10897250798965734,-0.42931738965855726,-0.09502100034674901,-1.030113758665968,0
DPP15.IN,SPL,0.0,R3-2,E2,0,-0.6043416093186923,0.4221029583460305,-0.7015595467111974,0.34015172487686074,-0.3711852855628281,0.5047496197848441,-0.44799318682498174,-0.8400454319964828,0.6585684340855232,-0.4238837584515196,0.4410558387134664,-0.8224000097370888,-0.09348297110744777,-0.06229774757852966,-0.5852387743772884,-0.218277400250246,-0.3109813423517318,-0.5664061346315753,0.18495500501283507,-0.29338856636066796,0.09002803705624228,0.1817729111714717,0.0705753864710647,-0.18876900509216551,0.4355557101870969,0.36385794210047906,-0.1501942751094658,-0.6277715623997419,-0.1268636974019136,-0.9770881651291765,-0.2821580830935003,0.49766370293599155,-0.3412719140242731,-0.318890246756037,-0.6243384237362437,-0.8080767280672402,0
DPP15.IN,SPL,0.0,R3-3,E3,2,0.05618931952963597,0.5728070705817395,0.0944954983063784,-0.19283422862523247,0.10635735236158012,-0.8218917800376176,-0.5096613480402892,-0.4399217118193523,0.13607407596831167,-0.32243658978068485,0.48399939803284847,-0.47503281509853756,0.3361189167931146,-0.3487052528118785,-0.32489009265784713,-0.020968908002609928,-0.1781835042617584,0.2320913906741876,-0.21157704058402804,-0.6197962493624685,0.10274276861797191,0.1858533840938488,0.5110859736496837,-1.2638562072245711,-0.5974745830971036,0.37959943585664646,-0.8953564029734099,-0.3649968678241574,-0.6811916944574,-0.33223861020433826,-0.964144511734327,-0.282275648376787,-0.013680698501429634,-0.040035731906570296,-0.2585877950664711,-1.2459171662783366,0
DPP15.IN,SPL,0.0,R3-4,E4,4,-0.456401813615468,0.6726803403187682,-0.8546143935857864,-0.07530146584861461,-0.3617003008405032,-0.07533698016517412,-0.5568522185269852,-1.3123423562211791,-0.16662698373484922,-0.2348050915200873,0.03787734452752424,-1.303695124457662,-0.3098901101748399,-0.5350743140129428,-0.8308523899216405,-1.1826463224218566,-0.33306228503854296,-0.4763739637940151,-0.5214321058082683,-0.5378876624363619,0.06127319148069267,0.09509575991480057,0.0760593324063771,-0.9654172677111892,0.4047075956242733,0.20268546551100558,-0.7652992102714228,-0.5954345658685399,-0.5374848413373543,-1.183834560978474,-0.7027615388351132,0.37548070253827304,-0.07134986081363245,-0.027224062850692878,-0.4846937268801893,-0.803126893096713,0
DPP15.IN,SPL,0.0,R3-5,E5,1,0.2701705195516324,0.22743773904102896,-0.9152223572922333,-0.05121657916601584,-1.0330806989641461,-0.19775623208830878,-0.38781434893517586,-0.4905885644938428,0.09363493376189695,-0.13879964720385185,0.3795621108053262,-0.332774164541125,0.3641023605632551,-0.06529811235149884,-0.9058665305563216,-1.2010838451416286,-0.28675945238323064,-0.0090540368333923,-0.9652933086811841,-0.49835961261809186,-0.13491417041253143,0.10524446802773557,0.031149202316425102,-0.5191389203243935,-0.42922012278854893,0.3819507923835293,-0.7898637642446921,-0.2859662413462612,-0.6108845373243403,-0.8065507854255604,-0.645485240896002,-0.41086137617782864,-0.33901856870405994,-0.6767724933904813,-0.4277202077128945,-0.706274313024471,0
PBS,Lung,0.0,R1-2,A3,0,-1.6691306524819924,-0.03561650612587512,2.1625318824217814,0.5817393634268977,-0.11336270701738406,2.4670784688797744,-0.18232146386979056,0.4045704813169258,1.7963597296836358,-0.6485061375800357,1.8904177909477293,1.479856587850061,-1.0870683028899593,-0.24954335194494376,-0.3369552132402419,0.5235876580716518,0.8302313029401012,-0.5238935163686211,-3.445974147408412,2.788818628326127,-4.505292528785791,-0.5236053268072595,-1.3656473564874256,0.6631813331420084,1.2049845887028623,0.8651989466334162,1.4474538699923463,-0.8507675592249933,1.1272548346828686,0.823063081482126,0.6034451346718505,0.1635461651500589,2.5224584573459383,0.9369187657198076,0.9046883375207768,0.6566080603438864,1
PBS,Lung,0.0,R1-3,A5,1,-1.6979967845165425,-2.962543225966358,0.1542969243876598,0.23247310148688127,-0.6508185180151316,0.8273407279779338,-0.9858151010357844,-0.013132521746714415,-0.05646645516476784,-0.6917479713744394,1.9514313465225361,2.6133726791587573,-1.737134100225688,-0.8711255407325162,-1.692789880462668,1.1336731931915645,0.7221581780498879,0.06369790551523394,-0.03746298205057638,0.7255220572202165,0.06384802440216429,-1.5381857899925753,-2.1069373152935946,0.908099480467992,2.224516821581376,1.1510416189882087,1.7808933488150278,-0.4685520411851617,1.703973425451036,0.685662110708716,-0.48152720247047565,0.6558296272999253,2.744882813203546,-0.09658904386027427,1.3211356496403193,1.9186423047666483,1
PBS,Lung,0.0,R1-5,A1,2,-1.1800058782437137,-0.7342305029919766,0.959238853387738,0.057956889686616074,-0.39569316932237203,0.8036799619950428,-1.2503028224416637,-0.10803272054010682,-0.2404169053576553,-0.7506090371601435,0.6355766290510726,0.7895551235819835,-0.5335186797009874,-1.218532553646344,-1.410704880937361,0.2059840364454379,0.273395291242105,-0.2813636533428714,0.522004594214002,1.3219962170383224,0.09111825520989801,-0.9236082368445314,-1.7421544486656941,0.6818710603610094,1.231695853171164,0.6458140790666081,1.4863276342677207,-0.8137305550068028,1.6931964781487427,-0.6200701126145504,0.3121254167979324,0.29896172940242083,-0.17132773057721554,0.42285162043445773,1.1636322004927868,0.8328254519440363,1
DPP15.TS,Lung,1.0,R2-2,C1,0,1.2642392930533768,0.6551041273817273,0.6244957250124172,-0.07302518925345715,0.07212380617090046,1.1608345411999348,-1.165875506250205,0.22907113051334246,0.4071996730286106,-0.9990162483667572,0.450500697514615,0.5819629422083826,1.97714290046389,-1.4430815985308711,-0.8010126596638503,1.69020323727628,1.1880070660780973,0.5180870152580062,0.8155263124019996,1.8858170972683854,0.07112798674332148,-0.003756802255015435,-0.5719343837501575,2.0788705556349387,1.6213262574393104,3.044108128056891,1.3947345966615274,-0.3918108230548851,1.7152164393142195,1.1195343942270455,0.4673430212433578,-0.01593026626884956,2.009626305652568,0.27808979461529215,2.1075140374811894,2.3233298593814165,0
DPP15.TS,Lung,1.0,R2-3,C5,2,0.5743222810511187,-0.2584385698668008,0.12843980245211087,0.07086625740099957,0.001499253763785033,1.1828080385037063,-0.8253779491446815,0.22555192551744682,0.05575821935551066,-0.6045812279052831,0.08568119116436816,0.5498191506393034,0.6035272880861193,-0.451231745655271,-1.15919565486619,0.5221019762482938,0.9884623017365433,-0.14927031663652474,0.545207098666056,1.6779365471960654,-0.09869582119072075,0.03751499221569965,-0.7826484224197084,2.0899755889609812,1.3661630305040624,0.2389440716102332,1.5195017481672723,-0.6369322160499293,1.7416044560063695,1.5900178150756457,0.4336672222022499,-0.3300532906398079,-2.1840430215986615,0.24801324344612483,1.5304784572824355,1.0198491397798761,0
DPP15.TS,Lung,1.0,R2-5,C4,1,0.32735056137380036,0.2550707827935263,0.2683528582693839,0.26761696576402827,-0.7497847961282196,1.3703956213888009,-0.9149931370813227,0.5488383770659255,0.5434224807938709,-0.8710345771963386,0.884023220716711,1.0993357639062395,1.3597064082159083,-0.9335296590939074,-2.195450209695004,1.068739143370044,1.7611392701847863,0.46854329305916226,0.7851891756941206,1.9283581828638972,0.04666877598007717,-0.13328693943604403,-0.7773975155238058,1.9167319421696745,1.38771010531409,0.16085212658945577,1.4253673589497924,-0.3176516545001218,1.6561616465262252,1.6305950345072782,0.3510002577361315,0.26978597227977985,0.9222327609101161,0.5436317015622327,1.5058371343664987,1.0323045413697287,0
DPP15.IN,Lung,0.0,R3-2,E1,0,-1.6672026784463274,-1.5090711311740836,0.11187520482696893,-0.024113790367760683,-0.5445732783093682,0.6742682892650834,-0.9946522912810875,-2.0230095571975677,-2.3060810077791003,-0.6521651588114908,-0.10888476980194528,-0.12834765693749373,-1.641400100323405,-0.6910079090793178,-0.5773478769413928,1.3460242219182343,-4.840148157217639,-4.648173087821219,0.20187843370985742,0.4914330999954975,0.08942810639189278,-3.4777288804148356,-1.9071417900054595,0.9844822450519773,1.3655611493020832,0.7451482333910835,1.3316688320872163,-0.8794882632734667,1.6147959180055838,0.08054186781826007,-0.3238393962521728,0.40759671531833574,2.5952938973741553,0.5581102083605641,2.2628031187558615,1.559164199710664,0
DPP15.IN,Lung,0.0,R3-3,E3,2,-0.708030009673977,-0.6600338980245444,0.28696590247807535,-0.06382762607114582,0.5522341797022904,1.1188291221392244,-0.8694462456740707,-0.15940908472377371,-1.2315520986941588,-0.6140359497818999,0.26562338481521436,0.7067022736517565,-0.12008240154766617,-0.7890301162083388,-1.6914831204243186,1.1419148392764968,-0.2274885011819747,-0.5557170120518188,0.516199509052231,1.0965504316667594,0.21679140036860267,-1.2362758078449636,-1.477303980448215,1.2383126103287718,0.7327856820811414,0.8612577504325759,1.819966254485831,-0.805551359488398,1.7560707929518298,0.5543852120694486,-0.21170466408961186,0.3999032965083671,0.9455318325818297,1.2999456964594316,1.582891785858678,0.3637897962292794,0
DPP15.IN,Lung,0.0,R3-5,E2,1,-1.3427169957040344,-1.5266160184459652,-0.707200817756243,0.2448026136351016,-1.0188881405077452,1.4472954429150335,-0.8257896538515211,-0.00080486722356493,0.20399732392760048,-0.503877004053421,0.8846765667209018,1.1439571636341006,-1.317430646874535,-0.40127604121259475,-0.9955667042045051,-0.06972638288354424,0.10306320846973688,-1.312813316015888,-0.010665930467038,1.0695313234564325,-0.10121141665887826,-1.0034276505135464,-0.9480066568556521,1.12416200660417,-0.022359183362665708,0.9469653699627426,1.5463199701735202,-0.33007428229128283,1.0612273333208493,1.288613030130631,0.07551559878243841,-0.08070178643039175,-1.7879922121506475,0.45105259825313787,0.9314227087912087,0.4437683298918336,0
prime,SPL,1.0,C2.1,C3.2,2,0.49217846781688984,-1.8164507106368246,-1.0032140669457221,-9.515689466770866e-05,-1.293676931602756,-1.033162160921616,0.7719056625999832,-0.17104387409062125,-1.7298719984744801,0.43430394131067895,-1.265258753082972,-0.8752735473267913,0.278471775574015,1.1762621751325255,1.09765635268283,-0.7182645574433167,-0.28372729416081593,-0.35099543820769513,0.05237191737383784,-0.5778074164199873,-0.13363921943691764,-0.16039013103895958,0.41079012183910335,0.04476803182106876,-0.1271790845075115,-0.05308468099014917,-0.8528651947340395,0.10739842413523681,-0.9668186872381026,0.6848001545453329,0.7535105226948753,0.6547700113273853,-0.7391055196114674,-0.6404960227423921,-0.43103198189843667,,0
prime,SPL,1.0,C2.2,C3.3,0,0.6688735786770391,-0.6558061459414741,-1.1794710921928722,0.08581688014915563,-0.7688492922180605,-1.2609253884075393,0.2603884230574534,-0.29556350757868133,-1.9575566541679161,0.25941776407315,-1.5058504089683913,-0.9552426120219611,0.5017196427642728,0.07053690262967267,0.2873536016061187,-0.5440844313857257,-0.5569534085259745,0.019766188823533797,0.10433673733812732,-0.9810955516633487,0.0942250191911724,-0.17213723431214917,0.3742685403263526,0.31773298237815595,0.03983500248066268,-0.19548552871540162,-0.022087137041539678,0.09226165632779793,-0.33137634721404746,0.58049231892444,0.45780115033543356,-0.5288390844721034,-0.579056175655599,-0.06994508840450346,-0.057857201530529735,,0
prime,SPL,1.0,C2.3,C3.4,3,-0.8189643190505723,-0.020609194791214612,1.1143186892646637,0.2128384451789601,1.3368808110016093,-1.0271410575636242,0.4157110790237441,-0.05361254423933649,-0.27414523608051433,-0.01937668919554811,-0.2027357607435186,-0.6821558160053668,-0.5899726234548801,0.7437416412035333,0.8673590494827093,-1.1039950706412502,-0.19127058503680266,0.2765947178224426,-0.3365901335409065,-0.697119046828319,-0.192548430008903,-0.27597794865509656,0.8083863422795309,-0.6198815772749748,-0.43100366664261525,-0.825451122695754,-0.9247862955828621,-0.4906550538346389,-0.9350237334837072,-1.1799854866432407,-1.0190480678527662,1.256769251722537,-0.5123439895190008,0.3642721822436772,0.7603856866038999,,0
prime,SPL,1.0,C2.4,C3.5,1,0.8211844843282063,-0.575562657666596,-1.3198469636961916,0.13104185916604555,-0.6264595462968013,-1.2791319750817893,0.9660388661062821,-0.001580742317966926,-1.4279164439510479,0.06079101105132087,-0.688839256428526,-0.5907974570097357,0.5917698578672698,1.4799131844477185,-0.05340508852057292,-0.6756933291953886,-0.27002964619930697,-0.19772332240376062,-1.047115952292176,-0.7498378867588913,0.09801414814318579,0.21886843922198973,0.1556031624300568,0.3741590933954764,-0.2995411650541978,0.02944805337156698,-0.5529561111102222,0.45397811817449785,-0.7567655839318707,1.2293004644174081,1.2442300149780663,-0.8445353859404094,-0.010921184053973625,0.04559810683772731,-0.18093816980672756,,0
prime.boost,SPL,1.0,C3.1,C5.5,2,-0.5686942337733899,1.0195038105161442,0.6858982534296335,0.3494259797399522,1.2382245058217602,-0.6522053428368163,0.9493924807912225,0.15455207910325083,-0.017714411112323653,-0.3368755495653264,0.22844886366515674,-0.41343664367866684,-1.6129569965424684,0.48038935877210154,2.073242646139422,0.5660460276887678,-0.2570844583259713,0.8791652940044331,0.8804092464277034,-0.8526761649784318,0.12768569280350014,-0.07521512583260671,-0.7534099170694036,-0.22666406056189214,-0.9792757616024023,-0.45413431726065134,-0.7147974916094058,-0.28452456317088615,-0.6682571803422794,-0.9577557913546404,-1.1141711146762934,1.4426227070725925,0.47564098420466355,-0.04643483683518912,0.36130879104897623,,0
prime.boost,SPL,1.0,C3.2,C5.1,0,-0.007928231078430279,0.056472519702170494,-0.28588720121866285,-0.06271421190774076,0.2643293435935291,-1.4904595057582506,0.7603911689250015,0.06614776322273637,-0.7232840698739044,-0.0402218672991984,-0.1080044432017921,-0.6324471980609072,-0.28509165937196784,1.4145716731306819,2.187768125231581,-0.3566687691671304,-0.06525236358698501,0.18008504690161356,-0.41432311951694184,-0.5571753323687813,-0.192653117901674,-0.0747424288367679,-0.341055314569196,0.11417468480196609,-0.6554668050018984,-0.5551379862036645,-0.9952989694462883,-0.35500214308029393,-0.922356059040506,-1.7191993286996134,0.4038461868947256,0.6018139224698039,-0.5331958279677247,-0.039096072732248015,-0.1839483213799574,,0
prime.boost,SPL,1.0,C3.5,C5.2,1,0.6979551291842961,-0.7043029197833933,-0.21073758528548653,0.40674102490773073,-0.6177016362590243,-1.1921035422961697,1.3947826830385668,0.08033813468452515,-0.7252781313041362,0.03138522703805455,-0.05791227813257139,-0.47931683215537824,0.7447613934186336,2.2224304191548883,0.8942279326481145,-0.485206015788512,-0.13508481378740866,0.3625277964692845,0.013251743127869297,-0.7525905716186764,-0.061635756052235646,0.3439871339207035,0.014203837026134519,0.5727575465865746,-0.5921223565769178,-0.17179236593700656,-0.7533758262956335,0.40521264109657684,-0.7676524174619508,0.5875085762246043,3.4446848799635834,-1.7283133684825562,-0.19147694715176056,0.6036373924081404,-0.28431378707360944,,0
pbs,SPL,0.0,PBS.C1.2,C1.3,0,-0.029251914017919146,0.5629352956251484,0.20314777525483646,-0.16344777006120767,0.526888441589674,-0.45694782720022503,1.149203124213847,0.1260880417011161,-0.3692709392595311,-0.15701609067448677,-0.10774098450072227,-0.38678860394416376,-0.8904840153932749,0.7962334034891614,1.2479203251429565,-0.7257617377986894,-0.020946628520352336,0.30226313275461514,0.051681634428232946,-0.6969497889548629,-0.0006842448884971393,0.09595102427704272,0.3433583431477429,-0.9200802015354136,-0.9659641844756572,-0.25883129684616984,-1.0260489294663215,-0.03164157710421584,-0.8981711384024526,0.12281635080886082,-0.47196776700383686,-0.3319419263434168,-0.22110423869203688,0.3820375589064333,-0.10852562768746761,,1
pbs,SPL,0.0,PBS.JC1,C1.4,1,-0.15501193198495491,1.0935058976860779,0.7836727514834068,0.20023761374840043,2.718001877683253,0.4616978302793631,1.2383442196021106,-0.0723023400425305,-0.019671105476695636,-1.0290944020435158,-0.013329777250136414,-0.2721157186109235,-0.718870978279607,1.7248575891175317,0.9354852159558343,-0.3940957016189621,0.23244259228387076,0.5032819079419548,-0.24463628619826544,-0.5612441515785458,-0.1593122658699501,-0.05025931006561867,0.5220405333827507,-1.694478958150903,-0.618224501269029,-1.0414657000175667,-1.028912308586421,-0.23863151926403964,-0.8697592385244294,-0.45748239656491974,-1.3817589346801928,1.8794288147892144,-0.4380599548340325,0.3531391464815004,-0.3507320026244602,,1
pbs,SPL,0.0,PBS.JC2,C1.5,2,-0.25992015146223246,1.2858590597868056,1.093634499653983,-0.05062878182760557,2.776303416920038,0.21926758618687503,0.8790576845020974,-0.08151022806815306,-0.1128532749534503,-0.49203682704754237,-0.04250978908869159,-0.2955657793602049,-1.0053884066009875,1.241817588959294,0.3828525828066278,-0.25906465438106635,0.24926154540933398,0.5988543199134454,0.2718016369920079,-0.7452590776260873,-0.1396767758625236,-0.24539701779098907,0.5005870055366826,-1.2491116249031888,-0.9236991352112472,-0.8651747276029572,-0.6501438641229975,-0.1530029620453961,-0.7372776052923374,-0.28618168081270734,-0.899602487445486,2.6478556624145475,-0.49296298034208985,-0.5285264435013804,-0.2491487857371211,,1
prime,LUNG,1.0,C2.2,C3.5,0,0.6622389523354115,0.28692067394739174,0.6760462487270594,-0.13994766937531275,0.11531902430687133,0.9266498429232289,1.5516463182078144,2.00111682785803,1.6997159665114896,3.079464864570822,-2.3257240274177775,2.0472640975236023,0.8721396757582999,0.6536792579084875,0.6539518377570657,1.1087506233207807,0.8004914275099686,1.2148391929709417,0.2511659059127948,-0.31865964717076517,-0.024308242235859614,1.2917808309858174,0.5477091846983108,0.9996045263191968,-0.9109832017843514,0.22887837922261886,1.1777013504887022,2.40980458256538,0.7971292842290989,1.9305240803848471,1.3311763543839632,-1.9519421535488173,-0.17132773057721554,-0.4715748775188591,-1.5922561797570518,,0
prime,LUNG,1.0,C2.4,C3.4,1,0.03247293698959169,-1.7009881002028402,0.14548820652483585,-0.0023180955160686254,0.8708227991988559,1.1274476774903954,2.277763101973324,1.0521620740488495,2.1086052930555295,2.3138264053159636,-0.8935655157788075,0.2835926564372645,-0.2979712043454388,1.9253739572907336,0.05665214827240941,1.5901430909800398,1.3350202961916766,1.876668634392062,0.21366128232427423,0.8997746964929415,-0.06803370273886024,1.627624332850144,2.8261702150720414,-0.17554917216443028,-0.20071975963126434,-3.0512124614519553,-0.5261919157844906,2.7336838523219766,-1.156207764281989,0.45124425734914997,0.8434850263278917,-0.6322350064585412,-0.17132773057721554,-5.298880432753729,-1.1824048857993963,,0
prime.boost,LUNG,1.0,C3.5,C5.2,0,0.3784561926453939,-0.9915129478320028,-0.13387746418045948,-4.745779521018018,0.2732080693542672,-1.5587707891439675,2.0756295645559333,2.109430765415962,1.5908026927927958,2.9832246877025286,-3.250717810206754,-0.2650543362505096,0.5239622142706808,1.1658954110760835,0.1582166575676758,0.8143416904320881,0.7230257186088596,1.6515969416255951,0.6726305817720014,-1.4634380608210769,0.04680002818766395,1.4346677833421768,2.640257730966481,-0.42516347480819144,-1.0845610732383002,-2.7400768453882542,-0.7415767536745108,1.933932190679937,-1.0110352861556973,1.2584115354120198,2.4368302979482634,-1.7316003481028288,-0.17132773057721554,0.2544984393665677,-1.710370654366337,,0
pbs,LUNG,0.0,PBS.C1.2,C1.5,0,1.8489716957719697,0.213114274920421,0.8061580325842429,-0.3338563211289156,1.1642016689656944,0.9759353041518726,0.8743278241239862,2.355185794116427,1.5189142311727657,1.8196643411547841,-0.6684718121938312,2.783843034182386,0.9276853665219817,-0.5559202071568403,1.0041047273938826,0.7375396615155015,1.0556686482797164,0.7648304295651938,0.14643284907033893,1.2149459632070994,4.037912946346427,3.504339259958246,0.5546983942453506,1.2291482586093434,0.4670356756452816,0.16411115498772846,1.4433469928388003,1.649058997928529,1.377531733067421,1.237020129661541,0.024859946788729884,-0.3180610986090595,-0.17132773057721554,-1.058063729540557,-1.2639371248561642,,1
pbs,LUNG,0.0,PBS.JC1,C1.3,1,2.974350221225518,1.583833551645076,1.1565837482669123,3.5170049691801046,0.6713472172485573,0.810119930468907,0.5394800142396527,2.1891883498563627,-0.4802851073036972,1.6769472814144892,-1.7293498084925834,0.36047442441073235,3.3872811388545108,-1.2081542537623273,1.0815118856672803,1.3111774174210595,0.2448728213027458,0.07274146817077402,3.882889472889961,1.1671395825972724,,0.676540870709769,-0.700067495833315,0.7128245584669606,1.4547511510513707,0.6980033128816582,0.26351731015630064,2.8766745427387326,0.4957761921483426,-0.4424535985669228,0.7775970266233769,-2.8062079630197543,-0.17132773057721554,0.6884427899976279,-1.9745792248567824,,1
