B.plasma,cd4.treg,CD8.GrzmB,live.cd4tconv,Macro,B.memory,live.cd8,Mo0,DC,Neutro,NK,Target
-0.5648352624170052,1.2361131963973053,-1.1494521613808222,-1.2802012901518243,-0.3798194131298881,0.4234254405872136,-0.65802215777035,-0.8084531507452848,-1.271932242459874,0.9233531741202154,-1.1328856186016385,0
-0.14310962930038496,1.2575558688159971,-0.5789128054023127,-0.795119717331679,-0.18248203725787596,0.4161278764308155,-0.45626818103064926,-0.5801739217681986,-0.8159927363684764,0.34986144703701005,-0.9342159879969393,0
-0.4960262266324347,0.807440620103882,-0.8410575521353763,-0.913360096045549,-0.2070070101985454,0.6692811737416658,-0.18085038864008093,-0.5774685802833844,-1.0995453176688335,0.9818970302231899,-0.4340370142978122,0
-0.0885484596616763,1.0292053015240443,-0.6273548283739057,-0.21546004659820703,-0.09211330820861875,0.8279997711019993,0.1495673088599354,-0.5083037181907074,-1.2525895722293183,0.6071093473392237,-0.5470258513304241,0
-0.46587933299388434,0.6406066298828245,0.024254016319395152,-0.9520425126231469,-0.20039397115128116,0.4902647115135885,-0.6556979410754472,-0.9375140068947685,-0.7555589853469913,0.27305209905991634,-1.0795897525855354,0
-0.04415369987726406,0.6620493023015159,0.594793372297905,-0.4669609398030014,-0.00305659527926903,0.4829671473571904,-0.4539439643357465,-0.7092347779176824,-0.2996194792555931,-0.30043962802328883,-0.8809201219808361,0
-0.3970702972093138,0.21193405358940087,0.3326486255648413,-0.5852013185168717,-0.027581568219938436,0.7361204446680405,-0.1785261719451781,-0.7065294364328683,-0.5831720605559503,0.33159595516289064,-0.380741148281709,0
0.010407469761444568,0.4336987350095641,0.5463513493263118,0.11269873093047073,0.08731213376998818,0.8948390420283739,0.151891525554838,-0.6373645743401912,-0.7362163151164354,-0.04319172772107503,-0.4937299853143211,0
-0.6270146057755454,0.5881700348415216,-0.9126905625494811,-0.6125990861592698,-0.5864808000302437,0.1665264789766793,-0.10775681985776953,-0.6288700596978408,-1.3332614931549984,0.1023353791904297,-1.062883567133563,0
-0.205288972658925,0.6096127072602132,-0.3421512065709715,-0.12751751333912426,-0.3891434241582316,0.15922891482028104,0.09399715688193089,-0.40059083072075474,-0.8773219870636008,-0.4711563478927756,-0.8642139365288637,0
-0.5582055699909748,0.15949745854809808,-0.6042959533040354,-0.24575789205299442,-0.41366839709890096,0.4123822121311315,0.36941494927249935,-0.3978854892359406,-1.1608745683639579,0.16087923529340376,-0.36403496282973663,0
-0.15072780302021638,0.38126213996826147,-0.3905932295425645,0.45214215739434777,-0.29877469510897436,0.5711008094914647,0.6998326467725158,-0.32872062714326367,-1.3139188229244427,-0.21390844759056193,-0.47702379986234866,0
-0.018614050073970594,0.4887370550081088,0.10684373426921204,0.07845080510144249,0.3041159700798449,-0.14375236891844903,-0.041569625477772945,-0.5197270274615001,-0.3871319178941228,-0.9200408533714343,-0.5727640210297523,1
-0.2387999394029541,0.11589662876021345,0.3395754457201326,0.4932598827903208,-0.04951291073591772,0.48354603318186123,0.45438676422129687,-0.016982158295735236,-0.42626957840609564,-0.7694374428712771,-0.24129243060427183,1
-0.18633244447795588,0.031710612283041936,0.18432947388873525,0.42656722383375667,-0.09489547965187958,-0.4226627051830466,0.0006772750532488502,-0.632422351778491,-1.1102202904881606,-1.1134171916624453,-0.6286597538749473,1
-0.19109660907487314,0.7029507603383354,0.24401278354791126,0.36548474154555666,0.5508112054191323,-0.11572648251392752,-0.22872743604873477,-0.6510423092592169,-0.48546773173368957,-1.1453638534103292,-0.9362229745039579,1
-0.41128249840385667,0.33011033409044016,0.47674449499883215,0.780293819234435,0.19718232460336976,0.5115719195863825,0.26722895365033517,-0.14829744009345183,-0.5246053922456625,-0.9947604429101722,-0.6047513840784774,1
-0.35881500347885836,0.24592431761326872,0.32149852316743444,0.7136011602778709,0.15179975568740792,-0.39463681877852524,-0.18648053551771285,-0.7637376335762078,-1.2085561043277273,-1.3387401917013404,-0.992118707349153,1
-0.1230248781480612,0.8219116785459842,-1.367980929840255,-0.3865556319580571,0.4387084307609684,-0.14900562705489334,-0.337353146369379,-0.6466875027197795,0.0291412772171626,-0.5982045986125398,-0.764349648162438,1
-0.34321076747704476,0.4490712522980891,-1.1352492183893343,0.028253445730821742,0.08507954994520572,0.47829277504541673,0.15860324332969078,-0.14394263355401454,-0.009996383294810202,-0.44760118811238303,-0.4328780577369575,1
-0.29074327255204635,0.3648852358209173,-1.2904951902207318,-0.03843921322574282,0.0396969810292439,-0.4279159633194909,-0.29510624583835715,-0.7593828270367703,-0.693947095376875,-0.7915809369035511,-0.8202453810076332,1
-0.1372748340890891,0.7381111934204376,-1.6557013242895287,-0.23676613333706906,0.3906292149328856,-0.12496722157468686,-0.7112195364878496,-0.7248746465323691,-0.9844409099916798,0.6928905872868905,-1.1307153977671147,0
-0.3102689057828079,0.8813885042470869,-1.1044090300292997,-0.6559126934052113,0.33653474821875856,0.00012907779527204053,-0.441261526152951,-0.3161912013164374,-0.6434183117365585,0.5430654410017622,-0.4879379008455779,0
0.033703537746604326,1.2127910441679068,-0.5117197546066571,-0.07797476830383311,0.5492716174353868,-0.35373084136776484,0.05056803427220097,-0.8131692919292528,-0.570705304962856,-0.2944904070233735,-1.0465847761091551,0
-0.20794487084413998,0.3696863063118733,-0.7935151990457846,-0.13838809931182286,0.45382029871585444,0.3030619637718955,-0.3450678797629934,-0.5424894614698008,-1.2413342512941232,0.5396928179905428,-0.8352954657016568,0
-0.38093894253785876,0.5129636171385227,-0.24222290478555597,-0.5575346593799653,0.3997258320017275,0.42815826314185434,-0.07510986942809512,-0.1338060162538689,-0.9003116530390014,0.3898676717054144,-0.19251796878012006,0
-0.03696649900844662,0.8443661570593427,0.3504663706370866,0.020403265721413454,0.6124627012183556,0.07429834397881761,0.416719690997057,-0.6307841068666845,-0.8275986462652992,-0.44768817631972124,-0.7511648440436969,0
-0.20829946864334045,0.20204661010709715,-1.1751916890724161,0.040014425427569715,0.2584259529578755,-0.23776776745011374,-0.3167880397097062,-0.7822977775359474,-0.6561873137014169,0.300420406146743,-1.4042806105249894,0
-0.38129354033705926,0.34532392093374614,-0.6238993948121874,-0.37913213464057216,0.2043314862437487,-0.11267146808015481,-0.0468300293748078,-0.3736143323200155,-0.3151647154462956,0.15059525986161484,-0.7615031136034525,0
-0.03732109680764704,0.6767264608545667,-0.03121011938954483,0.19880579046080604,0.4170683554603768,-0.4665313872431919,0.44499953105034407,-0.8705924229328311,-0.24245170867259358,-0.6869605881635209,-1.3201499888670294,0
2.6228927059752962,0.015582092413658597,0.5511692627852415,-1.7767705629822605,0.9520570317323003,0.04488294491864513,-1.2780214156575842,1.445884351721729,0.9361591794249577,1.191918459307144,0.701071387516962,0
2.6585183238708403,-0.1254751138582764,0.6245036502175849,-1.555077785961811,0.9600280044910159,-0.007061846168569857,-0.9378469088386039,1.245814577013103,0.18285927927506354,1.314656606458367,0.6886204297932729,0
2.8561986506287225,-1.006104618205718,0.41174306742730293,-2.1193142482025764,1.0565115928999085,-0.26594177582636075,-1.9910949429981368,1.0929871210254871,0.4831742565251353,1.4559629215287437,0.6196176033854794,0
2.6228927059752962,-2.143280392863265,1.3430552008991905,-1.4672800208240586,1.1625175178646845,0.9204194190837893,-1.3519680147324997,2.128473157258079,1.248970949845173,1.9906319116870128,1.039413677694607,0
2.6585183238708403,-2.2843375991351995,1.4163895883315336,-1.2455872438036084,1.1704884906234,0.8684746279965739,-1.0117935079135196,1.9284033825494529,0.4956710496952787,2.113370058838236,1.0269627199709177,0
2.8561986506287225,-3.1649671034826414,1.2036290055412513,-1.8098237060443743,1.2669720790322925,0.6095946983387831,-2.0650415420730526,1.7755759265618367,0.7959860269453509,2.254676373908613,0.9579598935631243,0
-0.026211209006195935,-0.32069773466386764,0.5711523590043881,0.5765405455223102,0.1446586768163508,-0.3145523109253534,1.6705974823942902,1.3237607102570148,1.4909439404787463,1.2611280490865777,1.9783869493002164,1
0.6265902574733782,-0.17747971035429325,0.5577866137751378,0.1019659870564094,0.1337637330019753,0.3264444058471728,1.0870939852378099,1.5497604120477095,2.302708817333235,1.5437332457055308,1.9949166487954249,1
2.084971446686288,0.11616689896558097,0.1494759690859702,0.6511581835521412,0.02630246633386156,-0.4958926460727324,1.9429768924348712,1.350157336566622,1.3259863986409743,0.30226110858688154,1.9979170039238587,1
2.7377729131658617,0.25938492327515494,0.1361102238567196,0.17658362508624081,0.015407522519486001,0.1451040706997938,1.3594733952783915,1.5761570383573174,2.137751275495464,0.5848663052058348,2.0144467034190674,1
0.29157826223592176,0.18823983525696508,1.1475506302270961,0.9838733276482077,0.18696772406154546,-0.47424319853574354,2.2677375183130812,1.1980463942030277,0.9482189010896435,1.0997858958387345,1.9993595025537447,1
0.9443797287154962,0.3314578595665394,1.1341848849978458,0.5092987691823074,0.17607278024716996,0.1667535182367829,1.6842340211566014,1.4240460959937224,1.7599837779441323,1.382391092457688,2.015889202048953,1
0.44227342791731694,-1.9323825655877795,0.8718404347350044,-1.7303124866081818,1.2307076337474598,-0.8554211911445935,-2.221315606090806,1.4306909121705704,0.9532199889388695,1.3449776866588452,0.7972210540259786,0
-2.459698660161981,-1.8619591114176017,1.0395936679861335,-1.1391438684190893,1.4013706679143587,-0.8152655272118774,-1.3631311213709016,1.6675557758020978,1.5527581890763897,0.999783608986194,1.1774884132431662,0
2.6992914487052055,-1.585549528381471,1.430729124461043,-1.7745629377436383,0.8197962474076215,0.3248399711140951,-1.949138528848622,1.3314007530049619,0.1786569673489585,1.3593030746954045,1.0380758608603096,0
-0.2026806393740922,-1.5151260742112926,1.598482357712172,-1.183394319554546,0.9904592815745203,0.3649956350468111,-1.090954044128718,1.5682656166364892,0.7781951674864792,1.014108997022753,1.4183432200774968,0
0.7419227044586258,-1.7247010030316925,0.9913837002230641,-1.5803727249023634,1.0733230511245426,-0.013805804420961049,-1.6937756481053274,1.5225859925471532,0.6640986425609794,1.1419921805874915,1.0243301656251553,0
-2.160049383620672,-1.6542775488615145,1.1591369334741932,-0.9892041067132707,1.2439860852914415,0.026349859511755107,-0.8355911633854233,1.7594508561786808,1.2636368426985,0.7967981029148407,1.4045975248423428,0
-0.7982356221596661,-1.919563997438094,-0.7769372574203557,0.6980348411219526,-0.059623028650521714,0.6083791840267813,0.37520742607313834,-0.8285788215117865,0.7951066800816385,-0.19672570670579115,0.05243317581284534,1
-0.6972222414371366,-1.2388098397551877,-1.012718485585278,1.4884466529696405,-0.31142429978706915,-0.0011439265197518006,0.7544103711767369,-0.19143325492657626,-0.06802085297424026,-0.17739301426542334,0.2452673864804026,1
-0.6701072481528688,-1.583907874144479,-0.9594549117306229,0.02286902381743471,-0.38895085544103686,1.3133705551115886,-0.08757621219389203,-0.8004324810162681,-0.6729035038602579,-0.5828208926368733,-0.2442563533461222,1
-0.7313696209736347,-1.3391020433748226,-0.35487801789689777,0.1099476348239881,0.03529414492449866,-0.13984790270930791,0.26628568231586935,-0.6442843860002364,1.5518218780207793,-0.041963321940521756,0.14590506012910964,1
-0.630356240251105,-0.6583478856919166,-0.5906592460618204,0.9003594466716759,-0.2165071262120488,-0.7493710132558408,0.645488627419468,-0.007138819415026309,0.6886943449649009,-0.022630629500154216,0.338739270796667,1
-0.6032412469668373,-1.0034459200812078,-0.5373956722071657,-0.5652181824805298,-0.29403368186601647,0.5651434683754994,-0.19649795595116124,-0.6161380455047181,0.0838116940788832,-0.4280585078716041,-0.1507844690298578,1
-0.6885086912233842,-0.3037663140948156,-1.0069414823000293,-0.1281224165639012,-0.5812171881362427,0.5939575207207086,-0.21341515255319463,-0.9278378601401261,0.3607075829772299,-0.12733652466722284,-0.3480116110802929,1
-0.5874953105008546,0.3769878435880912,-1.2427227104649516,0.6622893952837863,-0.83301845927279,-0.015565589825824183,0.16578779255040405,-0.29069229355491605,-0.5024199500786485,-0.10800383222685475,-0.15517740041273537,1
-0.5603803172165869,0.03188980919879945,-1.189459136610297,-0.8032882338684193,-0.9105450149267578,1.2989488918055163,-0.676198790820225,-0.8996915196446077,-1.1073026009646665,-0.5134317105983046,-0.6447011402392602,1
-0.3426754430818809,-0.5870158135616094,-0.2137659295702475,0.22626445547416343,-0.19698715519239743,0.21367702854176446,-0.05383402847307158,-1.1161104660248735,-0.5499512664977885,-0.44064274886919397,0.2833893526798988,1
0.29063210094345066,0.9144421194225142,0.2770954274406375,-0.8700971865665643,-0.567166674556316,3.092754376914257,-0.8894220274708858,-1.308728178242946,-1.3040771334365546,-0.879201701205069,-0.44452656408296737,1
-0.44606647959067236,-0.2803222150564086,-1.1528215870498772,0.3718624051204032,-0.4649923626032191,-0.0171688183037738,0.16365455527802633,-0.7020413475232644,-0.2538373244494235,-0.9738068003578184,0.07119267995867241,1
0.18724106443465913,1.2211357179277145,-0.6619602300389921,-0.7244992369203247,-0.8351718819671377,2.8619085300687193,-0.6719334437197877,-0.8946590597413372,-1.0079631913881892,-1.4123657526936935,-0.6567232368041936,1
-0.22381560900826372,-0.7110469758334307,-0.5276913609325838,0.933659254496082,-0.19040418848208113,-2.1253205995933535,0.9397338409165953,-0.7302077267748348,0.6958521612367667,-0.6813814402840983,0.6062281442012877,1
0.40949193501706765,0.7904109571506923,-0.036830003921698634,-0.1627023875446456,-0.5605837078459998,0.7537567487791397,0.10414584191878115,-0.9228254389929075,-0.058273705701998954,-1.1199403926199734,-0.12168777256157833,1
-0.4376753995392044,0.4120880587123587,-1.8450626933209553,0.19059776612935136,-0.5630115084620069,0.6815662753864544,-0.7254960802490051,-1.188134850366914,0.11108848437988499,-1.308704683299027,-1.391711928965624,0
-0.6489454724305513,0.6033072300794411,-1.349918449956954,0.20968418754759519,-0.35086141209402333,1.3980269130885439,-0.9202036259779628,-0.7739174684895501,0.5827846543330432,-1.374702265959966,-0.9011871177208154,0
-0.48246211074130596,1.2425446019869515,-0.4302528728461557,-0.043030045835300575,-1.1485299185605695,2.013218617844282,-0.8322531470479695,-1.0026471424466115,-0.3702223951810362,-0.7085902522912408,-1.7718193990872415,0
-0.693732183632653,1.4337637733540332,0.06489137051784545,-0.023943624417056896,-0.9363798221925861,2.729679255546371,-1.026960692776927,-0.5884297605692477,0.10147377477212165,-0.7745878349521798,-1.2812945878424327,0
-0.2026806393740922,-1.510312800403966,1.1592305330835901,-0.11165657943382942,-3.5949682741819933,-0.9669654005199233,0.37115408980548537,-0.6493574946246898,-0.26905726266509755,-2.6068619396557344,-0.29185870104995626,1
-0.2026806393740922,0.3660675903165912,1.1769754092983669,0.892762472703324,0.2510178204300572,-2.3818512634074023,1.0939478793730366,1.1791638863279543,2.0659641479823576,-1.013761208154658,1.0539372426532043,1
-0.2026806393740922,-1.190290232047443,1.2543711710473648,1.0972836369854932,-3.687366338595415,-1.274574756871988,1.2173162981625023,-0.6641219280892207,-0.4043015517737355,-1.0913680566266104,-0.2195850676199716,1
-0.2026806393740922,0.6860901586731141,1.2721160472621413,2.1017026891226465,0.15861975601663483,-2.6894606197594673,1.940110087730054,1.1643994528634236,1.9307198588737196,0.5017326748744657,1.1262108760831888,1
-0.2026806393740922,-1.79409638313721,1.6918035563907352,0.17164936423530258,-3.3626832191305835,-0.8679792885500405,-0.3226792013834623,-0.5055773935605009,0.556838593576041,-0.27338432721084455,-0.17865201736711314,1
-0.2026806393740922,0.0822840075833468,1.7095484326055117,1.1760684163724557,0.48330287548146705,-2.282865151437519,0.40011458818408924,1.3229439873921434,2.8918600042234965,1.3197164042902316,1.1671439263360472,1
-2.3401276259853856,-0.7443942264468517,1.0338225775952328,0.8272383356634674,-3.4965665391036116,-1.2951384616983248,0.9659674890614768,-1.4319757334876668,0.08103290479076544,-1.3530256279702253,-0.3530402694537354,1
-0.2026806393740922,1.0858249865731118,1.5269212669509338,3.68207656791248,0.34925724515587714,-0.3830314751507661,3.2049080539443837,1.433358551632696,1.2002081481436406,1.5435615666852733,1.1904387951731,0
-0.2026806393740922,0.6339047575590878,2.1917293523645527,1.877579451818529,-0.109509213339405,0.1574169368362585,1.5569485469124338,0.792740849643302,-0.38111775831572836,-0.031100105605433803,0.7621588557067822,0
-0.4994080336929587,2.394176205491504,-3.017582708637744,2.729975695828431,-1.586046515241607,-1.0768066036828456,1.5689585044657697,0.2112212635106014,0.9516690848494196,-2.6195501909288157,-1.5702818483447967,0
-0.38844871756787025,0.005096435689443798,0.6570810606480632,-0.030091284838331737,0.04097032523000195,-0.6643419379202928,-0.10405448993352621,-0.6379758927591748,-1.0853532643235488,-1.2218101398738308,-0.6524894559759415,1
-0.27921805059261084,0.09004164585507055,0.7998343679135882,0.23871669328609021,0.054065042757853364,-0.5049215453879036,0.10660003733044027,-0.7251927054194863,-1.1489416419334175,-1.116962680653539,-0.8568794624986266,1
-0.29175575578858615,-0.22200108710995164,-0.5563977776007352,-0.10398737860506259,0.39835941144284087,-0.47281339332982986,-0.04726778960616719,-0.4592399834228296,-0.5460104653034722,-0.9903458283272542,-0.19585545542196747,1
-0.18252508881332696,-0.1370558769443252,-0.4136444703352097,0.16482059951935904,0.4114541289706924,-0.31339300079744054,0.16338673765779954,-0.5464567960831411,-0.6095988429133408,-0.8854983691069624,-0.40024546194465244,1
-0.248346873667868,0.15021105749406266,-1.065153011772169,0.07434330738626345,0.3906691015557425,-0.09073959644728105,0.20089166127414462,-0.5914204852921229,-0.7195760942058138,0.12711776968443925,-0.6958266237502527,0
-0.3785753575944038,0.301430372205338,-1.2932913260139718,0.4438248047320778,0.41965886283907694,-0.614035574148469,0.4788784607583503,-0.7662855354601421,-0.7263335363334847,-0.5115725488319364,-0.5390346924006263,0
-0.0978115873330355,0.7852538953135177,-1.273573203491306,-0.38813630610887806,0.22216088807469808,0.28799881904555064,-0.3371091541836783,-0.7419970903327467,-1.111229333655571,0.35771167227260375,-1.0071248653527942,0
-0.22804007125957132,0.9364732100247932,-1.5017115177331086,-0.018654808763063843,0.25115064935803244,-0.2352971586556372,-0.05912235469947271,-0.916862140500766,-1.117986775783242,-0.28097864624377134,-0.8503329340031679,0
-0.2026806393740922,-0.7435678278465507,0.2115061084639601,-1.2166986032624267,0.7103590536888006,0.20022182304258374,-0.6078512633361817,1.484321169728894,-0.53609045699204,1.2197622162843529,0.7206745739534051,0
-0.2026806393740922,-0.20932447541828747,1.5092622395563169,0.9987549264401651,0.4152248395950192,-0.5042026696980648,0.9833355335941522,1.5656360137943888,1.5614608088989381,1.511191873842973,2.0811101384681505,1
-0.2026806393740922,0.8603045838546913,1.7772415298903563,1.7976355240235076,3.470026451187162,-0.3677854624206829,1.529897962402971,1.5871193419475922,1.4662559916608275,1.7247144251367947,2.4051655014836757,1
0.6319038564625507,0.3378349373288164,0.12262167235381151,-0.8733403518919632,0.6828631643604155,-0.2677225739392679,-0.5788183966044487,1.558324833651006,-0.10020650802403978,0.5471264550879141,1.0391634250112873,0
1.2304314056297694,-0.6132791355733485,-0.03004795060988437,-1.090069726085807,0.7458686231244477,0.05436425575624718,-0.8286379967470492,1.5983979752293975,0.8095256573999527,-0.18456033019345136,1.0842971058820217,0
-0.034426579602163214,-0.5711511819348483,-0.7314091944971932,1.074762936144477,0.03130391284216541,-1.1115148300963635,0.7545104094676305,-0.5320407557797094,1.3505927478384607,-0.3763955193619193,0.3979232043658745,1
-0.39694488473116923,0.3633387732931181,-0.07074520791952886,0.4787685648219614,-0.5470347656876874,-1.0329761161232047,-1.3323672958217698,-0.35274646114430847,-1.2339076406194671,-0.9531590437815093,0.33749349593132366,1
-0.14599801143812602,1.5142574986789863,0.27912020113784514,-0.27186794283341775,-0.8897430416440226,0.9731701229174198,-1.2989509795646061,-0.8540345851519758,-0.5564658217357742,-0.7233872507102694,-1.363069601290421,0
-0.2026806393740922,0.975400635874653,0.6465222812669887,2.1097971170147187,0.5982623612031605,-3.486353191910829,2.0952611655765443,0.2837204806820267,-0.19663036260734437,0.3313952594183556,0.8574020372342387,0
