live.cd8,B.memory,NK,Mo0,Macro,B.plasma,CD8.GrzmB,live.cd4tconv,cd4.treg,DC,Neutro,Target
-0.7029470821933517,-1.5290460696437247,-0.49483105841445896,0.3552878172990411,-0.5516386032999028,0.293026485370102,-0.4432340984922149,1.5992988137159028,-2.104069202250247,-0.07420166251600117,-0.6114422319626472,0
1.1594863083660873,1.8973675336438802,-0.49483105841445896,-0.9827832759940731,-0.5516386032999028,0.293026485370102,-0.3690785609937419,1.55806398251169,-2.0600232803050766,-1.2300639597142005,-0.6114422319626472,0
1.407114032655657,1.9619900246256696,-0.49483105841445896,-0.7833191555057114,-0.5516386032999028,0.293026485370102,-0.2771969618956169,1.7224811622183573,-2.3910730006133285,-0.8115340357086175,-0.6114422319626472,1
0.9143876935975803,-0.6129974055109716,-0.49483105841445896,-1.067179876474044,-0.5516386032999028,0.293026485370102,-0.5814512886049755,-1.1305809805193907,0.9345988450329669,-1.6225114162824292,-0.6114422319626472,0
0.8315194650311768,-0.6567835723822765,-0.49483105841445896,-0.1964078724845493,-0.5516386032999028,0.293026485370102,-0.3927460392855895,1.2022870732968272,-2.607022514303255,-0.6090084267191975,-0.6114422319626472,0
0.5615475578709078,-0.6453680444922409,-0.49483105841445896,-0.37193971575782653,-0.5516386032999028,0.293026485370102,-0.5126164831846984,0.6914270040477178,-1.175661965704446,-0.36245930077843547,-0.6114422319626472,1
0.6768053666021077,0.04524786603389862,-0.49483105841445896,0.5413024807158284,-0.5516386032999028,0.293026485370102,1.9056257813873603,1.0138975619637598,-0.9544933025107097,-0.391006281141592,-0.6114422319626472,0
0.8244962955633902,0.832084296752627,-0.49483105841445896,-1.4384598467628131,-0.5516386032999028,0.293026485370102,1.9827932834899376,-0.212594682608534,0.24177284432576007,-2.1127690737142406,-0.6114422319626472,0
0.8244962955633902,1.1080391369190465,-0.49483105841445896,0.11204786023052897,-0.5516386032999028,0.293026485370102,1.959803626258689,1.0986132322458646,-1.0640306857586146,-0.5577677658278885,-0.6114422319626472,1
0.1192375807899165,-0.21167479543904016,-0.49483105841445896,-0.2050957957926246,-0.5516386032999028,0.293026485370102,1.676875694415716,-0.7767811024502139,0.5949753681422316,-0.4756191927866038,-0.6114422319626472,0
-0.6288478644524337,-0.6503317662412944,-0.49483105841445896,-0.3116423471704811,-0.5516386032999028,0.293026485370102,1.9026087204378526,-1.7221513444990595,1.7911981720359402,-0.4528593880761803,-0.6114422319626472,1
2.063438793455781,0.4858092654434535,-0.49483105841445896,-1.206244132466595,-0.5516386032999028,0.293026485370102,1.9654595324342325,-0.499791428712973,0.41258380126540595,-1.1471767383858418,-0.6114422319626472,1
0.9908458853276024,-0.9154415782579164,-0.49483105841445896,0.8806921149628923,-0.5516386032999028,0.293026485370102,-0.49889838908163,0.12106705018251476,-0.05973619816003512,0.26045413571762244,-0.6114422319626472,0
1.790079670590609,-0.9278071721625553,-0.49483105841445896,0.04694805742075277,-0.5516386032999028,0.293026485370102,-0.22866143904764005,1.5255279858059707,-1.2902123146785327,-0.10969980378563927,-0.6114422319626472,1
3.4276537440371566,1.0995903759442953,-0.49483105841445896,-0.464651636366133,-0.5516386032999028,0.293026485370102,-0.18679117656335792,2.8152171279142,-3.829929667519144,-0.928597443208993,-0.6114422319626472,1
0.5945954416781523,-0.24806789737385337,-0.49483105841445896,-0.669307308113369,-0.5516386032999028,0.293026485370102,-0.6025717783431157,-1.0758045387406057,1.1168235028604834,-0.5021035022147946,-0.6114422319626472,0
0.08426420868732203,-0.5153234597443304,-0.49483105841445896,0.3378020742364479,-0.5516386032999028,0.293026485370102,-0.573567515674561,-3.718452006521913,2.8930027971714356,0.3036408713285103,-0.6114422319626472,1
2.6463844608741125,1.9845645069705085,-0.49483105841445896,-1.3727230781072048,-0.5516386032999028,0.293026485370102,-0.347823383668825,0.22362007800080266,-1.1320117758982535,-0.9766084901434062,-0.6114422319626472,1
-0.39865957289624515,0.24280144732196532,-0.14727464439244123,0.32563484109989754,-0.24964817685686985,1.6147912015145058,-0.6706359698485114,-0.44134472398248603,0.5762860245127985,0.519569279203562,0.16969583535093624,0
-0.19443831571101877,0.8513272926695852,-1.6860958375562134,-0.18043502240394907,-0.8373267931918396,3.4678519643713517,-0.558174130994351,-0.4166875038797607,0.5210057888403531,0.34468345384555615,-0.8872107340864547,0
-0.14491117523253555,0.9236589183514866,1.7385069686955807,0.06153102259086739,1.4407928537926709,2.7319588796817755,-0.2740923609172668,-0.1784575488044221,0.26157169501296124,1.2749565981215545,-0.22115460226549988,1
-0.3012944130368419,0.04321241547319131,-1.3004399501618797,0.7943597744166789,-1.7120349391858323,-1.2754072877958296,-0.6184812464321482,-1.1325710408778673,0.9881790869051178,0.14867917989825633,-0.8438146445949011,0
-0.03443651302352259,1.2247453668346169,-2.0170607156913576,0.37451096018649077,-0.5018076780722768,1.6152284514180044,-0.5490524582644922,-0.5969514499987774,0.737874135195065,0.8738349999407923,-0.7246226425594954,0
-0.049427231667546444,0.6650864643329818,2.026193863567485,0.690139974713663,2.1999767043534937,0.49801217805391923,-0.35925505915824313,-0.6462630673713047,0.5994144822906803,1.2749520412910293,-0.13981853149862228,1
-0.3948674382502263,-0.3513188611966455,-1.1263230958551116,0.4695727406445543,-2.8919798746830323,-1.9044633869860221,-0.48626261256549796,-0.5146018044321283,0.5347628199749519,-0.16937933541396902,-1.2595663546556533,0
-0.38452184765247904,0.31485617719484293,1.2396482121461627,0.36276058651512005,-1.452603539742618,0.24041927250149972,-0.42261906408414984,-0.649150545185299,0.7376895365940963,0.7461858666298604,-1.198976936046801,0
-0.5207251100859802,-0.09699730874078745,-1.3062724876854797,0.41427340457370077,-1.066500805489235,-0.051610861166658674,-0.26589331628811147,-1.0102744428711061,0.8907328996256354,0.03657490412634715,-2.5610644478842,1
-0.18397134474819923,0.05985605103303373,0.5374882225522865,0.4665418644870476,-2.6144770070957417,-0.7874414684989327,-0.6506509090708603,-0.4424317831444318,0.3550841780343366,-0.16476486714289892,-0.7634740318743293,0
0.03916999073977376,-0.5419928131508566,0.5374882225522865,0.6082012492889173,-1.5466579657919857,-1.0450343740513521,-0.5099893822159175,-0.15088419574077158,0.12316846461131192,-0.5980005249334464,-0.9065268160669345,1
-0.09209496919841763,0.15704789142442774,0.8147689603378726,0.5813325177900482,-1.7283576288801075,-0.7874414684989327,-0.4059385331618642,-0.271073231577624,0.25466867838424545,-0.19970965382265962,0.5093815596122794,1
-0.2501370012867506,-0.47462879325860036,-2.580547995311775,0.6571235925522003,-0.5551465260737832,0.24041927250149972,-0.5925908007114596,-0.6349819655423251,0.4941547632130295,0.007296429028408479,-1.3703218745860035,0
-0.3922379884491785,-0.08661162451510157,-2.226748311771196,0.55514883780075,0.46055491667828974,-0.7874414684989327,-0.46589384487504165,-0.8351844081115386,0.6567662625637504,-0.052890999980891265,-0.5179639801033329,1
-0.4220951699029133,-0.016920680141427103,-1.4362255570480968,0.44305196538105884,-0.12713028344581515,1.4643328397835684,-0.44811560415826907,-0.7667017187643523,0.6121517251292807,0.2279572671304828,-0.28703425891927115,1
-0.16717969241744668,-0.4839806398953941,-1.6113397529103968,0.7916450118598051,0.13645455739651302,0.09929863262826398,-0.49863488282098434,-0.43263985774154506,0.28441556654542366,0.03460593892633372,-0.23686885895727156,0
-0.3484040536466489,-0.02195549943603233,-0.6026472821488985,0.35603468598040566,1.1150312099283328,-0.1582942729241556,-0.79463685703581,-0.5208851534369437,0.4817631036012413,0.17598868979618154,0.11669057190395116,1
-0.29362055893118333,-0.10152310564121927,0.23992212922091138,0.5966659085249506,0.0013661169615886632,0.09929863262826398,-0.4260949601930147,-0.8410041289127212,0.7137490692737808,0.4495133719468481,0.11669057190395116,1
-1.3032394298561238,0.02225692795886956,0.5398157000885007,0.6561573076660739,0.6017875672362575,-0.3196652567673841,-0.5980959156737997,0.34522228712559017,-0.002945145088973371,0.05817405552047579,0.6670278894137971,0
-2.157987923489269,0.6414187961193686,0.5398157000885007,-0.18069842713652268,0.6017875672362575,-0.3196652567673841,1.7685881442187963,0.522842884092474,-0.056313014135428406,-0.9666486725782195,0.6670278894137971,1
0.41773446356655425,-2.636501124486319,0.5398157000885007,-1.2672625513626001,0.6017875672362575,-0.3196652567673841,1.52057047749104,-0.4462669746927711,0.38363951518410055,-1.0184721195094035,0.6670278894137971,1
-1.226574286167117,0.5839602876903753,0.5398157000885007,0.025640193849290265,0.6017875672362575,-0.3196652567673841,-0.5980959156737997,1.9076109330693913,-1.122098172132757,-0.9216524658872691,0.6670278894137971,0
-1.8448805724041515,2.6946589964809635,0.5398157000885007,0.24145563504158793,0.6017875672362575,-0.3196652567673841,2.0551720114288607,1.6368765889351815,-0.8173929187685269,-0.017176879931083782,0.6670278894137971,1
-1.8568320212741416,2.4038068320105195,0.5398157000885007,-4.6891765415599345,0.6017875672362575,-0.3196652567673841,1.9026087204378526,0.8928058878549469,-0.28946983307019675,-4.300487975761592,0.6670278894137971,1
-0.9719767900894668,1.5959874046312263,0.5398157000885007,0.6408349322039086,0.6017875672362575,-0.3196652567673841,-0.5980959156737997,-0.465472486945733,0.48712523267072366,-0.5370181084813042,0.6670278894137971,0
-2.501415057907603,-0.4894518379871476,0.5398157000885007,0.6408349322039086,0.6017875672362575,-0.3196652567673841,-0.5980959156737997,0.37188150978309265,-0.06749192803201462,0.3011251385734766,0.6670278894137971,1
0.4376822938217943,-0.23742426849291606,0.5398157000885007,-1.5419611253591576,0.6017875672362575,-0.3196652567673841,2.0086281816542666,0.1658996671761524,0.024655441802355883,-0.789190089929793,0.6670278894137971,1
-0.3299260703340103,-0.6161432371552429,0.5398157000885007,-0.7369432495769445,0.6017875672362575,-0.3196652567673841,1.7028352693284325,-0.10430799642946999,0.16607783254197622,-0.2560304881092627,0.6670278894137971,0
0.8243741893774272,-2.2846454261698703,0.5398157000885007,-0.7369432495769445,0.6017875672362575,-0.3196652567673841,1.8525545500334448,0.3099226411057631,-0.0032471672086072582,-0.033934157375682034,0.6670278894137971,1
2.065347368718849,-1.4226283217562712,0.5398157000885007,-3.4915064151199737,0.6017875672362575,-0.3196652567673841,2.0199536779617207,2.396749898718576,-1.0501712600001698,-2.0046467923036553,0.6670278894137971,1
0.1477152184279829,0.336994334822252,0.5398157000885007,1.446763205891377,0.6017875672362575,-0.3196652567673841,-2.719318157267599,-0.347051747901148,0.3561172775464532,1.41487336157682,0.6670278894137971,0
0.532898629310512,0.8422579972618301,0.5398157000885007,0.06906782422394551,0.6017875672362575,-0.3196652567673841,-0.2226133388739714,0.9974682561335184,-0.6607023415607062,1.2020961251981739,0.6670278894137971,1
1.3167006762591635,-1.3135566733657111,0.5398157000885007,-2.1137282333391205,0.6017875672362575,-0.3196652567673841,-0.8525700152987785,0.8649071825223208,-0.6352439925991507,-0.8674076088564139,0.6670278894137971,1
-0.11379747874698476,-0.39945032196185526,0.3930170822753397,0.7154215185918485,-0.4385811420540239,-0.7874414684989327,-0.5792464473264066,0.05127635978243013,0.10799006282446863,0.14867917989825633,-0.8192734985629435,0
-0.36256111632304383,0.4892763888987944,0.795131197944096,0.4220278972599254,1.0007951928863903,0.9368889537713205,-0.1911888417355712,0.19676868241578524,0.058742042787586185,1.0907780282033261,1.4556853076327263,1
-0.4049639194171514,0.697631107699374,-0.4160921836598607,-0.016148082772005988,0.37823557545507597,1.4643328397835684,-0.059182500687360834,0.4915498665509654,-0.09684188953688573,1.727788058396217,2.3398167603924067,1
-0.46569805202568354,-0.02460619693827148,0.7400777447366822,0.4688079371777237,1.955329616538987,1.3022507249918773,-0.625674174440678,0.1306230934671646,-0.0005318403729593452,0.5570154352849213,1.4949540679467017,0
-0.32156336000595764,0.31737983198555053,0.7160515140581485,0.29268648347440357,2.307006558921415,1.6152284514180044,-0.2253619078276832,-0.30582183504734434,0.3924974331589472,1.68326855085509,1.78151933077275,1
-0.4175349852150896,0.6789414625851841,1.2637288110992104,0.3017973880639737,2.307006558921415,1.7563824987240013,-0.21011933982430672,-0.24388872730706326,0.31450058542743475,1.7711202680850884,2.809825631858739,1
-0.18979404745360465,-0.3726757151302812,-1.2240293831465265,0.8288927187332815,-0.9159333419589236,-1.0450343740513521,-0.5180700034244158,-0.5766310348522228,0.4769268139403651,0.2365285217290406,0.39498900641600737,0
-0.42212346926257593,0.5041159777220228,2.7235389923464375,0.0622070363193444,0.5578787599969605,0.17887919323071652,-0.21069627268908755,-0.615235595113611,0.504256914863086,1.083551705587831,1.9699005930777085,1
-0.4147167729697425,0.10639042915627599,-1.1047325440093079,0.5143983628187664,0.680396653408015,-0.34856469278153157,-0.10120488175647474,-0.08397494705039692,0.22489104401347598,1.2291585890258363,0.12973116465698076,1
-0.3946157870586113,-0.9337618271045285,-0.6294816047837017,0.4019421675395066,0.23052516593296107,-1.226318244216334,-0.4438429952148336,-0.15715110507965235,0.20344222842067042,0.47473903443795934,0.5166882659106342,0
-0.23901925243570402,-0.9337618271045285,1.899534995928776,0.37130993987510824,1.0692330394124123,-0.5971406772762287,-0.5639163144917653,0.3133835527717269,-0.10114368215656282,0.7039718612959864,1.647156820557389,1
-0.33175237375225036,-0.28891819676789576,-0.10413439877095303,0.6679549059046372,0.441331791717143,-0.5971406772762287,-0.005000720182475395,0.16576866916043415,0.029005316691358564,0.7461784600273479,1.9542964700450152,1
-0.29875381131555134,-0.9337618271045285,0.16499626264482106,0.9088461379971946,-1.0072962347231085,-1.5492285877112464,-0.5581756218129595,-0.47185463902548364,0.46889082757332634,-0.06828938045034177,-2.4208280631611254,0
-0.517743028158151,-2.0357874998342638,1.2155177634104297,0.991543280810858,0.9045731785121562,-3.065146255778549,-0.34135516653174924,-1.1816206750102456,0.6590115677019072,0.5112560744053732,-0.3143221046536345,1
-0.5460760470724689,-0.28891819676789576,0.8948100325572221,0.8898676759482409,0.5407278480304656,-0.7874414684989327,-0.039095937510845974,-0.044324833974159726,0.2503783980099588,0.5513782308197869,-0.21407655029961262,1
-0.36687789886007127,-0.28891819676789576,0.6948478081510494,0.17481520052553295,0.0013661169615886632,-0.7874414684989327,-0.6442211176521734,-0.6188387398021048,0.31041266521919614,0.8953505706291208,0.33228102559112155,0
-0.34991455353020506,-0.28891819676789576,0.962542594202393,0.6148915811225203,0.8182147553321176,-0.6253593537072418,-0.5050895285287023,-0.07072086177765718,0.17396025675035148,1.0579726004805656,0.11669057190395116,1
-0.44282018300535725,-0.9337618271045285,0.731357916608758,0.8537833326879771,0.0013661169615886632,-1.5916800154368913,-0.20410161757321157,0.018347821868037704,0.17094202409455236,1.2057897245099085,-1.1685327906364693,1
