Experiment,Treatment,Tissue,Mouse,Target,Timepoint_pre,Timepoint_peak,live.cd4tconv,cd4.treg,treg.cd103,treg.ly6c,cd4tconv.cd103,cd4tconv.ly6c,cd4tconv.cd44,cd4tconv.tbethi,cd4tconv.tbetmid,cd4tconv.th2,cd4tconv.mpec,cd4tconv.slec,live.cd8,CD8.CD44hi,CD8.CD103,CD8.GrzmB,CD8.Tbethi.Ly6Chi,CD8.Tbethi.Ly6Clo,CD8.VacTet,CD8.Ly6C,CD8.VacTet.MFI,ILC1,ILC2,NK,Neutro,Macro,Mo0,mo0.CD11c,mo0.CD11cneg,DC,B.naive.FO,B.memory,B.plasma,B.GC,B.immature,NK.GrzmB
C57BL/6,Intramuscular ,Lung,1,no,PBS,4.50E+02,1.599298813715902,-2.104069202250247,,,,,,,,,,,-0.7029470821933517,,,-0.4432340984922148,,,,,,,,,,,0.355287817299041,,,-0.07420166251600122,,-1.529046069643725,,,,
C57BL/6,Intramuscular ,Lung,1,no,PBS,4.50E+04,1.5580639825116893,-2.060023280305077,,,,,,,,,,,1.1594863083660873,,,-0.36907856099374187,,,,,,,,,,,-0.9827832759940731,,,-1.2300639597142007,,1.8973675336438798,,,,
C57BL/6,Intramuscular ,Lung,1,Yes,PBS,4.50E+06,1.7224811622183578,-2.3910730006133285,,,,,,,,,,,1.407114032655657,,,-0.27719696189561677,,,,,,,,,,,-0.7833191555057114,,,-0.8115340357086176,,1.9619900246256694,,,,
C57BL/6,Intramuscular ,Lung,2,no,PBS,4.50E+02,-1.1305809805193905,0.9345988450329669,,,,,,,,,,,0.9143876935975803,,,-0.5814512886049754,,,,,,,,,,,-1.067179876474044,,,-1.6225114162824295,,-0.6129974055109718,,,,
C57BL/6,Intramuscular ,Lung,2,no,PBS,4.50E+04,1.2022870732968276,-2.6070225143032544,,,,,,,,,,,0.8315194650311768,,,-0.3927460392855894,,,,,,,,,,,-0.1964078724845493,,,-0.6090084267191976,,-0.6567835723822767,,,,
C57BL/6,Intramuscular ,Lung,2,Yes,PBS,4.50E+06,0.6914270040477183,-1.175661965704446,,,,,,,,,,,0.5615475578709077,,,-0.5126164831846984,,,,,,,,,,,-0.37193971575782653,,,-0.36245930077843563,,-0.645368044492241,,,,
C57BL/6,Intramuscular ,Lung,3,no,PBS,4.50E+02,1.0138975619637596,-0.9544933025107097,,,,,,,,,,,0.6768053666021079,,,1.9056257813873605,,,,,,,,,,,0.5413024807158284,,,-0.3910062811415921,,0.045247866033898555,,,,
C57BL/6,Intramuscular ,Lung,3,no,PBS,4.50E+04,-0.2125946826085335,0.24177284432576007,,,,,,,,,,,0.8244962955633902,,,1.9827932834899373,,,,,,,,,,,-1.4384598467628131,,,-2.1127690737142406,,0.8320842967526269,,,,
C57BL/6,Intramuscular ,Lung,3,Yes,PBS,4.50E+06,1.0986132322458653,-1.0640306857586146,,,,,,,,,,,0.8244962955633902,,,1.9598036262586893,,,,,,,,,,,0.11204786023052897,,,-0.5577677658278885,,1.1080391369190465,,,,
C57BL/6,Intranasal,Lung,1,no,PBS,4.50E+02,-0.7767811024502144,0.5949753681422318,,,,,,,,,,,0.1192375807899165,,,1.6768756944157162,,,,,,,,,,,-0.2050957957926246,,,-0.47561919278660386,,-0.2116747954390402,,,,
C57BL/6,Intranasal,Lung,1,Maybe,PBS,4.50E+04,-1.72215134449906,1.7911981720359402,,,,,,,,,,,-0.6288478644524338,,,1.9026087204378528,,,,,,,,,,,-0.3116423471704811,,,-0.45285938807618037,,-0.6503317662412944,,,,
C57BL/6,Intranasal,Lung,1,Yes,PBS,4.50E+06,-0.4997914287129743,0.41258380126540606,,,,,,,,,,,2.063438793455781,,,1.9654595324342328,,,,,,,,,,,-1.206244132466595,,,-1.1471767383858418,,0.48580926544345343,,,,
C57BL/6,Intranasal,Lung,2,no,PBS,4.50E+02,0.1210670501825148,-0.05973619816003507,,,,,,,,,,,0.9908458853276024,,,-0.4988983890816299,,,,,,,,,,,0.8806921149628923,,,0.26045413571762255,,-0.9154415782579164,,,,
C57BL/6,Intranasal,Lung,2,Maybe,PBS,4.50E+04,1.5255279858059714,-1.2902123146785327,,,,,,,,,,,1.7900796705906086,,,-0.22866143904763994,,,,,,,,,,,0.04694805742075269,,,-0.10969980378563932,,-0.9278071721625555,,,,
C57BL/6,Intranasal,Lung,2,Yes,PBS,4.50E+06,2.8152171279141998,-3.829929667519144,,,,,,,,,,,3.4276537440371566,,,-0.1867911765633578,,,,,,,,,,,-0.464651636366133,,,-0.9285974432089931,,1.0995903759442949,,,,
C57BL/6,Intranasal,Lung,3,no,PBS,4.50E+02,-1.075804538740606,1.1168235028604834,,,,,,,,,,,0.5945954416781523,,,-0.6025717783431156,,,,,,,,,,,-0.6693073081133691,,,-0.5021035022147946,,-0.24806789737385337,,,,
C57BL/6,Intranasal,Lung,3,Maybe,PBS,4.50E+04,-3.718452006521911,2.8930027971714356,,,,,,,,,,,0.08426420868732203,,,-0.5735675156745609,,,,,,,,,,,0.3378020742364478,,,0.3036408713285103,,-0.5153234597443305,,,,
C57BL/6,Intranasal,Lung,3,Yes,PBS,4.50E+06,0.22362007800080277,-1.1320117758982535,,,,,,,,,,,2.6463844608741125,,,-0.34782338366882487,,,,,,,,,,,-1.3727230781072048,,,-0.9766084901434066,,1.9845645069705082,,,,
BALB/c,Intramuscular ,Lung,1,no,PBS,4.50E+02,,,,,,,,,,,,,,,,,,,,,,,,,,,,,,,,,,,,
BALB/c,Intramuscular ,Lung,1,maybe,PBS,4.50E+04,,,,,,,,,,,,,,,,,,,,,,,,,,,,,,,,,,,,
BALB/c,Intramuscular ,Lung,1,Yes,PBS,4.50E+06,,,,,,,,,,,,,,,,,,,,,,,,,,,,,,,,,,,,
BALB/c,Intramuscular ,Lung,2,no,PBS,4.50E+02,0.3452222871255911,-0.0029451450889734186,,,,,,,,,,,-1.3032394298561238,,,-0.5980959156737996,,,,,,,,,,,0.6561573076660739,,,0.058174055520475755,,0.022256927958869497,,,,
BALB/c,Intramuscular ,Lung,2,maybe,PBS,4.50E+04,0.5228428840924745,-0.05631301413542836,,,,,,,,,,,-2.157987923489269,,,1.768588144218796,,,,,,,,,,,-0.18069842713652268,,,-0.9666486725782196,,0.6414187961193685,,,,
BALB/c,Intramuscular ,Lung,2,Yes,PBS,4.50E+06,-0.4462669746927712,0.38363951518410067,,,,,,,,,,,0.41773446356655425,,,1.5205704774910402,,,,,,,,,,,-1.2672625513626001,,,-1.0184721195094035,,-2.6365011244863195,,,,
BALB/c,Intramuscular ,Lung,3,no,PBS,4.50E+02,1.9076109330693913,-1.122098172132757,,,,,,,,,,,-1.226574286167117,,,-0.5980959156737996,,,,,,,,,,,0.02564019384929019,,,-0.9216524658872693,,0.5839602876903752,,,,
BALB/c,Intramuscular ,Lung,3,maybe,PBS,4.50E+04,1.6368765889351817,-0.8173929187685269,,,,,,,,,,,-1.8448805724041515,,,2.0551720114288607,,,,,,,,,,,0.24145563504158793,,,-0.017176879931083848,,2.6946589964809635,,,,
BALB/c,Intramuscular ,Lung,3,Yes,PBS,4.50E+06,0.8928058878549469,-0.28946983307019675,,,,,,,,,,,-1.8568320212741416,,,1.9026087204378528,,,,,,,,,,,-4.6891765415599345,,,-4.300487975761593,,2.4038068320105195,,,,
BALB/c,Intranasal,Lung,1,no,PBS,4.50E+02,-0.4654724869457343,0.48712523267072383,,,,,,,,,,,-0.9719767900894668,,,-0.5980959156737996,,,,,,,,,,,0.6408349322039086,,,-0.5370181084813043,,1.5959874046312261,,,,
BALB/c,Intranasal,Lung,1,maybe,PBS,4.50E+04,0.37188150978309326,-0.06749192803201472,,,,,,,,,,,-2.501415057907603,,,-0.5980959156737996,,,,,,,,,,,0.6408349322039086,,,0.3011251385734767,,-0.48945183798714764,,,,
BALB/c,Intranasal,Lung,1,Yes,PBS,4.50E+06,0.16589966717615245,0.024655441802355835,,,,,,,,,,,0.4376822938217943,,,2.008628181654267,,,,,,,,,,,-1.5419611253591576,,,-0.7891900899297931,,-0.23742426849291606,,,,
BALB/c,Intranasal,Lung,2,no,PBS,4.50E+02,-0.10430799642946995,0.16607783254197625,,,,,,,,,,,-0.3299260703340103,,,1.7028352693284328,,,,,,,,,,,-0.7369432495769445,,,-0.2560304881092627,,-0.616143237155243,,,,
BALB/c,Intranasal,Lung,2,maybe,PBS,4.50E+04,0.3099226411057635,-0.00324716720860721,,,,,,,,,,,0.8243741893774272,,,1.8525545500334455,,,,,,,,,,,-0.7369432495769445,,,-0.03393415737568204,,-2.28464542616987,,,,
BALB/c,Intranasal,Lung,2,Yes,PBS,4.50E+06,2.396749898718576,-1.0501712600001698,,,,,,,,,,,2.065347368718849,,,2.019953677961721,,,,,,,,,,,-3.4915064151199737,,,-2.0046467923036553,,-1.4226283217562712,,,,
BALB/c,Intranasal,Lung,3,no,PBS,4.50E+02,-0.34705174790114696,0.35611727754645345,,,,,,,,,,,0.1477152184279829,,,-2.719318157267599,,,,,,,,,,,1.446763205891377,,,1.4148733615768203,,0.33699433482225194,,,,
BALB/c,Intranasal,Lung,3,maybe,PBS,4.50E+04,0.9974682561335194,-0.6607023415607062,,,,,,,,,,,0.5328986293105121,,,-0.22261333887397128,,,,,,,,,,,0.06906782422394543,,,1.2020961251981739,,0.84225799726183,,,,
BALB/c,Intranasal,Lung,3,Yes,PBS,4.50E+06,0.8649071825223209,-0.6352439925991507,,,,,,,,,,,1.3167006762591635,,,-0.8525700152987784,,,,,,,,,,,-2.1137282333391205,,,-0.867407608856414,,-1.3135566733657111,,,,
C57BL/6,Intramuscular ,Spleen,1,no,PBS,4.50E+02,-0.4413447239824861,0.5762860245127985,,,,,,,,,,,-0.3986595728962452,,,-0.6706359698485113,,,,,,,,-0.13127867032880233,0.11421611319437636,-0.21631100258120367,0.32563484109989754,,,0.519569279203562,,0.24280144732196532,1.2032119965159174,,,
C57BL/6,Intramuscular ,Spleen,1,no,PBS,4.50E+04,-0.4166875038797609,0.5210057888403531,,,,,,,,,,,-0.19443831571101874,,,-0.5581741309943509,,,,,,,,-1.32122984745724,-0.7364759421856982,-0.679037125131972,-0.18043502240394907,,,0.3446834538455562,,0.8513272926695851,2.5726674608150386,,,
C57BL/6,Intramuscular ,Spleen,1,Yes,PBS,4.50E+06,-0.1784575488044209,0.26157169501296124,,,,,,,,,,,-0.14491117523253555,,,-0.2740923609172667,,,,,,,,1.3269726588510884,-0.2003749507055476,1.114707689899749,0.06153102259086731,,,1.2749565981215547,,0.9236589183514865,2.0288251723331423,,,
C57BL/6,Intramuscular ,Spleen,2,no,PBS,4.50E+02,-1.1325710408778682,0.9881790869051178,,,,,,,,,,,-0.301294413036842,,,-0.6184812464321481,,,,,,,,-1.0230069745138992,-0.7015469242076201,-1.3677644286428234,0.794359774416679,,,0.14867917989825635,,0.04321241547319131,-0.9327126279918598,,,
C57BL/6,Intramuscular ,Spleen,2,no,PBS,4.50E+04,-0.5969514499987784,0.737874135195065,,,,,,,,,,,-0.03443651302352254,,,-0.5490524582644921,,,,,,,,-1.577160847156677,-0.60561063983923,-0.4148562363510068,0.3745109601864906,,,0.8738349999407924,,1.2247453668346169,1.2035351344731895,,,
C57BL/6,Intramuscular ,Spleen,2,Yes,PBS,4.50E+06,-0.6462630673713055,0.5994144822906804,,,,,,,,,,,-0.049427231667546444,,,-0.359255059158243,,,,,,,,1.5494373355257185,-0.13490847408590997,1.712473526036516,0.690139974713663,,,1.2749520412910291,,0.6650864643329818,0.37788604566317385,,,
C57BL/6,Intramuscular ,Spleen,3,no,PBS,4.50E+02,-0.5146018044321286,0.5347628199749521,,,,,,,,,,,-0.39486743825022635,,,-0.48626261256549785,,,,,,,,-0.8883645893812502,-1.036180738573662,-2.296828937117005,0.4695727406445541,,,-0.1693793354139691,,-0.3513188611966456,-1.3975998727353014,,,
C57BL/6,Intramuscular ,Spleen,3,no,PBS,4.50E+04,-0.649150545185299,0.7376895365940965,,,,,,,,,,,-0.3845218476524791,,,-0.42261906408414973,,,,,,,,0.9412114234236323,-0.9874130058893195,-1.1634934509425667,0.36276058651511994,,,0.7461858666298605,,0.3148561771948429,0.18751883313334916,,,
C57BL/6,Intramuscular ,Spleen,3,Yes,PBS,4.50E+06,-1.0102744428711072,0.8907328996256354,,,,,,,,,,,-0.5207251100859802,,,-0.26589331628811136,,,,,,,,-1.0275172028124737,-2.0837417245851384,-0.859484055056221,0.41427340457370077,,,0.03657490412634706,,-0.0969973087407875,-0.028298300501980723,,,
C57BL/6,Intranasal,Spleen,1,no,PBS,4.50E+02,-0.4424317831444319,0.35508417803433673,,,,,,,,,,,-0.1839713447481992,,,-0.6506509090708602,,,,,,,,0.3982398878991659,-0.6368816804272366,-2.0783288550207812,0.4665418644870475,,,-0.16476486714289895,,0.05985605103303373,-0.5720944167481539,,,
C57BL/6,Intranasal,Spleen,1,Maybe,PBS,4.50E+04,-0.1508841957407716,0.1231684646113119,,,,,,,,,,,0.0391699907397738,,,-0.5099893822159173,,,,,,,,0.3982398878991659,-0.7520232364849582,-1.2375499822929523,0.6082012492889172,,,-0.5980005249334465,,-0.5419928131508567,-0.7624616292779786,,,
C57BL/6,Intranasal,Spleen,1,Yes,PBS,4.50E+06,-0.2710732315776228,0.25466867838424545,,,,,,,,,,,-0.09209496919841756,,,-0.40593853316186407,,,,,,,,0.6126576134860037,0.3876252822839144,-1.3806165806556612,0.5813325177900482,,,-0.1997096538226597,,0.15704789142442768,-0.5720944167481539,,,
C57BL/6,Intranasal,Spleen,2,no,PBS,4.50E+02,-0.634981965542325,0.4941547632130297,,,,,,,,,,,-0.25013700128675054,,,-0.5925908007114596,,,,,,,,-2.0128985109346513,-1.125326594620704,-0.45685415431335413,0.6571235925522003,,,0.00729642902840848,,-0.4746287932586006,0.18751883313334916,,,
C57BL/6,Intranasal,Spleen,2,Maybe,PBS,4.50E+04,-0.835184408111539,0.6567662625637505,,,,,,,,,,,-0.3922379884491785,,,-0.46589384487504154,,,,,,,,-1.7393096418918434,-0.43927343709053984,0.3428883872903693,0.55514883780075,,,-0.052890999980891334,,-0.08661162451510157,-0.5720944167481539,,,
C57BL/6,Intranasal,Spleen,2,Yes,PBS,4.50E+06,-0.766701718764353,0.612151725129281,,,,,,,,,,,-0.4220951699029134,,,-0.4481156041582689,,,,,,,,-1.1280082855623603,-0.2534007357154403,-0.11984291920130435,0.44305196538105873,,,0.22795726713048292,,-0.016920680141427134,1.092019730319386,,,
C57BL/6,Intranasal,Spleen,3,no,PBS,4.50E+02,-0.43263985774154623,0.2844155665454237,,,,,,,,,,,-0.16717969241744662,,,-0.4986348828209842,,,,,,,,-1.2634219024425815,-0.21302317686901012,0.08769839330514219,0.7916450118598053,,,0.03460593892633368,,-0.4839806398953942,0.08322736289475513,,,
C57BL/6,Intranasal,Spleen,3,Maybe,PBS,4.50E+04,-0.5208851534369439,0.4817631036012415,,,,,,,,,,,-0.3484040536466489,,,-0.7946368570358099,,,,,,,,-0.4834126341302147,0.07155278058619627,0.8582096344129209,0.35603468598040566,,,0.17598868979618168,,-0.02195549943603233,-0.10713984963506958,,,
C57BL/6,Intranasal,Spleen,3,Yes,PBS,4.50E+06,-0.8410041289127215,0.7137490692737809,,,,,,,,,,,-0.2936205589311834,,,-0.42609496019301457,,,,,,,,0.1681357506503257,0.07155278058619627,-0.018667481692517616,0.5966659085249506,,,0.44951337194684815,,-0.10152310564121925,0.08322736289475513,,,
BALB/c,Intramuscular ,Spleen,1,no,PBS,4.50E+02,0.051276359782430954,0.10799006282446856,,,,,,,,,,,-0.11379747874698475,,,-0.5792464473264065,,,,,,,,0.28652216254071083,-0.6817940353875407,-0.36507295507985915,0.7154215185918485,,,0.14867917989825635,,-0.3994503219618553,-0.5720944167481539,,,
BALB/c,Intramuscular ,Spleen,1,maybe,PBS,4.50E+04,0.19676868241578563,0.058742042787586136,,,,,,,,,,,-0.3625611163230439,,,-0.1911888417355711,,,,,,,,0.5974719775066869,1.149294386910546,0.7682625310945791,0.4220278972599254,,,1.0907780282033264,,0.4892763888987943,0.7022262997483043,,,
BALB/c,Intramuscular ,Spleen,1,Yes,PBS,4.50E+06,0.4915498665509655,-0.09684188953688583,,,,,,,,,,,-0.4049639194171515,,,-0.05918250068736072,,,,,,,,-0.3391519103810612,1.8609217194709553,0.2780718217111993,-0.016148082772006068,,,1.7277880583962173,,0.6976311076993739,1.092019730319386,,,
BALB/c,Intramuscular ,Spleen,2,no,PBS,4.50E+02,0.13062309346716502,-0.0005318403729594409,,,,,,,,,,,-0.46569805202568354,,,-0.6256741744406779,,,,,,,,0.5548998308920053,1.1809013646602495,1.5198434129251372,0.46880793717772357,,,0.5570154352849213,,-0.024606196938271544,0.9722372373673263,,,
BALB/c,Intramuscular ,Spleen,2,maybe,PBS,4.50E+04,-0.3058218350473436,0.3924974331589473,,,,,,,,,,,-0.32156336000595775,,,-0.2253619078276831,,,,,,,,0.5363206472903677,1.411554479593379,1.7967466444124243,0.29268648347440346,,,1.68326855085509,,0.3173798319855505,1.2035351344731895,,,
BALB/c,Intramuscular ,Spleen,2,Yes,PBS,4.50E+06,-0.2438887273070623,0.31450058542743464,,,,,,,,,,,-0.4175349852150897,,,-0.2101193398243066,,,,,,,,0.9598326493317728,2.239226504847965,1.7967466444124243,0.3017973880639736,,,1.7711202680850886,,0.678941462585184,1.3078512935899143,,,
BALB/c,Intramuscular ,Spleen,3,no,PBS,4.50E+02,-0.5766310348522237,0.4769268139403653,,,,,,,,,,,-0.1897940474536046,,,-0.5180700034244157,,,,,,,,-0.9639196389814115,0.2955520196013744,-0.7409303138699443,0.8288927187332815,,,0.23652852172904068,,-0.37267571513028136,-0.7624616292779786,,,
BALB/c,Intramuscular ,Spleen,3,maybe,PBS,4.50E+04,-0.615235595113612,0.504256914863086,,,,,,,,,,,-0.42212346926257593,,,-0.21069627268908744,,,,,,,,2.088685599418704,1.5631804112124854,0.4195191909283189,0.06220703631934432,,,1.083551705587831,,0.5041159777220228,0.14203926790805832,,,
BALB/c,Intramuscular ,Spleen,3,Yes,PBS,4.50E+06,-0.08397494705039608,0.2248910440134759,,,,,,,,,,,-0.41471677296974263,,,-0.10120488175647464,,,,,,,,-0.8716688857492086,0.08204900510900767,0.5159872743082181,0.5143983628187663,,,1.2291585890258363,,0.10639042915627599,-0.24775416266302352,,,
BALB/c,Intranasal,Spleen,1,no,PBS,4.50E+02,-0.15715110507965235,0.20344222842067042,,,,,,,,,,,-0.3946157870586113,,,-0.4438429952148335,,,,,,,,-0.5041632801107774,0.3935063669310794,0.1617676664148699,0.4019421675395065,,,0.4747390344379595,,-0.9337618271045286,-0.8964346708332843,,,
BALB/c,Intranasal,Spleen,1,maybe,PBS,4.50E+04,0.3133835527717274,-0.10114368215656282,,,,,,,,,,,-0.23901925243570393,,,-0.5639163144917652,,,,,,,,1.451493617756557,1.3034076260432341,0.8221490916711859,0.37130993987510813,,,0.7039718612959865,,-0.9337618271045286,-0.4314576585672721,,,
BALB/c,Intranasal,Spleen,1,Yes,PBS,4.50E+06,0.16576866916043492,0.029005316691358515,,,,,,,,,,,-0.3317523737522504,,,-0.005000720182475285,,,,,,,,-0.09791885809918474,1.5506208303763558,0.3277524918717919,0.6679549059046372,,,0.746178460027348,,-0.2889181967678958,-0.4314576585672721,,,
BALB/c,Intranasal,Spleen,2,no,PBS,4.50E+02,-0.4718546390254846,0.46889082757332656,,,,,,,,,,,-0.2987538113155514,,,-0.5581756218129594,,,,,,,,0.11019651539305694,-1.9708670563704758,-0.8128675869622429,0.9088461379971947,,,-0.06828938045034184,,-0.9337618271045286,-1.1350730054424858,,,
BALB/c,Intranasal,Spleen,2,maybe,PBS,4.50E+04,-1.1816206750102463,0.6590115677019072,,,,,,,,,,,-0.517743028158151,,,-0.34135516653174913,,,,,,,,0.9225516493021908,-0.27536441183017674,0.6924992850314704,0.991543280810858,,,0.5112560744053732,,-2.0357874998342638,-2.255371797351407,,,
BALB/c,Intranasal,Spleen,2,Yes,PBS,4.50E+06,-0.04432483397415976,0.25037839800995887,,,,,,,,,,,-0.5460760470724689,,,-0.03909593751084586,,,,,,,,0.6745523732730173,-0.19467790732530557,0.40601491363819164,0.889867675948241,,,0.5513782308197871,,-0.2889181967678958,-0.5720944167481539,,,
BALB/c,Intranasal,Spleen,3,no,PBS,4.50E+02,-0.6188387398021048,0.3104126652191962,,,,,,,,,,,-0.3668778988600713,,,-0.6442211176521732,,,,,,,,0.5199240867830599,0.24507908032817743,-0.018667481692517616,0.17481520052553295,,,0.8953505706291209,,-0.2889181967678958,-0.5720944167481539,,,
BALB/c,Intranasal,Spleen,3,maybe,PBS,4.50E+04,-0.07072086177765698,0.1739602567503514,,,,,,,,,,,-0.3499145535302051,,,-0.5050895285287021,,,,,,,,0.7269291158196204,0.07155278058619627,0.6245024289319441,0.6148915811225202,,,1.0579726004805656,,-0.2889181967678958,-0.45231192379609414,,,
BALB/c,Intranasal,Spleen,3,Yes,PBS,4.50E+06,0.018347821868038072,0.17094202409455228,,,,,,,,,,,-0.44282018300535736,,,-0.20410161757321146,,,,,,,,0.548156896890786,-0.9629088601281752,-0.018667481692517616,0.8537833326879771,,,1.2057897245099087,,-0.9337618271045286,-1.1664456084523065,,,
