Population Definition Reported,count
CD3+ CD14- CD19- CD4+ gdTCR- CD56- CD8- CD45RA+ CD27-,8808
CD3+ CD14- CD19- CD4+ gdTCR- CD56- CD8- CD45RA- CD27+ CD161lo CD38hi CD127lo,8808
CD19+ CD3- CD56- CD14- CD24- CD27- CD38+ CD1clo IgDhi CD123hi,8808
CD19+ CD3- CD56- CD14- CD24- CD27- CD38+ CD1chi,8808
CD19+ CD3- CD56- CD14- CD24- CD27- CD38-,8808
CD19+ CD3- CD56- CD14- CD24- CD27- CD38+ CD1clo IgDhi CD123lo,8808
CD3+ CD14- CD19- CD4+ gdTCR- CD56- CD8- CD25+ CD127- CD38hi,8808
CD3+ CD14- CD19- CD4+ gdTCR- CD56- CD8- CD45RA- CD27+ CD161lo CD38lo CD127lo,8808
CD3+ CD14- CD19- CD4+ gdTCR- CD56- CD8- CD45RA- CD27+ CD161lo CD38lo CD127hi,8808
CD3+ CD14- CD19- CD4+ gdTCR- CD56- CD8- CD45RA+ CD27+ CD38hi CD127lo CD24lo,8808
CD3+ CD14- CD19- CD4+ gdTCR- CD56- CD8- CD45RA+ CD27+ CD38lo,8808
CD19+ CD3- CD56- CD14- CD27+ CD38+,8808
CD19+ CD3- CD56- CD14- CD38+ CD24+ CD27-,8808
CD3+ CD14- CD19- CD4+ gdTCR- CD56- CD8- CD45RA- CD27+ CD161hi CD38lo CD127hi,8808
CD3+ CD14- CD19- CD4+ gdTCR- CD56- CD8- CD45RA- CD27- CD161hi,8808
CD3+ CD14- CD19- CD4+ gdTCR- CD56- CD8- CD45RA- CD27- CD161lo CD127lo,8808
CD3+ CD14- CD19- CD4+ gdTCR- CD56- CD8- CD25+ CD127- CD38lo HLADRlo CD27lo,8808
CD3+ CD14- CD19- CD4+ gdTCR- CD56- CD8- CD25+ CD127- CD38lo HLADRlo CD27hi,8808
CD19+ CD3- CD56- CD14- CD24- CD27- CD38+ CD1clo IgDlo,8808
CD3+ CD14- CD19- CD4+ gdTCR- CD56- CD8- CD45RA- CD27- CD161lo CD127hi,8808
CD3+ CD14- CD19- gdTCR- CD56- CD8- CD4-,8796
CD3+ CD14- CD19- CD8+ gdTCR- CD56- CD4- CD45RA+ CD27- CD161hi,8786
CD3+ CD14- CD19- CD8+ gdTCR- CD56- CD4- CD45RA+ CD27- CD161lo CD38hi,8786
CD3+ CD14- CD19- CD8+ gdTCR- CD56- CD4- CD45RA- CD27- CD161hi,8786
CD3+ CD14- CD19- CD8+ gdTCR- CD56- CD4- CD45RA- CD27+ CD38lo HLADRlo CD161hi,8786
CD56+ HLADR- CD3- CD14- CD66b- CD19- CD16+ CD8hi CD161hi,8786
CD56+ HLADR- CD3- CD14- CD66b- CD19- CD16+ CD8hi CD161lo,8786
CD3+ CD14- CD19- CD8+ gdTCR- CD56- CD4- CD45RA+ CD27+ CD38hi CD127lo CD141lo,8786
CD3+ CD14- CD19- gdTCR+ CD56lo CD161lo,8786
CD14+ CD3- CD56- CD19- CD16+,8786
CD3+ CD14- CD19- gdTCR+ CD56lo CD161hi,8786
CD3+ CD14- CD19- CD8+ gdTCR- CD56- CD4- CD45RA- CD27+ CD38lo HLADRlo CD161lo,8786
CD3+ CD14- CD19- CD8+ gdTCR- CD56- CD4- CD45RA- CD27- CD161lo HLADRlo CD38lo,8786
CD3+ CD14- CD19- CD8+ gdTCR- CD56- CD4- CD45RA+ CD27- CD161lo CD38lo,8786
CD3+ CD14- CD19- CD8+ gdTCR- CD56- CD4- CD45RA- CD27- CD161lo HLADRhi,8786
CD3+ CD14- CD19- CD56+ gdTCR- CD161lo CD8hi,8786
CD14+ CD3- CD56- CD19- CD16- CD66blo CD1clo HLADRhi,8786
CD14+ CD3- CD56- CD19- CD16- CD66blo CD1clo HLADRlo,8786
CD14+ CD3- CD56- CD19- CD16- CD66blo CD1chi,8786
CD56+ HLADR- CD3- CD14- CD66b- CD19- CD16-,8786
CD3- CD56- CD14- CD66b- CD19- HLADR+ CD16+ CD66b- CD1c- CD141-,8786
CD3+ CD14- CD19- CD56+ gdTCR- CD161hi,8786
CD3+ CD14- CD19- CD56+ gdTCR- CD161lo CD8lo CD38lo,8786
CD3+ CD14- CD19- gdTCR+ CD56hi,8786
CD3+ CD14- CD19- CD8+ gdTCR- CD56- CD4- CD45RA- CD27+ CD38hi,8786
CD3+ CD14- CD19- CD4+ gdTCR- CD56- CD8- CD45RA+ CD27+ CD38hi CD127hi CD24lo,8784
CD19+ CD3- CD56- CD14- CD27+ CD38- IgD-,8784
CD3- CD56- CD14- CD66b- CD19- CD16+ HLADR- CD1c- CD141-,8762
CD3+ CD14- CD19- CD8+ gdTCR- CD56- CD4- CD45RA+ CD27+ CD38lo CD127lo,8762
CD56+ HLADR- CD3- CD14- CD66b- CD19- CD16+ CD8lo CD161hi CD38hi,8762
CD56+ HLADR- CD3- CD14- CD66b- CD19- CD16+ CD8lo CD161lo,8762
CD14+ CD3- CD56- CD19- CD16- CD66bhi,8738
CD66b+ CD3- CD56- CD14- CD19-,8738
CD3- CD56- CD14- CD66b- CD19- CD123+ CD161- CD1c- CD127- CD16- CD141- HLADR- CD4-,8736
CD3+ CD14- CD19- CD4+ gdTCR- CD56- CD8- CD45RA- CD27+ CD161hi CD38lo CD127lo,8736
CD3+ CD14- CD19- CD8+ gdTCR- CD56- CD4- CD45RA- CD27+ CD38lo HLADRhi,8690
CD3+ CD14- CD19- CD8+ gdTCR- CD56- CD4- CD45RA+ CD27+ CD38hi CD127hi,8618
CD3- CD56- CD14- CD66b- CD19- HLADR+ CD1c+ CD66b- CD123- CD16- CD141-,8594
CD3+ CD14- CD19- CD4+ gdTCR- CD56- CD8- CD25+ CD127- CD38lo HLADRhi,8592
CD3+ CD14- CD19- CD8+ gdTCR- CD56- CD4- CD45RA+ CD27+ CD38lo CD127hi,8570
CD3+ CD14- CD19- CD4+ gdTCR- CD56- CD8- CD45RA- CD27+ CD161hi CD38hi,8544
CD3+ CD14- CD19- CD8+ gdTCR- CD56- CD4- CD45RA- CD27- CD161lo HLADRlo CD38hi,8450
CD3- CD56- CD14- CD66b- CD19- CD123+ CD161- CD1c- CD127- CD16- CD141- HLADR+ CD4+,8378
CD19+ CD3- CD56- CD14- CD27+ CD38- IgD+,8280
CD3- CD56- CD14- CD66b- CD19- CD161+ CD127+ CD1c- CD16- CD141-,7706
CD3+ CD14- CD19- CD4+ gdTCR- CD56- CD8- CD45RA- CD27+ CD161lo CD38hi CD127hi,7560
CD3+ CD14- CD19- CD8+ gdTCR- CD56- CD4- CD45RA+ CD27+ CD38hi CD127lo CD141hi,7274
CD3- CD56- CD14- CD66b- CD19- HLADR+ CD141+ CD66b- CD123- CD1c- CD16-,6674
CD3+ CD14- CD19- CD4+ gdTCR- CD56- CD8- CD45RA+ CD27+ CD38hi CD127lo CD24hi,6624
CD3+ CD14- CD19- CD4+ gdTCR- CD56- CD8- CD45RA+ CD27+ CD38hi CD127hi CD24hi,6120
CD3+ CD14- CD19- CD56+ gdTCR- CD161lo CD8lo CD38hi,5640
CD3+ CD14- CD19-,5496
CD56+ HLADR- CD3- CD14- CD66b- CD19- CD16+ CD8lo CD161hi CD38lo,4322
CD4+: pSTAT5,2687
CD8+: pSTAT1,2687
CD4+: pSTAT3,2687
Mono: pSTAT1,2687
Mono: pSTAT3,2687
Mono: pSTAT5,2687
CD8+: pSTAT3,2687
CD8+: pSTAT5,2687
B cell: pSTAT5,2687
CD4+: pSTAT1,2687
B cell: pSTAT1,2687
B cell: pSTAT3,2687
CD3+ CD14- CD19- CD8+ CD4+ gdTCR- CD56-,2472
CD4+CD45RA+: pSTAT5,2327
CD4+CD45RA+: pSTAT3,2327
CD4+CD45RA+: pSTAT1,2327
CD8+CD45RA-: pSTAT1,2327
CD4+CD45RA-: pSTAT1,2327
CD8+CD45RA+: pSTAT1,2327
CD8+CD45RA-: pSTAT3,2327
CD8+CD45RA-: pSTAT5,2327
CD8+CD45RA+: pSTAT5,2327
CD4+CD45RA-: pSTAT5,2327
CD8+CD45RA+: pSTAT3,2327
CD4+CD45RA-: pSTAT3,2327
CD19+ CD3- CD56- CD14-,2088
CD3- CD56- CD14- CD66b- CD19- CD123+ CD161- CD1c- CD127- CD16- CD141-,2064
"singlet, CD3+, viable[live/dead stain], CD4+, CD8-",1203
"singlet, CD3+, viable[live/dead stain], CD4-, CD8+",1203
"singlet, CD3+, viable[live/dead stain]",1203
"singlet, CD3-, viable[live/dead stain], CD56+",1203
Non BT: pSTAT5,1143
Non BT: pSTAT3,1143
Non BT: pSTAT1,1143
Live cells/CD4 T cells/CD4+ CD45RA+/Uninfected/SSC low,820
Live cells/CD4 T cells/CD4+ CD45RA-,820
Live cells/CD4 T cells/CD4+ CD45RA-/Uninfected,820
Live cells/CD4 T cells/CD4+ CD45RA-/Infected,820
Live cells/CD4 T cells/CD4+ CD45RA-/Infected/SSC high,820
Live cells/CD4 T cells/CD4+ CD45RA-/Infected/SSC low,820
Live cells/CD4 T cells/CD4+ CD45RA-/Uninfected/SSC low,820
Live cells/CD4 T cells/CD4+ CD45RA-/Uninfected/SSC high,820
Live cells/CD8 T cells,820
Live cells/CD8 T cells/CD8+ CD45RA+,820
Live cells/Non T cells/B cells/Infected,820
Live cells/CD8 T cells/CD8+ CD45RA+/Infected,820
Live cells/CD8 T cells/CD8+ CD45RA+/Uninfected,820
Live cells/CD8 T cells/CD8+ CD45RA-,820
Live cells/CD8 T cells/CD8+ CD45RA-/Infected,820
Live cells/CD8 T cells/CD8+ CD45RA-/Uninfected,820
Live cells/Non T cells,820
Live cells/Non T cells/B cells,820
Live cells/Non T cells/Monocytes/Uninfected,820
Live cells/Non T cells/B cells/Uninfected,820
Live cells/Non T cells/Monocytes,820
Live cells/Non T cells/Monocytes/Infected,820
Live cells/Non T cells/Other cells/Infected,820
Live cells/Non T cells/Other cells,820
Live cells/Non T cells/Other cells/Infected/SSC high,820
Live cells/Non T cells/Other cells/Infected/SSC low,820
Live cells/CD4 T cells/CD4+ CD45RA+/Infected/SSC high,820
Live cells/Non T cells/Other cells/Uninfected,820
Live cells/Non T cells/Other cells/Uninfected/SSC high,820
Live cells/Non T cells/Other cells/Uninfected/SSC low,820
Live cells/Total infected cells,820
Live cells/CD4 T cells/CD4+ CD45RA+,820
Live cells/CD4 T cells,820
Live cells,820
Live cells/CD4 T cells/CD4+ CD45RA+/Uninfected/SSC high,820
Live cells/CD4 T cells/CD4+ CD45RA+/Infected,820
Live cells/CD4 T cells/CD4+ CD45RA+/Uninfected,820
Live cells/CD4 T cells/CD4+ CD45RA+/Infected/SSC low,820
"singlet, CD3+, viable[live/dead stain], CD4-, CD8+, Granzyme B+, TNFa-",802
"singlet, CD3+, viable[live/dead stain], CD4+, CD8-, IFNg-, IL-17+",802
"singlet, CD3+, viable[live/dead stain], CD4+, CD8-, IFNg+, IL-17-",802
"singlet, CD3-, viable[live/dead stain], CD56+, IFNg+, TNFa-",802
"singlet, CD3-, viable[live/dead stain], CD56+, Granzyme B-, IFNg+",802
"singlet, CD3+, viable[live/dead stain], CD4-, CD8+, IFNg-, IL-17+",802
"singlet, CD3+, viable[live/dead stain], CD4+, CD8-, Granzyme B-, TNFa+",802
"singlet, CD3+, viable[live/dead stain], CD4+, CD8-, Granzyme B+, TNFa+",802
"singlet, CD3+, viable[live/dead stain], CD4-, CD8+, IFNg+, IL-17+",802
"singlet, CD3-, viable[live/dead stain], CD56+, IFNg-, TNFa+",802
"singlet, CD3-, viable[live/dead stain], CD56+, Granzyme B+, IFNg+",802
"singlet, CD3+, viable[live/dead stain], CD4+, CD8-, IFNg+, IL-17+",802
"singlet, CD3+, viable[live/dead stain], CD4+, CD8-, Granzyme B+, TNFa-",802
"singlet, CD3-, viable[live/dead stain], CD56+, IFNg+, TNFa+",802
"singlet, CD3+, viable[live/dead stain], CD4-, CD8+, IFNg+, IL-17-",802
"singlet, CD3+, viable[live/dead stain], CD4-, CD8+, Granzyme B-, TNFa+",802
"singlet, CD3-, viable[live/dead stain], CD56+, Granzyme B+, IFNg-",802
"singlet, CD3+, viable[live/dead stain], CD4-, CD8+, Granzyme B+, TNFa+",802
CD45+CD3+CD4+CD8-CD27+,735
"singlet, CD3-, viable[live/dead stain]",609
CD14+CD33+,572
CD14-CD33-/CD3-/CD19+CD20+,546
CD45+CD3+CD8+CD4-TNFa+,490
CD45+CD3+CD4+CD8-TNFa+,490
"Singlets/WBC/Lymph/Lin1-DR+/pDC/CD40-,Freq. of Parent",489
"Singlets/WBC/Lymph/Lin1-DR+/mDC/CD86+,Freq. of Parent",489
"Singlets/WBC/Lymph/Lin1-DR+/mDC/CD86-,Freq. of Parent",489
"Singlets/WBC/Lymph/Lin1-DR+/mDC/CD40+,Freq. of Parent",489
"Singlets/WBC/Lymph/Lin1-DR+/pDC/CD40+,Freq. of,pDC",489
"Singlets/WBC/Lymph/Lin1-DR+/pDC/CD86+,Freq. of,pDC",489
"Singlets/WBC/Lymph/Lin1-DR+/mDC/CD2,Freq. of Parent",489
"Singlets/WBC/Lymph/Lin1-DR+/mDC/CD2+,Freq. of Parent",489
"Singlets/WBC/Lymph/Lin1-DR+/pDC,Freq. of,WBC",489
"Singlets/WBC/Lymph/Lin1-DR+/mDC,Freq. of,WBC",489
"Singlets/WBC/Lymph/Lin1-DR+/mDC/BDCA3,Freq. of,WBC",489
"Singlets/WBC/Lymph/Lin1-DR+/pDC/CD2+,Freq. of,pDC",489
"Singlets/WBC/Lymph/Lin1-DR+/pDC/CD86-,Freq. of Parent",489
"Singlets/WBC/Lymph/Lin1-DR+/pDC/CD2,Freq. of Parent",489
"Singlets/WBC/Lymph/Lin1-DR+/mDC/CD40-,Freq. of Parent",489
CD14pCD16p_CD86_pP,488
CD14nCD16p_CD86_pP,488
CD14nCD16n_CD86_pP,488
"Singlets/WBC/mono/CD3-CD19-/mo2/mo3,Freq. of,WBC",488
CD14pCD16p_pmo,488
"Singlets/WBC/mono/CD3-CD19-/mo2/mo3/Q1: CD14,, CD16+,Freq. of,mo3",488
CD14pCD16n_CD86_pP,488
CD14pCD16n_pmo,488
CD14nCD16n_pmo,488
"Singlets/WBC/Lymph/Lin1-DR+/mDC/BDCA3/CD2+,Freq. of,BDCA3",486
"Singlets/WBC/Lymph/Lin1-DR+/mDC/BDCA3/CD40-,Freq. of Parent",486
"Singlets/WBC/Lymph/Lin1-DR+/mDC/BDCA3/CD86-,Freq. of Parent",486
"Singlets/WBC/Lymph/Lin1-DR+/mDC/BDCA3/CD86+,Freq. of,BDCA3",486
"Singlets/WBC/Lymph/Lin1-DR+/mDC/BDCA3/CD40+,Freq. of,BDCA3",486
"Singlets/WBC/Lymph/Lin1-DR+/mDC/BDCA3/CD2,Freq. of Parent",486
"Singlets/WBC/Lymph/CD3/CD4/ICOS+,Freq. of,CD3",485
"Singlets/WBC/Lymph/CD3/CD4,Freq. of,CD3",485
"Singlets/WBC/Lymph/CD3/CD4/TFH/DR,Freq. of Parent",485
"Singlets/WBC/Lymph/CD3/CD4/TFH,Freq. of,CD4",485
"Singlets/WBC/Lymph/CD3,Freq. of,Lymph",485
"Singlets/WBC/Lymph/CD19/Q3: CD19+,, CD20-CD56/CD86,Freq. of Parent",485
"Singlets/WBC/Lymph/CD19/Q2: CD19+,, CD20-CD56+/CD86,Freq. of Parent",485
"Singlets/WBC/Lymph/CD3-/NK/CD38,Freq. of Parent",485
"Singlets/WBC/Lymph/CD19/CD86,Freq. of,CD19",485
"Singlets/WBC/Lymph/CD3+/CD27,Freq. of Parent",485
"Singlets/WBC/Lymph/CD3/ICOS+,Freq. of Parent",485
"Singlets/WBC/Lymph/CD3/DR,Freq. of Parent",485
"Singlets/WBC/Lymph/CD19/Q2: CD19+,, CD20-CD56+,Freq. of,CD19",485
"Singlets/WBC/Lymph/CD19/Q3: CD19+,, CD20-CD56,Freq. of,CD19",485
"Singlets/WBC/Lymph/CD3-/NK/CD27,Freq. of Parent",485
"Singlets/WBC/Lymph/CD3-/NK/Q2: CD16+,, CD20-CD56+,Freq. of,NK",485
"Singlets/WBC/Lymph/CD3-/NK/Q1: CD16,, CD20-CD56+,Freq. of,NK",485
"Singlets/WBC/Lymph/CD3-/NK,Freq. of,Lymph",485
"Singlets/WBC/Lymph/CD3+,Freq. of,Lymph",485
"Singlets/WBC/Lymph/CD19/CD27/CD138,Freq. of,CD19",485
"Singlets/WBC/Lymph/CD19/CD27/PB,Freq. of,CD19",485
"Singlets/WBC/Lymph/CD19/CD27,Freq. of,CD19",485
"Singlets/WBC/Lymph/CD19/CD27/PB/CD86,Freq. of Parent",485
"Singlets/WBC/Lymph/CD3+/CD38,Freq. of Parent",485
"Singlets/WBC/Lymph/CD3+/CD56/CD38,Freq. of Parent",485
"Singlets/WBC/Lymph/CD3+/CD56/CD27,Freq. of Parent",485
"Singlets/WBC/Lymph/CD3+/CD56,Freq. of,CD3+",485
"Singlets/WBC/Lymph/CD19,Freq. of,Lymph",485
"Singlets/WBC/Lymph/CD3/CD4/TFH/ICOS+,Freq. of,TFH",485
"Singlets/WBC/Lymph/CD3/CD4/TH,Freq. of,CD4",485
"Singlets/WBC/Lymph/CD3/CD4/TH/ICOS+,Freq. of,TH",485
"Singlets/WBC/Lymph/CD3/CD8/ICOS+,Freq. of,CD8",485
"Singlets/WBC/Lymph/CD3/CD8/DR,Freq. of,CD8",485
"Singlets/WBC/Lymph/CD3/CD8/CXCR5,Freq. of,CD8",485
"Singlets/WBC/Lymph/CD3/CD4/DR,Freq. of Parent",485
"Singlets/WBC/Lymph/CD3/CD8,Freq. of,CD3",485
"Singlets/WBC/Lymph/CD3/CD4/TH/DR,Freq. of Parent",485
"Singlets/WBC/Lymph/CD3/CD4/TFH/2/DR,Freq. of Parent",484
"Singlets/WBC/Lymph/CD3/CD4/TH/2/ICOS+,Freq. of Parent",484
"Singlets/WBC/Lymph/CD3/CD4/TH/2/DR,Freq. of Parent",484
"Singlets/WBC/Lymph/CD3/CD4/TH/1-17/ICOS+,Freq. of Parent",484
"Singlets/WBC/Lymph/CD3/CD4/TH/1-17/DR,Freq. of Parent",484
"Singlets/WBC/Lymph/CD3/CD4/TH/1/ICOS+,Freq. of Parent",484
"Singlets/WBC/Lymph/CD3/CD4/TH/1/DR,Freq. of Parent",484
"Singlets/WBC/Lymph/CD3/CD4/TH/2,Freq. of,TH",484
"Singlets/WBC/Lymph/CD3/CD8/CXCR3,Freq. of,CD8",484
"Singlets/WBC/Lymph/CD3/CD4/TFH/1-17,Freq. of,TFH",484
"Singlets/WBC/Lymph/CD3/CD4/TFH/2,Freq. of,TFH",484
"Singlets/WBC/Lymph/CD3/CD4/TH/17,Freq. of,TH",484
"Singlets/WBC/Lymph/CD3/CD4/TFH/1,Freq. of,TFH",484
"Singlets/WBC/Lymph/CD3/CD4/TFH/17,Freq. of,TFH",484
"Singlets/WBC/Lymph/CD3/CD4/TH/1-17,Freq. of,TH",484
"Singlets/WBC/Lymph/CD3/CD4/TH/1,Freq. of,TH",484
"Singlets/WBC/Lymph/CD3/CD4/TFH/2/ICOS+,Freq. of Parent",484
"Singlets/WBC/Lymph/CD3/CD4/TFH/1-17/ICOS+,Freq. of Parent",484
"Singlets/WBC/Lymph/CD3/CD4/TFH/1-17/DR,Freq. of Parent",484
"Singlets/WBC/Lymph/CD3/CD4/TFH/17/ICOS+,Freq. of Parent",484
"Singlets/WBC/Lymph/CD3/CD4/TFH/17/DR,Freq. of Parent",484
"Singlets/WBC/Lymph/CD3/CD4/TFH/1/ICOS+,Freq. of Parent",484
"Singlets/WBC/Lymph/CD3/CD4/TFH/1/DR,Freq. of Parent",484
"Singlets/WBC/Lymph/CD3/CD4/TH/17/DR,Freq. of Parent",484
"Singlets/WBC/Lymph/CD3/CD4/TH/17/ICOS+,Freq. of Parent",484
"Singlets/WBC/Lymph/CD19/CD27/CD138/CD86,Freq. of Parent",480
"Singlets/WBC/Lymph/CD3/CD8/CCR6,Freq. of,CD8",477
"Singlets/WBC/Lymph/Lin1-DR+/mDC/CD1c/CD40-,Freq. of Parent",451
"Singlets/WBC/Lymph/Lin1-DR+/mDC/CD1c/CD2,Freq. of Parent",451
"Singlets/WBC/Lymph/Lin1-DR+/mDC/CD1c/CD86+,Freq. of,CD1c",451
"Singlets/WBC/Lymph/Lin1-DR+/mDC/CD1c/CD86-,Freq. of Parent",451
"Singlets/WBC/Lymph/Lin1-DR+/mDC/CD1c/CD2+,Freq. of,CD1c",451
"Singlets/WBC/Lymph/Lin1-DR+/mDC/CD1c,Freq. of,WBC",451
"Singlets/WBC/Lymph/Lin1-DR+/mDC/CD1c/CD40+,Freq. of,CD1c",451
Viable/Singlets,435
Viable,435
FSC-A;; SSC-A subset/FSC-A;; FSC-H subset/live/CD3+14-/CD4+8-/CD45RA-;Count,424
FSC-A;; SSC-A subset/FSC-A;; FSC-H subset/live/CD3+14-/CD4+8-;Count,424
FSC-A;; SSC-A subset/FSC-A;; FSC-H subset/live/CD3+14-/CD4+8-/CD45RA-/IL-2/Ki-67;Count,424
(TNF-a)  minus (TNF-a  Ki67 positive),424
FSC-A;; SSC-A subset/FSC-A;; FSC-H subset/live/CD3+14-/CD4+8-/CD45RA-/IL-2;Count,424
(TNF-a) minus (TNF-a Ki67 positive),424
FSC-A;; SSC-A subset/FSC-A;; FSC-H subset/live/CD3+14-/CD4+8-/CD45RA-/TNFa/Ki-67;Count,424
FSC-A;; SSC-A subset/FSC-A;; FSC-H subset/live/CD3+14-/CD4+8-/CD45RA-/IFNg/Ki-67;Count,424
FSC-A;; SSC-A subset/FSC-A;; FSC-H subset/live/CD3+14-/CD4+8-/CD45RA-/Ki-67;Count,424
FSC-A;; SSC-A subset/FSC-A;; FSC-H subset/live/CD3+14-/CD4+8-/CD45RA-/IFNg;Count,424
FSC-A;; SSC-A subset/FSC-A;; FSC-H subset/live/CD3+14-/CD4+8-/CD45RA-/TNFa;Count,424
(IFN-g) minus (IFN-g Ki67 positive),424
"singlet, CD3+, viable[live/dead stain], CD4-, CD8+, CD38+, HLA-DR+",401
"singlet, CD3+, viable[live/dead stain], CD4-, CD8+, CD45RA-, CCR7-",401
"singlet, CD3+, viable[live/dead stain], CD4+, CD8-, CD45RA-, CCR7-, CD27+, CD28+",401
"singlet, CD3+, viable[live/dead stain], CD4+, CD8-, CD45RA-, CCR7+, CD27+, CD28+",401
"singlet, CD3+, viable[live/dead stain], CD4+, CD8-, CD45RA-, CCR7+, CD27+, CD28-",401
"singlet, CD3+, viable[live/dead stain], CD4+, CD8-, CD45RA+, CCR7-, CD27-, CD28+",401
"singlet, CD3+, viable[live/dead stain], CD4+, CD8-, CD45RA-, CCR7-, CD27+, CD28-",401
"singlet, CD3+, viable[live/dead stain], CD4+, CD8-, CD45RO+",401
"singlet, CD3+, viable[live/dead stain], CD4-, CD8+, CD45RA+, CCR7+, CD27+, CD28-",401
"singlet, CD3+, viable[live/dead stain], CD4-, CD8+, CD45RA-, CCR7+",401
"singlet, CD3+, viable[live/dead stain], CD4-, CD8+, CD45RA+, CCR7-",401
"singlet, CD3+, viable[live/dead stain], CD4-, CD8+, CD45RA+, CCR7+",401
"singlet, CD3+, viable[live/dead stain], CD4+, CD8-, CD45RA+, CCR7+, CD27+, CD28-",401
"singlet, CD3+, viable[live/dead stain], CD4+, CD8-, CD45RA+, CCR7+, CD27-, CD28+",401
"singlet, CD3+, viable[live/dead stain], CD4+, CD8-, CD45RA+, CCR7+, CD27+, CD28+",401
"singlet, CD3+, viable[live/dead stain], CD4+, CD8-, CD45RA+, CCR7-, CD27+, CD28+",401
"singlet, CD3+, viable[live/dead stain], CD4+, CD8-, CD45RA+, CCR7-, CD27+, CD28-",401
"singlet, CD3+, viable[live/dead stain], CD4+, CD8-, CD45RA-, CCR7-, CD27-, CD28+",401
"singlet, CD3+, viable[live/dead stain], CD4+, CD8-, CD27+, CD28-",401
"singlet, CD3+, viable[live/dead stain], CD4+, CD8-, CD45RA+, CCR7-",401
"singlet, CD3+, viable[live/dead stain], CD4+, CD8-, CD45RA-, CCR7+",401
"singlet, CD3+, viable[live/dead stain], CD4+, CD8-, CD38+, HLA-DR+",401
"singlet, CD3+, viable[live/dead stain], CD4+, CD8-, CD45RA-, CCR7+, CD27-, CD28+",401
"singlet, CD3+, viable[live/dead stain], CD4-, CD8+, CD27-, CD28+",401
"singlet, CD3+, viable[live/dead stain], CD4-, CD8+, CD27+, CD28+",401
"singlet, CD3+, viable[live/dead stain], CD4-, CD8+, CD27+, CD28-",401
"singlet, CD3+, viable[live/dead stain], CD4-, CD8+, CD45RA-, CCR7-, CD27-, CD28+",401
"singlet, CD3+, viable[live/dead stain], CD4-, CD8+, CD45RO+, CXCR5-, CXCR3-, CCR6-, CCR4+",401
"singlet, CD3+, viable[live/dead stain], CD4-, CD8+, CD45RO+, CXCR5-, CXCR3-, CCR6-",401
"singlet, CD3+, viable[live/dead stain], CD4-, CD8+, CD45RO+, CXCR5-, CXCR3+, CCR6-",401
"singlet, CD3+, viable[live/dead stain], CD4+, CD127-, CD25+",401
"singlet, CD3+, viable[live/dead stain], CD4-, CD8+, CD45RO+, CXCR5-, CXCR3-, CCR6+",401
"singlet, CD3+, viable[live/dead stain], CD4-, CD8+, CD45RO+, CXCR5-",401
"singlet, CD3+, viable[live/dead stain], CD4-, CD8+, CD45RO+",401
"singlet, CD3+, viable[live/dead stain], CD4+, CD8-, CD45RO+, CXCR5-, CXCR3-, CCR6-, CCR4+",401
"singlet, CD3+, viable[live/dead stain], CD4+, CD8-, CD45RO+, CXCR5-, CXCR3-, CCR6-",401
"singlet, CD3+, viable[live/dead stain], CD4+, CD8-, CD45RO+, CXCR5-, CXCR3+, CCR6-",401
"singlet, CD3+, viable[live/dead stain], CD4+, CD8-, CD45RO+, CXCR5-, CXCR3+, CCR6+",401
"singlet, CD3+, viable[live/dead stain], CD4-, CD8+, CD45RO+, CXCR5-, CXCR3+, CCR6+",401
"singlet, CD3+, viable[live/dead stain], CD4+, CD8-, CD45RO+, CXCR5-, CXCR3-, CCR6+",401
"singlet, CD3+, viable[live/dead stain], CD4+, CD8-, CD45RO+, CXCR5+, PD-1+",401
"singlet, CD3+, viable[live/dead stain], CD4+, CD8-, CD45RO+, CXCR5-",401
"singlet, CD3+, viable[live/dead stain], CD4+, CD8-, CD45RO+, CXCR5+, PD-1-",401
"singlet, CD3-, viable[live/dead stain], CD19+, CD20+",401
"singlet, CD3+, viable[live/dead stain], CD4+, CD127-, CD25+, CD45RO+, CCR4-",401
"singlet, CD3+, viable[live/dead stain], CD4+, CD127-, CD25+, CCR4+, CD45RO+",401
"singlet, CD3+, viable[live/dead stain], CD4+, CD127-, CD25+, CCR4+, CD45RO-",401
"singlet, CD3+, viable[live/dead stain], CD4+, CD127-, CD25+, CD45RO+, CD39-",401
"singlet, CD3+, viable[live/dead stain], CD4+, CD127-, CD25+, CD45RO+, CD39+",401
"singlet, CD3+, viable[live/dead stain], CD4+, CD127-, CD25+, CD45RO-, CD39+",401
"singlet, CD3+, viable[live/dead stain], CD4+, CD127-, CD25+, CD45RO+, HLA-DR-",401
"singlet, CD3+, viable[live/dead stain], CD4+, CD127-, CD25+, CD45RO+, HLA-DR+",401
"singlet, CD3+, viable[live/dead stain], CD4+, CD127-, CD25+, CD45RO-, HLA-DR+",401
"singlet, CD3+, viable[live/dead stain], CD4+, CD127-, CD25+, CD45RO+, FoxP3-",401
"singlet, CD3+, viable[live/dead stain], CD4+, CD127-, CD25+, CD45RO+, FoxP3+",401
"singlet, CD3+, viable[live/dead stain], CD4+, CD127-, CD25+, CD45RO-, FoxP3+",401
"singlet, CD3+, viable[live/dead stain], CD4+, CD127-, CD25+, CCR4+",401
"singlet, CD3+, viable[live/dead stain], CD4+, CD127-, CD25+, CCR4+, HLA-DR+",401
"singlet, CD3-, viable[live/dead stain], CD19+, CD20+, IgD+, CD27+",401
"singlet, CD3-, viable[live/dead stain], CD19+, CD20+, CD27+",401
"singlet, CD3-, viable[live/dead stain], CD19+, CD20+, IgD-, CD27+",401
"singlet, CD3-, viable[live/dead stain], CD19+, CD20+, CD38+, CD24+",401
"singlet, CD3-, viable[live/dead stain], CD19+, CD20+, IgD+, CD27-",401
"singlet, CD3-, viable[live/dead stain], CD19+, CD20+, CD38-, CD24+",401
"singlet, CD3-, viable[live/dead stain], CD19+, CD20+, CD24dim",401
"singlet, CD3-, viable[live/dead stain], CD19+, CD20+, CD21-",401
"singlet, CD3-, viable[live/dead stain], CD19+, CD20+, CD27-",401
"singlet, CD3+, viable[live/dead stain], CD4+, CD8-, 2B4+",401
"singlet, CD3+, viable[live/dead stain], CD4-, CD8+, PD-1+",401
"singlet, CD3+, viable[live/dead stain], CD4-, CD8+, CD57+",401
"singlet, CD3+, viable[live/dead stain], CD4+, CD8-, iNKT+",401
"singlet, CD3+, viable[live/dead stain], CD4-, CD8+, CD127-, CD27+",401
"singlet, CD3+, viable[live/dead stain], CD4+, CD8-, CD127+, CD27+",401
"singlet, CD3+, viable[live/dead stain], CD4-, CD8+, CD45RA+, CCR7+, CD27-, CD28+",401
"singlet, CD3+, viable[live/dead stain], CD4-, CD8+, CD45RA+, CCR7+, CD27+, CD28+",401
"singlet, CD3+, viable[live/dead stain], CD4-, CD8+, CD45RA+, CCR7-, CD27+, CD28+",401
"singlet, CD3+, viable[live/dead stain], CD4-, CD8+, CD45RA+, CCR7-, CD27-, CD28+",401
"singlet, CD3+, viable[live/dead stain], CD4-, CD8+, CD45RA-, CCR7+, CD27+, CD28-",401
"singlet, CD3+, viable[live/dead stain], CD4-, CD8+, CD45RA+, CCR7-, CD27+, CD28-",401
"singlet, CD3+, viable[live/dead stain], CD4-, CD8+, CD45RA-, CCR7+, CD27+, CD28+",401
"singlet, CD3+, viable[live/dead stain], CD4-, CD8+, CD45RA-, CCR7+, CD27-, CD28+",401
"singlet, CD3+, viable[live/dead stain], CD4-, CD8+, CD45RA-, CCR7-, CD27+, CD28+",401
"singlet, CD3+, viable[live/dead stain], CD4-, CD8+, CD45RA-, CCR7-, CD27+, CD28-",401
"singlet, CD3+, viable[live/dead stain], CD4+, CD8-, CD27+, CD28+",401
"singlet, CD3+, viable[live/dead stain], CD4+, CD8-, CD27-, CD28+",401
"singlet, CD3+, viable[live/dead stain], CD4+, CD8-, CD45RA+, CCR7+",401
"singlet, CD3+, viable[live/dead stain], CD4+, CD8-, CD45RA-, CCR7-",401
"singlet, CD3+, viable[live/dead stain], CD4-, CD8+, CD127+, CD27-",401
"singlet, CD3+, viable[live/dead stain], iNKT+",401
"singlet, CD3+, viable[live/dead stain], CD4-, CD8+, CD127+, CD27+",401
"singlet, CD3+, viable[live/dead stain], CD4+, CD8-, CD57+",401
"singlet, CD3-, viable[live/dead stain], CD56+, CD16+",401
"singlet, CD3-, viable[live/dead stain], CD56+, 2B4+",401
"singlet, CD3+, viable[live/dead stain], CD4-, CD8+, iNKT+",401
"singlet, CD3+, viable[live/dead stain], CD4-, CD8+, 2B4+",401
"singlet, CD3+, viable[live/dead stain], CD4+, CD8-, PD-1+",401
"singlet, CD3+, viable[live/dead stain], CD4+, CD8-, CD127+, CD27-",401
"singlet, CD3+, viable[live/dead stain], CD4+, CD8-, CD127-, CD27+",401
"singlet, CD3+, viable[live/dead stain], CD4+, CD8-, CD45RA+, CCR7-, EOMES+, T-bet-",399
"singlet, CD3+, viable[live/dead stain], CD4-, CD8+, CD45RA-, CCR7+, Ki67+, HLA-DR+",399
"singlet, CD3+, viable[live/dead stain], CD4-, CD8+, CD45RA-, CCR7-, Ki67+, HLA-DR-",399
"singlet, CD3+, viable[live/dead stain], CD4+, CD8-, CD45RA-, CCR7-, EOMES+, T-bet+",399
"singlet, CD3+, viable[live/dead stain], CD4+, CD8-, CD45RA-, CCR7+, EOMES-, T-bet+",399
"singlet, CD3+, viable[live/dead stain], CD4+, CD8-, CD45RA-, CCR7+, Ki67+, HLA-DR-",399
"singlet, CD3+, viable[live/dead stain], CD4+, CD8-, CD45RA-, CCR7+, Ki67+, HLA-DR+",399
"singlet, CD3+, viable[live/dead stain], CD4+, CD8-, CD45RA-, CCR7+, EOMES+, T-bet-",399
"singlet, CD3+, viable[live/dead stain], CD4+, CD8-, CD45RA+, CCR7+, Ki67-, HLA-DR+",399
"singlet, CD3+, viable[live/dead stain], CD4+, CD8-, CD45RA-, CCR7-, EOMES-, T-bet+",399
"singlet, CD3+, viable[live/dead stain], CD4+, CD8-, CD45RA+, CCR7-, Ki67-, HLA-DR+",399
"singlet, CD3+, viable[live/dead stain], CD4+, CD8-, CD45RA+, CCR7-, Ki67+, HLA-DR+",399
"singlet, CD3+, viable[live/dead stain], CD4+, CD8-, CD45RA+, CCR7-, Ki67+, HLA-DR-",399
"singlet, CD3+, viable[live/dead stain], CD4-, CD8+, CD45RA-, CCR7+, EOMES+, T-bet+",399
"singlet, CD3+, viable[live/dead stain], CD4-, CD8+, CD45RA-, CCR7+, EOMES-, T-bet+",399
"singlet, CD3+, viable[live/dead stain], CD4+, CD8-, CD45RA-, CCR7-, Ki67+, HLA-DR-",399
"singlet, CD3+, viable[live/dead stain], CD4+, CD8-, CD45RA-, CCR7-, Ki67+, HLA-DR+",399
"singlet, CD3+, viable[live/dead stain], CD4-, CD8+, CD45RA-, CCR7+, Ki67-, HLA-DR+",399
"singlet, CD3+, viable[live/dead stain], CD4+, CD8-, CD45RA-, CCR7+, Ki67-, HLA-DR+",399
"singlet, CD3+, viable[live/dead stain], CD4+, CD8-, CD45RA-, CCR7+, EOMES+, T-bet+",399
"singlet, CD3+, viable[live/dead stain], CD4-, CD8+, CD45RA-, CCR7-, Ki67+, HLA-DR+",399
"singlet, CD3+, viable[live/dead stain], CD4+, CD8-, CD45RA-, CCR7-, Ki67-, HLA-DR+",399
"singlet, CD3+, viable[live/dead stain], CD4+, CD8-, CD45RA-, CCR7-, EOMES+, T-bet-",399
"singlet, CD3+, viable[live/dead stain], CD4-, CD8+, CD45RA+, CCR7-, EOMES+, T-bet-",399
"singlet, CD3+, viable[live/dead stain], CD4+, CD8-, CD45RA+, CCR7+, Ki67+, HLA-DR+",399
"singlet, CD3+, viable[live/dead stain], CD4-, CD8+, CD45RA-, CCR7-, EOMES+, T-bet-",399
"singlet, CD3+, viable[live/dead stain], CD4-, CD8+, CD45RA-, CCR7-, EOMES+, T-bet+",399
"singlet, CD3+, viable[live/dead stain], CD4-, CD8+, CD45RA-, CCR7-, EOMES-, T-bet+",399
"singlet, CD3+, viable[live/dead stain], CD4-, CD8+, CD45RA+, CCR7-, Ki67+, HLA-DR-",399
"singlet, CD3+, viable[live/dead stain], CD4-, CD8+, CD45RA+, CCR7-, EOMES-, T-bet+",399
"singlet, CD3+, viable[live/dead stain], CD4-, CD8+, CD45RA+, CCR7+, Ki67+, HLA-DR-",399
"singlet, CD3+, viable[live/dead stain], CD4-, CD8+, CD45RA+, CCR7+, Ki67+, HLA-DR+",399
"singlet, CD3+, viable[live/dead stain], CD4-, CD8+, CD45RA+, CCR7-, EOMES+, T-bet+",399
"singlet, CD3+, viable[live/dead stain], CD4-, CD8+, CD45RA+, CCR7+, Ki67-, HLA-DR+",399
"singlet, CD3+, viable[live/dead stain], CD4-, CD8+, CD45RA-, CCR7-, Ki67-, HLA-DR+",399
"singlet, CD3+, viable[live/dead stain], CD4-, CD8+, CD45RA-, CCR7+, Ki67+, HLA-DR-",399
"singlet, CD3+, viable[live/dead stain], CD4-, CD8+, CD45RA-, CCR7+, EOMES+, T-bet-",399
"singlet, CD3+, viable[live/dead stain], CD4-, CD8+, CD45RA+, CCR7-, Ki67+, HLA-DR+",399
"singlet, CD3+, viable[live/dead stain], CD4-, CD8+, CD45RA+, CCR7-, Ki67-, HLA-DR+",399
"singlet, CD3+, viable[live/dead stain], CD4+, CD8-, CD45RA+, CCR7-, EOMES-, T-bet+",399
"singlet, CD3+, viable[live/dead stain], CD4+, CD8-, CD45RA+, CCR7-, EOMES+, T-bet+",399
"singlet, CD3+, viable[live/dead stain], CD4+, CD8-, CD45RA+, CCR7+, Ki67+, HLA-DR-",399
CD3+,371
"Lin1-, HLA-DR+, BDCA2+, CD11c-",371
"Lin1-, HLA-DR+, BDCA2-, CD11c+",371
granulocyte,371
Viable/Singlets/Lymphs/CD3+,348
Viable/Singlets/Lymphs,348
Intact cells/intact singlets/viable singlets/CD14-CD33-/CD3+/CD4+/CD161-,331
Intact cells/intact singlets/viable singlets/CD14-CD33-/CD3+/CD4+/CD25hiCD127low/CD161-CD45RA+,331
Intact cells/intact singlets/viable singlets/CD14-CD33-/CD3+/CD4+/CD25hiCD127low,331
Intact cells/intact singlets/viable singlets/CD14-CD33-/CD3+/CD4+/CD25hiCD127low/CD161+CD45RA+,331
Intact cells/intact singlets/viable singlets/CD14-CD33-/CD3+/CD4+/CD25hiCD127low/CD161+CD45RA-,331
Intact cells/intact singlets/viable singlets/CD14-CD33-,331
Intact cells/intact singlets/viable singlets/CD14-CD33-/CD3+,331
Intact cells/intact singlets/viable singlets/CD14-CD33-/CD3+/CD4+,331
Intact cells/intact singlets/viable singlets/CD14-CD33-/CD3+/CD4+/CCR7+CD45RA+,331
Intact cells/intact singlets/viable singlets/CD14-CD33-/CD3+/CD4+/CCR7+CD45RA-,331
Intact cells/intact singlets/viable singlets/CD14-CD33-/CD3+/CD4+/CCR7-CD45RA+,331
Intact cells/intact singlets/viable singlets/CD14-CD33-/CD3+/CD4+/CCR7-CD45RA-,331
Intact cells/intact singlets/viable singlets/CD14-CD33-/CD3+/CD4+/CD161+,331
Intact cells/intact singlets/viable singlets/CD14-CD33-/TCRgd+,331
Intact cells/intact singlets/viable/singlets,331
Intact cells/intact singlets/viable singlets/CD14-CD33-/CD3-/CD16+CD56+,331
Intact cells/intact singlets/viable singlets/CD14-CD33-/CD3-,331
Intact cells/intact singlets/viable singlets/CD14-CD33-/CD3+/CD8+/HLADR-CD38-,331
Intact cells/intact singlets/viable singlets/CD14-CD33-/CD3-/CD16+CD56+/CD94+,331
Intact cells/intact singlets/viable singlets/CD14-CD33-/CD3-/CD16+CD56+/CD161-,331
Intact cells/intact singlets/viable singlets/CD14-CD33-/CD3-/CD16+CD56+/CD161+,331
Intact cells/intact singlets/viable singlets/CD14-CD33-/CD3-/CD19+CD20+/IgD-CD27+,331
Intact cells/intact singlets/viable singlets/CD14-CD33-/CD3+/CD8+/CCR7+CD45RA-,331
Intact cells/intact singlets/viable singlets/CD14-CD33-/CD3+/CD8+/CCR7-CD45RA+,331
Intact cells/intact singlets/viable singlets/CD14-CD33-/CD3-/CD19+CD20+/IgD+CD27-,331
Intact cells/intact singlets/viable singlets/CD14-CD33-/CD3+/CD8+/CCR7-CD45RA-,331
Intact cells/intact singlets/viable singlets/CD14-CD33-/CD3-/CD19+CD20+/IgD+CD27+,331
Intact cells/intact singlets/viable singlets/CD14-CD33-/CD3-/CD19+CD20+/CD24-CD38+,331
Intact cells/intact singlets/viable singlets/CD14-CD33-/CD3-/CD19+CD20+/CD24+CD38-,331
Intact cells/intact singlets/viable singlets/CD14-CD33-/CD3-/CD19+CD20+/CD24+CD38+,331
Intact cells/intact singlets/viable singlets/CD14-CD33-/CD3-/CD19+CD20+,331
Intact cells/intact singlets/viable singlets/CD14-CD33-/CD3-/CD16+CD56+/HLADR-,331
Intact cells/intact singlets/viable singlets/CD14-CD33-/CD3-/CD16+CD56+/HLADR+,331
Intact cells/intact singlets/viable singlets/CD14-CD33-/CD3-/CD16+CD56+/CD94-,331
Intact cells/intact singlets/viable singlets/CD14-CD33-/CD3+/CD8+/CD27+,331
Intact cells/intact singlets/viable singlets/CD14-CD33-/CD3+/CD8+/CD161-,331
Intact cells/intact singlets/viable singlets/CD14-CD33-/CD3+/CD8+/CD161+,331
Intact cells/intact singlets/viable singlets/CD14-CD33-/CD3+/CD4+/CD28+,331
Intact cells/intact singlets/viable singlets/CD14-CD33-/CD3+/CD4+/CD28-,331
Intact cells/intact singlets/viable singlets/CD14-CD33-/CD3+/CD4+/CD85j+,331
Intact cells/intact singlets/viable singlets/CD14-CD33-/CD3+/CD4+/CD85j-,331
Intact cells/intact singlets/viable singlets/CD14-CD33-/CD3+/CD4+/CD94+,331
Intact cells/intact singlets/viable singlets/CD14-CD33-/CD3+/CD4+/CD94-,331
Intact cells/intact singlets/viable singlets/CD14-CD33-/CD3+/CD4+/HLADR+CD38+,331
Intact cells/intact singlets/viable singlets/CD14-CD33-/CD3+/CD4+/HLADR+CD38-,331
Intact cells/intact singlets/viable singlets/CD14-CD33-/CD3+/CD4+/HLADR-CD38+,331
Intact cells/intact singlets/viable singlets/CD14-CD33-/CD3+/CD4+/HLADR-CD38-,331
Intact cells/intact singlets/viable singlets/CD14-CD33-/CD3+/CD56+,331
Intact cells/intact singlets/viable singlets/CD14-CD33-/CD3+/CD8+/HLADR+CD38-,331
Intact cells/intact singlets/viable singlets/CD14-CD33-/CD3+/CD8+/HLADR-CD38+,331
Intact cells/intact singlets/viable singlets/CD14-CD33-/CD3+/CD4+/CD25hiCD127low/CD161-CD45RA-,331
Intact cells/intact singlets/viable singlets/CD14-CD33-/CD3+/CD4+/CD27+,331
Intact cells/intact singlets/viable singlets/CD14-CD33-/CD3+/CD4+/CD27-,331
Intact cells/intact singlets/viable singlets/CD14-CD33-/CD3+/CD8+/CCR7+CD45RA+,331
Intact cells/intact singlets/viable singlets/CD14+CD33+,331
Intact cells/intact singlets/viable singlets/CD14+CD33+/CD16+,331
Intact cells/intact singlets/viable singlets/CD14-CD33-/CD3+/CD8+,331
Intact cells/intact singlets/viable singlets/CD14+CD33+/CD16-,331
Intact cells/intact singlets/viable singlets/CD14-CD33-/CD3+/CD8+/HLADR+CD38+,331
Intact cells/intact singlets/viable singlets/CD14-CD33-/CD3+/CD8+/CD94-,331
Intact cells/intact singlets/viable singlets/CD14-CD33-/CD3+/CD8+/CD94+,331
Intact cells/intact singlets/viable singlets/CD14-CD33-/CD3+/CD8+/CD85j-,331
Intact cells/intact singlets/viable singlets/CD14-CD33-/CD3+/CD8+/CD85j+,331
Intact cells/intact singlets/viable singlets/CD14-CD33-/CD3+/CD8+/CD28-,331
Intact cells/intact singlets/viable singlets/CD14-CD33-/CD3+/CD8+/CD28+,331
Intact cells/intact singlets/viable singlets/CD14-CD33-/CD3+/CD8+/CD27-,331
Intact cells/intact singlets/viable singlets/CD14-CD33-/CD3-/CD19+CD20+/IgD-CD27-,331
Intact cells/intact singlets/viable singlets/CD14-CD33-/CD3-/CD20-/CD27+CD38+,331
Intact cells/intact singlets/viable singlets/CD14-CD33-/CD3-/CD20-,331
"CD3-, CD56+",324
"CD45+/CD3+/CD4,Freq. of,CD45+",324
"Lin-, CD14-, CD16-, CD56-, HLA-DR+(?)",324
"CD19+, CD3-, CD14-, CD38+, CD20-",309
"CD19+, CD3-, CD14-, CD27+, IgD+",309
"CD19+, CD3-, CD14-, CD27-, IgD+",309
"CD19+, CD3-, CD14-, CD38+, CD24+",309
"CD14+, HLA-DR+, CD16-, CD11b-",309
"CD14+, HLA-DRlo, CD16+",309
"CD14+, HLA-DRhi CD16+",309
"CD14+, HLA-DRhi, CD16-",309
"CD14+, HLA-DR+, CD16+, CD11b+",309
"CD19+, CD3-, CD14-, CD27+, CD138+",309
"CD19+, CD3-, CD14-, CD27+",309
"CD14+, HLA-DR+, CD16+, CX3CR1-",309
"CD14+, HLA-DRlo, CD16-",309
"CD3+, CD4+, CD8-, CXCR5+, CD45RA-, CXCR3-, CCR6+",309
"CD3+, CD4+, CD8-, CXCR5+, CD45RA-, CXCR3-, CCR6-",309
"CD3+, CD4+, CD8-, CXCR5-, CD45RA-, CXCR3-, CCR6+",309
"CD3+, CD4-, CD8+",309
"CD3+, CD4-, CD8+, CCR6+",309
"CD3+, CD4+, CD8-, CXCR5-, CD45RA-, CXCR3-, CCR6-",309
"CD3+, CD4+, CD8-, CXCR5-, CD45RA-, CXCR3-, CCR6+, ICOS+",309
"CD14+, HLA-DR+, CD16+, SLAN-",309
"CD14+, HLA-DR+, CD16-, SLAN-",309
"Lin1-, HLA-DR+, BDCA2-, CD11c+, BDCA3-, CD1c+",309
"Lin1-, HLA-DR+, BDCA2-, CD11c+, BDCA3-, CD1c+, CD2-",309
"Lin1-, HLA-DR+, BDCA2-, CD11c+, BDCA3-, CD1c+, CD2+",309
"Lin1-, HLA-DR+, BDCA2-, CD11c+, BDCA3-, CD1c+, CD86+",309
"CD14+, HLA-DR+, CD16-, SLAN+",309
"CD3+, CD4+, CD8-, CXCR5-, CD45RA-, CXCR3-, CCR6-, ICOS+",309
"Lin1-, HLA-DR+, BDCA2-, CD11c+, BDCA3+, CD1c-",309
"Lin1-, HLA-DR+, BDCA2-, CD11c+, BDCA3-, CD1c+, CD86-",309
"Lin1-, HLA-DR+, BDCA2-, CD11c+, BDCA3+, CD1c-, CD86+",309
"Lin1-, HLA-DR+, BDCA2-, CD11c+, BDCA3+, CD1c-, CD2-",309
"Lin1-, HLA-DR+, BDCA2-, CD11c+, BDCA3+, CD1c-, CD86-",309
"CD14+, HLA-DR+",309
"CD14+, HLA-DR+, CD40+",309
"Lin1-, HLA-DR+, BDCA2-, CD11c+, BDCA3+, CD1c-, CD2+",309
"CD14lo, HLA-DR+, CD16+",309
SLAN+,309
CD16- granulocyte,309
"CD14+, HLA-DR+, CD16-, CD86+",309
"CD14+, HLA-DR+, CD16+, CD86+",309
"CD14+, HLA-DR+, CD16+, CD86-",309
"CD14+, HLA-DR+, CD16-, CD86-",309
"CD14+, HLA-DR+, CD16+, SLAN+",309
"CD3+, CD4+, CD8-, CXCR5-, CD45RA-, CXCR3+, CCR6+",309
"CD3+, CD4+, CD8-, CXCR5-, CD45RA-, CXCR3+, CCR6+, ICOS+",309
"CD3+, CD4+, CD8-, CXCR5-, CD45RA-, CXCR3+, CCR6-",309
"CD3+, CD4+, CD8-, CXCR5+, CD45RA-, CXCR3-, CCR6+, ICOS+",309
"CD3+, CD4+, CD8-, CXCR5-, CD45RA-, ICOS+",309
"CD3+, CD4+, CD8-, CXCR5-, CD45RA-",309
"CD3+, CD4-, CD8+, CXCR3+",309
"CD3+, CD4+, CD8-, CXCR5+, CD45RA-, CXCR3-, CCR6-, ICOS+",309
"CD3+, CD4+, CD8-, CXCR5+, CD45RA-",309
"CD3+, CD4+, CD8-, CXCR5+, CD45RA-, ICOS+",309
"CD3+, CD4+, CD8-, CXCR5+, CD45RA-, CXCR3+, CCR6-",309
"CD3+, CD4+, CD8-, CXCR5+, CD45RA-, CXCR3+, CCR6-, ICOS+",309
"Lin1-, HLA-DR+, BDCA2+, CD11c-, CD2+",309
"Lin1-, HLA-DR+, BDCA2+, CD11c-, CD86+",309
"Lin1-, HLA-DR+, BDCA2+, CD11c-, CD86-",309
"Lin1-, HLA-DR+, BDCA2+, CD11c-, CD2-",309
"CD19+, CD3-, CD14-, CD20-",309
"CD14+, HLA-DR+, CD16-",309
"CD3+, CD4+, CD8-, CXCR5-, CD45RA-, CXCR3+, CCR6-, ICOS+",309
"CD14+, HLA-DR+, CD16+",309
"CD3+, CD4+, CD8-, CXCR5+, CD45RA-, CXCR3+, CCR6+",309
"CD3+, CD4+, CD8-, CXCR5+, CD45RA-, CXCR3+, CCR6+, ICOS+",309
"CD14lo, HLA-DR+, CD16-",309
"CD19+, CD3-, CD14-, CD20+",309
CD16+ granulocyte,309
"CD3+, ICOS+",309
"CD3+, CD4+, CD8-",309
"Lin1-, HLA-DR+, BDCA2-, CD11c+, CD2-",309
"CD3+, CD4+, CD8-, ICOS+",309
"CD19+, CD3-, CD14-, CD27-, IgD-",309
"CD19+, CD3-, CD14-, CD27+, IgD-",309
"Lin1-, HLA-DR+, BDCA2-, CD11c+, CD86-",309
"CD19+, CD3-, CD14-",309
"Lin1-, HLA-DR+, BDCA2-, CD11c+, CD86+",309
"Lin1-, HLA-DR+, BDCA2-, CD11c+, CD2+",309
"CD14+, HLA-DR+, CD16-, CX3CR1+",309
"CD14+, HLA-DR+, CD16-, CX3CR1-",309
"CD14+, HLA-DR+, CD16+, CD11b-",309
"CD14+, HLA-DR+, CD16-, CD11b+",309
"CD3+, CD4-, CD8+, CXCR5+",309
"CD14+, HLA-DR+, CD16+, CX3CR1+",309
"CD3+, CD4-, CD8+, ICOS+",309
CD3+ AND CD4+ AND small lymphocyte,301
CD3+ AND CD8+ AND small lymphocyte,301
"CD19+, CD3-, CD14-, CD38+, CD24+, CD86+",269
"CD19+, CD3-, CD14-, CD27+, IgD+, CD86+",269
"CD19+, CD3-, CD14-, CD38+, CD20-, CD86+",269
"CD19+, CD3-, CD14-, CD27+, CD138+, CD86+",269
"CD19+, CD3-, CD14-, CD27-, IgD+, CD86+",269
"CD19+, CD3-, CD14-, CD86+",269
"CD19+, CD3-, CD14-, CD20+, CD86+",269
"CD19+, CD3-, CD14-, CD27-, IgD-, CD86+",269
"CD19+, CD3-, CD14-, CD27+, IgD-, CD86+",269
"CD19+, CD3-, CD14-, CD20-, CD86+",269
Viable/Singlets/Lymphs/CD3+/CD4+,261
Viable/Singlets/Lymphs/CD3+/CD8+,261
CD45+CD19+CD20+IgD+CD27-CD86+,245
CD45+CD19+CD20+IgD+CD27-CD80+,245
CD45+CD19+CD20+IgD+CD27-CD38+,245
CD45+CD19+CD20+IgD+CD27-CD21+,245
CD45+CD3+,245
CD45+CD14+TNFa+,245
CD45+CD3+CD8+CD4-CD45RA+,245
CD45+CD3+CD8+CD4-CD39+,245
CD45+CD3+CD8+CD4-CD38+,245
CD45+CD3+CD8+CD4-CD27+,245
CD45+CD3+CD8+CD4-CD25+,245
CD45+CD3+CD4- CD8+,245
CD45+CD3+CD4+CD8- CD161+IL17a+,245
CD45+CD3+CD4+CD8-CD161+,245
CD45+CD3+CD8+CD4-IL17a+,245
CD45+CD3+CD4- CD8-,245
CD45+CD3+CD4+CD8-HLA-DR+,245
CD45+CD3+CD4+CD8-CD127+,245
CD45+CD3+CD4+CD8-CD103+,245
CD45+CD3+CD4+CD8-CD45RA-CD27+CCR7-,245
CD45+CD3+CD4+CD8-CD45RA-CD27+CCR7+,245
CD45+CD3+CD4+CD8-CD45RA-,245
CD45+CD3+CD4+CD8-CD45RA+,245
CD45+CD3+CD4+CD8-CD39+,245
CD45+CD3+CD4+CD8-CD38+,245
CD45+CD3+CD4+CD8-CD25highFOXp3+,245
CD45+CD3+CD4+CD8-CD25+,245
CD45+CD3+CD8+CD4-CD69+,245
CD45+CD3+CD4+CD8-IL4+,245
CD45+CD3+CD4+CD8-IL2+,245
CD45+CD3+CD4+CD8-CD69+,245
CD45+CD3+CD4+CD8-CD40L+,245
CD45+CD3+CD4+CD8-IL23r+,245
CD45+CD3+CD4+CD8-IL22+,245
CD45+CD3+CD4+CD8-IL21+,245
CD45+CD3+CD4+CD8-IL17a+,245
CD45+CD3+CD4+CD8-CD196+,245
CD45+CD3+CD4+CD8- CD161-IL22+,245
CD45+CD3+CD4+CD8- CD161-IL21+,245
CD45+CD3+CD4+CD8- CD161-IL17a+,245
CD45+CD3+CD4+CD8-CD161-,245
CD45+CD3+CD8+CD4-IL23r+,245
CD45+CD3+CD4+CD8- CD161+IL22+,245
CD45+CD3+CD8+CD4-Perforin+,245
CD45+CD3+CD8+CD4-IL2+,245
CD45+CD3+CD8+CD4-IFNg+,245
CD45+CD14+CD86+,245
CD45+CD14+CD83+,245
CD45+CD14+CD40+,245
CD45+CD14+,245
CD45+CD3-CD19-CD20-CD16-CD56-CD14-HLADR+CD11c+CD123-TNFa+,245
CD45+CD3-CD19-CD20-CD16-CD56-CD14-HLADR+CD11c+CD123-IFNa+,245
CD45+CD3-CD19-CD20-CD16-CD56-CD14-HLADR+CD11c+CD123-,245
CD45+CD3-CD19-CD20-CD16-CD56-CD14-HLADR+CD11c+CD123+,245
CD45+CD3-CD19-CD20-CD16-CD56-CD14-HLADR+CD11c-CD123+TNFa+,245
CD45+CD3-CD19-CD20-CD16-CD56-CD14-HLADR+CD11c-CD123+IFNa+,245
CD45+CD3-CD19-CD20-CD16-CD56-CD14-HLADR+CD11c-CD123+,245
CD45+CD3-CD19-CD20-CD16-CD56-CD14-HLADR+TNFa+,245
CD45+CD3-CD19-CD20-CD16-CD56-CD14-HLADR+IFNa+,245
CD45+CD3-CD19-CD20-CD16-CD56-CD14-HLADR+,245
CD45+CD3+CD4+ CD8-,245
CD45+CD3+CD4+ CD8+,245
CD45+CD3+CD8+CD4-HLA-DR+,245
CD45+CD3+CD8+CD4-CD127+,245
CD45+CD3+CD8+CD4-CD103+,245
CD45+CD3+CD8+CD4-CD45RA-CD27-CCR7-,245
CD45+CD3+CD8+CD4-CD45RA-CD27+CCR7+,245
CD45+CD3+CD8+CD4-CD45RA-,245
CD45+CD3+CD8+CD4-CD45RA+CD27-,245
CD45+CD3+CD8+CD4-CD45RA+CD27+,245
CD45+CD19+CD20+CD86+,245
CD45+CD19+CD20+IgA+,245
CD45+CD19+CD20+IgD+CD27-IgG+,245
CD45+CD19+CD20+IgD+CD27-IgA+,245
CD45+CD19+CD27highCD38++CD21+,245
CD45+CD19+CD20+CD80+,245
CD45+CD19+CD27highCD38++,245
CD45+CD19+,245
CD45+CD19+CD20+IgD-CD27-,245
CD45+CD19+CD20+IgD-CD27-CD21+,245
CD45+CD19+CD20+IgD-CD27-IgG+,245
CD45+CD19+CD20+CD27-CD10+,245
CD45+CD19+CD20+CD27-CD10+CD21+,245
CD45+CD19+CD20+CD27-CD10+CD38+,245
CD45+CD19+CD20+IgD-CD27-CD23+,245
CD45+CD19+CD20+IgD-CD27-CD80+,245
CD45+CD19+CD20+IgD-CD27-CD86+,245
CD45+CD19+CD20+IgD-CD27-IgA+,245
CD45+CD19+CD20+IgD-CD27+,245
CD45+CD19+CD20+IgM-IgD-,245
CD45+CD19+CD20+IgM+IgD+,245
CD45+CD19+CD20+IgG+,245
CD45+CD19+CD20+IgD-CD27+CD23+,245
CD45+CD19+CD20+IgD-CD27+CD38+,245
CD45+CD19+CD20+IgD-CD27+CD80+,245
CD45+CD19+CD20+IgD-CD27+CD86+,245
CD45+CD19+CD20+IgD+CD27+CD23+,245
CD45+CD19+CD20+IgD+CD27+,245
CD45+CD19+CD20+IgD-CD27+IgG+,245
CD45+CD19+CD20+IgD-CD27+IgA+,245
CD45+CD19+CD20+IgD+CD27-,245
CD45+CD19+CD20+IgD+CD27+CD86+,245
CD45+CD19+CD20+IgD+CD27+CD80+,245
CD45+CD19+CD20+IgD+CD27+CD38+,245
CD45+CD14+HLADR+,244
CXCR3 FMO: viable/singlets/Lymph/CD3-/CD19+CD20+,225
CXCR3 FMO: viable/singlets/Lymph/CD3-,225
CXCR3 FMO: viable/singlets/Mono,225
CXCR3 FMO: viable/singlets/Lymph/CD3+/CD8+/CXCR3+,225
CXCR3 FMO: viable/singlets/Lymph/CD3+/CD8+,225
CXCR3 FMO: viable/singlets/Lymph/CD16+/CD56+/CXCR3+,225
CXCR3 FMO: viable/singlets/Lymph/CD3+,225
CXCR3 FMO: viable/singlets/Lymph/CD16+/CD56+,225
CXCR3 FMO: viable/singlets/Lymph,225
CXCR3 FMO: viable/singlets,225
CXCR3 FMO: viable,225
CXCR3 FMO: viable/singlets/Lymph/CD3+/CD4+/CXCR3+,225
CXCR3 FMO: viable/singlets/Lymph/CD3+/CD4+,225
CXCR3 FMO: viable/singlets/Mono/CD33+,225
CXCR3 FMO: viable/singlets/Mono/CD33+/CXCR3+,225
CXCR3 FMO: viable/singlets/Lymph/CD3-/CD19+CD20+/CXCR3+,225
"ly/CD3+/CD4+,Freq. of,ly",210
"ly/CD3+/CD8+,Freq. of,ly",210
"singlet, CD3-, CD19-, CD20-, viable[live/dead stain], CD56+, CD16+",207
"singlet, CD3-, CD19-, CD20-, viable[live/dead stain], CD56-, CD14+",207
"singlet, CD3-, CD19-, CD20-, viable[live/dead stain], CD56-, CD14+, CD16-",207
"singlet, CD3-, CD19-, CD20-, viable[live/dead stain], CD56-, CD14-, CD16-, HLA-DR+, CD11c+, CD123-",207
"singlet, CD3-, CD19-, CD20-, viable[live/dead stain], CD56-, CD14-, CD16-, HLA-DR+",207
"singlet, CD3-, CD19-, CD20-, viable[live/dead stain], CD56-, CD14+, CD16+",207
"singlet, CD3-, CD19-, CD20-, viable[live/dead stain], CD56+, CD16-",207
"singlet, CD3-, CD19-, CD20-, viable[live/dead stain], CD56-, CD14-, CD16-, HLA-DR+, CD11c-, CD123+",207
"singlet, CD3-, CD19-, CD20-, viable[live/dead stain], CD56+",207
"singlet, CD3-, viable[live/dead stain], CD19+, CD20-",203
"singlet, CD3-, viable[live/dead stain], CD19+, CD20-, CD38+, CD27+",203
CD45+CD3+CD4+CD8- CD161+IL21+,197
Intact cells/intact singlets/viable singlets/Nonbasophils/Nonbasophil CD14-CD33-,182
Intact cells/intact singlets/viable singlets/CD123+HLADR-,182
Intact cells/Intact singlets,182
Intact cells/intact singlets/viable singlets/CD14-CD33-/CD3+/CD4-CD8+/PD1-,182
Intact cells/intact singlets/viable singlets/CD14-CD33-/CD3+/CD4-CD8+/PD1+,182
Intact cells/intact singlets/viable singlets/CD14-CD33-/CD3+/CD4-CD8+/CD57-,182
Intact cells/intact singlets/viable singlets/CD14-CD33-/CD3+/CD4-CD8+/Non-naive CD8+,182
Intact cells/intact singlets/viable singlets/CD14-CD33-/CD3+/CD4-CD8+/ICOS-,182
Intact cells/intact singlets/viable singlets/Nonbasophils,182
Intact cells/intact singlets/viable singlets/CD14-CD33-/CD3-/CD16+CD56+/CD57-,182
Intact cells/intact singlets/viable singlets/CD14-CD33-/CD3-/CD56bright CD16-,182
Intact cells/intact singlets/viable singlets/Nonbasophils/Nonbasophil CD14-CD33-/Nonbasophil CD3-CD20-,182
Intact cells/intact singlets/viable singlets/Nonbasophils/Nonbasophil CD14-CD33-/Nonbasophil CD3-CD20-/Nonbasophil CD56-CD16-,182
Intact cells/intact singlets/viable singlets/CD14-CD33-/CD3+/CD4+CD8-/ICOS-,182
Intact cells/intact singlets/viable singlets/Nonbasophils/Nonbasophil CD14-CD33-/Nonbasophil CD3-CD20-/Nonbasophil CD56-CD16-/mDCs,182
Intact cells/intact singlets/viable singlets/Nonbasophils/Nonbasophil CD14-CD33-/Nonbasophil CD3-CD20-/Nonbasophil CD56-CD16-/pDCs,182
Intact cells/intact singlets/viable singlets/CD14+CD33+/CD14+CD16+,182
Intact cells/intact singlets/viable singlets/CD14+CD33+/CD14-CD16+,182
Intact cells/intact singlets/viable singlets/CD14-CD33-/CD3+/CD4+CD8-/CD57+,182
Intact cells/intact singlets/viable singlets/CD14-CD33-/CD3+/CD4+CD8-/CD57-,182
Intact cells/intact singlets/viable singlets/CD14-CD33-/CD3+/CD4+CD8-/ICOS+,182
Intact cells/intact singlets/viable singlets/CD14-CD33-/CD3+/CD4+CD8-/PD1+,182
Intact cells/intact singlets/viable singlets/CD14-CD33-/CD3+/CD4+CD8-/Non-naive CD4+,182
Intact cells/intact singlets/viable singlets/CD14-CD33-/CD3+CD56+/CD161+,182
Intact cells/intact singlets/viable singlets/CD14-CD33-/CD3+/CD4-CD8+/ICOS+,182
Intact cells/intact singlets/viable singlets/CD14-CD33-/CD3+/CD4+CD8-/PD1-,182
Intact cells/intact singlets/viable singlets/CD14-CD33-/CD3+/CD4-CD8+/CD57+,182
Intact cells/intact singlets/viable singlets/CD14-CD33-/CD3+CD56+/CD161-,182
Intact cells/intact singlets/viable singlets/CD14-CD33-/CD3-/CD16+CD56+/CD57+,182
Intact cells,181
Intact cells/intact singlets/viable singlets/CD14-CD33-/CD3+/CD4+CD8-/Non-naive CD4+/CXCR5+/CXCR3-CCR6-,179
Intact cells/intact singlets/viable singlets/CD14-CD33-/CD3+/CD4+CD8-/Non-naive CD4+/CXCR5+/CXCR3-CCR6+,179
Intact cells/intact singlets/viable singlets/CD14-CD33-/CD3+/CD4-CD8+/Non-naive CD8+/CXCR5-/CXCR3-CCR6-,179
Intact cells/intact singlets/viable singlets/CD14-CD33-/CD3+/CD4-CD8+/Non-naive CD8+/CXCR5-/CXCR3-CCR6+,179
Intact cells/intact singlets/viable singlets/CD14-CD33-/CD3+/CD4-CD8+/Non-naive CD8+/CXCR5-/CXCR3+CCR6-,179
Intact cells/intact singlets/viable singlets/CD14-CD33-/CD3+/CD4-CD8+/Non-naive CD8+/CXCR5-,179
Intact cells/intact singlets/viable singlets/CD14-CD33-/CD3+/CD4-CD8+/Non-naive CD8+/CXCR5+/CXCR3-CCR6-,179
Intact cells/intact singlets/viable singlets/CD14-CD33-/CD3+/CD4-CD8+/Non-naive CD8+/CXCR5+/CXCR3-CCR6+,179
Intact cells/intact singlets/viable singlets/CD14-CD33-/CD3+/CD4-CD8+/Non-naive CD8+/CXCR5+/CXCR3+CCR6-,179
Intact cells/intact singlets/viable singlets/CD14-CD33-/CD3+/CD4-CD8+/Non-naive CD8+/CXCR5+,179
Intact cells/intact singlets/viable singlets/CD14-CD33-/CD3+/CD4+CD8-/Non-naive CD4+/CXCR5-/CXCR3-CCR6-,179
Intact cells/intact singlets/viable singlets/CD14-CD33-/CD3+/CD4+CD8-/Non-naive CD4+/CXCR5-/CXCR3-CCR6+,179
Intact cells/intact singlets/viable singlets/CD14-CD33-/CD3+/CD4+CD8-/Non-naive CD4+/CXCR5-/CXCR3+CCR6-,179
Intact cells/intact singlets/viable singlets/CD14-CD33-/CD3+/CD4+CD8-/Non-naive CD4+/CXCR5-,179
Intact cells/intact singlets/viable singlets/CD14-CD33-/CD3+/CD4+CD8-/Non-naive CD4+/CXCR5+/CXCR3+CCR6-,179
Intact cells/intact singlets/viable singlets/CD14-CD33-/CD3+/CD4+CD8-/Non-naive CD4+/CXCR5+,179
"CD45+/CD3+/CD4/EM,Freq. of,CD4",162
"WBC/CD19+SCC/CD19+,Freq. of,WBC",162
"sWBC/lymono/Lin2-Dr+/Q1: BDCA-1+/CD2-,Freq. of,Q1: BDCA-1+",162
"sWBC/lymono/Lin2-Dr+/Q3: BDCA-2+,Freq. of,sWBC",162
"WBC/CD19+SCC/CD19+/nQ2: CD19+,, CD27+/nPlasmacell,Freq. of,CD19+",162
"WBC/CD19+SCC/CD19+/nQ2: CD19+,, CD27+/nPlasmablast,Freq. of,CD19+",162
"WBC/CD19+SCC/CD19+/n transitional,Freq. of,CD19+",162
"WBC/CD19+SCC/CD19+/nQ2: CD19+,, CD27+,Freq. of,CD19+",162
"WBC/CD19+SCC/CD19+/nQ3: CD19+,, CD20,Freq. of,CD19+",162
"WBC/CD19+SCC/CD19+/nQ2: CD19+,, CD20+,Freq. of,CD19+",162
"WBC/CD19+SCC/CD19+/nQ4: CD27,, IgD,Freq. of,CD19+",162
"WBC/CD19+SCC/CD19+/nQ3: CD27+,, IgD,Freq. of,CD19+",162
"WBC/CD19+SCC/CD19+/nQ2: CD27+,, IgD+,Freq. of,CD19+",162
"WBC/CD19+SCC/CD19+/nQ1: CD27,, IgD+,Freq. of,CD19+",162
"ly/CD3+/CD8+/CD25+,Freq. of,CD8+",162
"ly/CD3+/CD8+/CTLA4+,Freq. of,CD8+",162
"ly/CD3+/CD8+/FoxP3+,Freq. of,CD8+",162
"CD45+/CD3+/CD4/TFH/ICOS,Freq. of,TFH",162
"CD45+/CD3+/CD4/non TFH/1,Freq. of,CD4",162
"CD45+/CD3+/CD4/non TFH/Q2: CCR6+,, CXCR3+,Freq. of,CD4",162
"CD45+/CD3+/CD4/non TFH/1/ICOS,Freq. of,1",162
"CD45+/CD3+/CD4/non TFH/2/ICOS,Freq. of,2",162
"CD45+/CD3+/CD4/non TFH/17/ICOS,Freq. of,17",162
"CD45+/CD3+/CD4/non TFH/Q2: CCR6+,, CXCR3+/ICOS,Freq. of,Q2: CCR6+, CXCR3+",162
"CD45+/CD3+/CD8/ICOS,Freq. of,CD8",162
"CD45+/CD3+/CD4/CM,Freq. of,CD4",162
"sWBC/lymono/Lin2-Dr+/Q1: BDCA-1+/CD2+,Freq. of,Q1: BDCA-1+",162
"sWBC/lymono/Lin2-Dr+/Q1: BDCA-1+/Q5: CD45RA,, CD4+,Freq. of,Q1: BDCA-1+",162
"ly/CD3+/CD4+/CTLA4+,Freq. of,CD4+",162
"ly/CD3+/CD4+/FoxP3+,Freq. of,CD4+",162
"CD45+/CD3+/CD4/Naive,Freq. of,CD4",162
"WBC/2-WBC/lymono/monos/CD14+CD16-/CD11b+,Freq. of,CD14+CD16-",162
"CD45+/CD3+/CD4/Teff,Freq. of,CD4",162
"Lymp/CD3-/CD56br,Freq. of,Lymp",162
"CD45+/CD3+/CD4/TFH/17,Freq. of,TFH",162
"CD45+/CD3+/CD4/TFH/2,Freq. of,TFH",162
"CD45+/CD3+/CD4/TFH/1,Freq. of,TFH",162
"CD45+/CD3+/CD4/TFH,Freq. of,CD4",162
"CD45+/CD3+/CD8,Freq. of,CD45+",162
"CD45+/CD3+,Freq. of,CD45+",162
"WBC/2-WBC/lymono/monos/CD14dimCD16+/CD86+,Freq. of,CD14dimCD16+",162
"WBC/2-WBC/lymono/monos/CD14dimCD16+/CD62L+,Freq. of,CD14dimCD16+",162
"ly/CD3+/CD4+/CD25+,Freq. of,CD4+",162
"Lymp/CD3-/CD56diCD16-,Freq. of,Lymp",162
"Lymp/CD3-/CD56-CD16+,Freq. of,Lymp",162
"Lymp/CD3-/CD56diCD16+,Freq. of,Lymp",162
"WBC/2-WBC/lymono/monos/CD14+CD16-/CD62L+,Freq. of,CD14+CD16-",162
"WBC/2-WBC/lymono/monos/CD14+CD16-/CD86+,Freq. of,CD14+CD16-",162
"WBC/2-WBC/lymono/monos/CD14dimCD16+/CD11b+,Freq. of,CD14dimCD16+",162
"WBC/2-WBC/lymono/monos/CD14dimCD16+/CD40+,Freq. of,CD14dimCD16+",162
"sWBC/lymono/Lin2-Dr+/Q1: BDCA-1+/Q6: CD45RA+,, CD4+,Freq. of,Q1: BDCA-1+",162
"sWBC/lymono/Lin2-Dr+/Q1: BDCA-1+/Q7: CD45RA+,, CD4,Freq. of,Q1: BDCA-1+",162
"sWBC/lymono/Lin2-Dr+/Q1: BDCA-1+/Q8: CD45RA,, CD4,Freq. of,Q1: BDCA-1+",162
"sWBC/lymono/Lin2-Dr+/Q3: BDCA-2+/CD2+,Freq. of,Q3: BDCA-2+",162
"sWBC/lymono/Lin2-Dr+/Q3: BDCA-2+/CD2-,Freq. of,Q3: BDCA-2+",162
"sWBC/lymono/Lin2-Dr+/Q3: BDCA-2+/Q5: CD45RA,, CD4+,Freq. of,Q3: BDCA-2+",162
"sWBC/lymono/Lin2-Dr+/Q3: BDCA-2+/Q6: CD45RA+,, CD4+,Freq. of,Q3: BDCA-2+",162
"sWBC/lymono/Lin2-Dr+/Q3: BDCA-2+/Q7: CD45RA+,, CD4,Freq. of,Q3: BDCA-2+",162
"CD45+/CD3+/CD4/TFH/Q2: CCR6+,, CXCR3+,Freq. of,TFH",162
"WBC/2-WBC/2-grans/Neu-CD45/Neutr,Freq. of,2-WBC",162
"CD45+/CD3+/CD4/TFH/1/ICOS,Freq. of,1",162
"CD45+/CD3+/CD4/TFH/2/ICOS,Freq. of,2",162
"CD45+/CD3+/CD4/TFH/17/ICOS,Freq. of,17",162
"CD45+/CD3+/CD4/TFH/Q2: CCR6+,, CXCR3+/ICOS,Freq. of,Q2: CCR6+, CXCR3+",162
"CD45+/CD3+/CD4/ICOS,Freq. of,CD4",162
"CD45+/CD3+/CD4/non TFH,Freq. of,CD4",162
"WBC/2-WBC/2-grans/Neu-CD45/Neutr/Q2: CD16+,, CD11b+/CD62L+,Freq. of,Q2: CD16+, CD11b+",162
"WBC/2-WBC/lymono/monos,Freq. of,2-WBC",162
"WBC/2-WBC/lymono/monos/CD14+CD16-,Freq. of,monos",162
"WBC/2-WBC/lymono/monos/CD14+CD16+,Freq. of,monos",162
"WBC/2-WBC/lymono/monos/CD14dimCD16+,Freq. of,monos",162
"WBC/2-WBC/lymono/monos/dn,Freq. of,monos",162
"WBC/2-WBC/lymono/monos/CD14+CD16+/CD11b+,Freq. of,CD14+CD16+",162
"WBC/2-WBC/lymono/monos/CD14+CD16+/CD40+,Freq. of,CD14+CD16+",162
"WBC/2-WBC/lymono/monos/CD14+CD16+/CD62L+,Freq. of,CD14+CD16+",162
"WBC/2-WBC/lymono/monos/CD14+CD16+/CD86+,Freq. of,CD14+CD16+",162
"sWBC/lymono/Lin2-Dr+/Q1: BDCA-1+,Freq. of,sWBC",162
"WBC/2-WBC/lymono/monos/CD14+CD16-/CD40+,Freq. of,CD14+CD16-",162
"WBC/2-WBC/2-grans/Neu-CD45/Neutr/Q3: CD16+,, CD11b,Freq. of,Neutr",162
"WBC/2-WBC/2-grans/Neu-CD45/Neutr/Q4: CD16,, CD11b,Freq. of,Neutr",162
"WBC/2-WBC/2-grans/Neu-CD45/Neutr/Q1: CD16,, CD11b+,Freq. of,Neutr",162
"WBC/2-WBC/2-grans/Neu-CD45/Neutr/Q2: CD16+,, CD11b+/CD62L-,Freq. of,Q2: CD16+, CD11b+",162
"sWBC/lymono/Lin2-Dr+/Q3: BDCA-2+/Q8: CD45RA,, CD4,Freq. of,Q3: BDCA-2+",162
"sWBC/lymono/Lin2-Dr+/CD11c+,Freq. of,sWBC",162
"sWBC/lymono/Lin2-Dr+/CD123+,Freq. of,sWBC",162
"WBC/2-WBC/2-grans/Neu-CD45/Neutr/Q2: CD16+,, CD11b+,Freq. of,Neutr",162
"CD14+, HLA-DR+, CD16-, CD62L+",160
"CD3+, CD4-, CD8+, HLA-DR+",160
"CD3+, CD4+, CD8-, CXCR5-, CD45RA-, CXCR3+, CCR6+, HLA-DR+",160
"CD3+, CD4+, CD8-, CXCR5-, CD45RA-, CXCR3-, CCR6-, HLA-DR+",160
"CD14+, HLA-DR+, CD16-, CD62L-",160
"CD16+, CD62L- granulocyte",160
"CD14+, HLA-DR+, CD16+, CD62L+",160
"CD14+, HLA-DR+, CD16+, CD62L-",160
"CD3+, CD4+, CD8-, CXCR5+, CD45RA-, CXCR3-, CCR6+, HLA-DR+",160
"CD3+, CD4+, CD8-, CXCR5+, CD45RA-, CXCR3+, CCR6+, HLA-DR+",160
"CD3+, CD4+, CD8-, CXCR5-, CD45RA-, CXCR3+, CCR6-, HLA-DR+",160
"CD3+, CD4+, CD8-, CXCR5+, CD45RA-, CXCR3-, CCR6-, HLA-DR+",160
"Lin1-, HLA-DR+, BDCA2+, CD11c-, CD40+",160
"Lin1-, HLA-DR+, BDCA2+, CD11c-, CD40-",160
"Lin1-, HLA-DR+, BDCA2-, CD11c+, CD40+",160
"Lin1-, HLA-DR+, BDCA2-, CD11c+, CD40-",160
"Lin1-, HLA-DR+, BDCA2-, CD11c+, BDCA3-, CD1c+, CD40+",160
"Lin1-, HLA-DR+, BDCA2-, CD11c+, BDCA3-, CD1c+, CD40-",160
"Lin1-, HLA-DR+, BDCA2-, CD11c+, BDCA3+, CD1c-, CD40+",160
"Lin1-, HLA-DR+, BDCA2-, CD11c+, BDCA3+, CD1c-, CD40-",160
"CD3+, HLA-DR+",160
"CD3+, CD4+, CD8-, HLA-DR+",160
"CD3+, CD4+, CD8-, CXCR5+, CD45RA-, HLA-DR+",160
"CD3+, CD4+, CD8-, CXCR5+, CD45RA-, CXCR3+, CCR6-, HLA-DR+",160
NK-NKT: viable/singlets/Lymph/CD3+/CD8+/Q2: CD314+CD94+,149
NK-NKT: viable/singlets/Lymph/CD3+/CD8+/Q1: CD314-CD94+,149
NK-NKT: viable/singlets/Lymph/CD3+/CD8+,149
NK-NKT: viable/singlets/Lymph/CD3+,149
NK-NKT: viable/singlets/Lymph,149
NK-NKT: viable/singlets,149
NK-NKT: viable,149
B cell: viable,149
NK-NKT: viable/singlets/Lymph/CD3-/CD16+/CD56+/Q4: CD314-CD94-,149
NK-NKT: viable/singlets/Lymph/CD3-/CD16+/CD56+/Q3: CD314+CD94-,149
NK-NKT: viable/singlets/Lymph/CD3-/CD16+/CD56+/Q2: CD314+CD94+,149
NK-NKT: viable/singlets/Lymph/CD3-/CD16+/CD56+/Q1: CD314-CD94+,149
NK-NKT: viable/singlets/Lymph/CD3-/CD16+/CD56+/HLADR+,149
NK-NKT: viable/singlets/Lymph/CD3-/CD16+/CD56+,149
NK-NKT: viable/singlets/Lymph/CD3-,149
NK-NKT: viable/singlets/Lymph/CD3+/CD8+/Q4: CD314-CD94-,149
NK-NKT: viable/singlets/Lymph/CD3+/CD8+/Q3: CD314+CD94-,149
Treg: viable/singlets/Lymph,149
Treg: viable/singlets,149
Treg: viable,149
B cell: viable/singlets/Lymph/CD3-/CD20-/CD27+/CD38+,149
B cell: viable/singlets/Lymph/CD3-/CD20-,149
B cell: viable/singlets/Lymph/CD3-/CD19+CD20+/Q4: IgD-CD27-,149
B cell: viable/singlets/Lymph/CD3-/CD19+CD20+/Q3: IgD+CD27-,149
B cell: viable/singlets/Lymph/CD3-/CD19+CD20+/Q2: IgD+CD27+,149
B cell: viable/singlets/Lymph/CD3-/CD19+CD20+/CD24+/CD38+,149
B cell: viable/singlets/Lymph/CD3-/CD19+CD20+,149
B cell: viable/singlets/Lymph/CD3-,149
B cell: viable/singlets/Lymph,149
B cell: viable/singlets,149
Treg: viable/singlets/Lymph/CD3+/CD8+/CD161+,149
Treg: viable/singlets/Lymph/CD3+/CD8+,149
NK-NKT: viable/singlets/Lymph/CD3+CD56+,149
NK-NKT: viable/singlets/Lymph/CD3+/CD8-/Q4: CD314-CD94-,149
NK-NKT: viable/singlets/Lymph/CD3+/CD8-/Q3: CD314+CD94-,149
NK-NKT: viable/singlets/Lymph/CD3+/CD8-/Q2: CD314+CD94+,149
NK-NKT: viable/singlets/Lymph/CD3+/CD8-/Q1: CD314-CD94+,149
NK-NKT: viable/singlets/Lymph/CD3+/CD8-,149
B cell: viable/singlets/Lymph/CD3-/CD19+CD20+/Q1: IgD-CD27+,149
B cell: viable/singlets/Lymph/CD3-/CD19+CD20+/CD24-/CD38+,149
B cell: viable/singlets/Lymph/CD3-/CD19+CD20+/CD24+/CD38-,149
Activated T: viable/singlets/Lymph/TCRgd+,149
Activated T: viable/singlets/Lymph/CD3+/CD8+/Q4: HLADR-CD38-,149
Activated T: viable/singlets/Lymph/CD3+/CD8+/Q3: HLADR+CD38-,149
Activated T: viable/singlets/Lymph/CD3+/CD8+/Q2: HLADR+CD38+,149
Activated T: viable/singlets/Lymph/CD3+/CD8+/Q1: HLADR-CD38+,149
Activated T: viable/singlets/Lymph/CD3+/CD8+/PD1+,149
Activated T: viable/singlets/Lymph/CD3+/CD8+,149
Activated T: viable/singlets/Lymph/CD3+/CD4+/Q4: HLADR-CD38-,149
Treg: viable/singlets/Lymph/CD3+/CD4+/CD25hiCD127low/Q4: CD161-CD45RA-,149
Treg: viable/singlets/Lymph/CD3+/CD4+/CD25hiCD127low/Q3: CD161+CD45RA-,149
Treg: viable/singlets/Lymph/CD3+/CD4+/CD25hiCD127low/Q2: CD161+CD45RA+,149
Treg: viable/singlets/Lymph/CD3+/CD4+/CD25hiCD127low/Q1: CD161-CD45RA+,149
Treg: viable/singlets/Lymph/CD3+/CD4+/CD25hiCD127low,149
Treg: viable/singlets/Lymph/CD3+/CD4+/CD161+,149
Treg: viable/singlets/Lymph/CD3+/CD4+,149
Treg: viable/singlets/Lymph/CD3+,149
Activated T: viable/singlets/Lymph/CD3+/CD4+/Q3: HLADR+CD38-,149
Activated T: viable/singlets/Lymph/CD3+/CD4+/Q2: HLADR+CD38+,149
Activated T: viable/singlets/Lymph/CD3+/CD4+/Q1: HLADR-CD38+,149
Activated T: viable/singlets/Lymph/CD3+/CD4+/PD1+,149
Activated T: viable/singlets/Lymph/CD3+/CD4+,149
Activated T: viable/singlets/Lymph/CD3+,149
Activated T: viable/singlets/Lymph,149
Activated T: viable/singlets,149
Activated T: viable,149
"sing/WBC/lymono/Lin1-DR+/Q1: CD11c, BDCA2+/CD86+",148
"sing/WBC/lymono/Lin1-DR+/Q1: CD11c, BDCA2+/Q18: CD2+DR+",148
"sing/WBC/lymono/Lin1-DR+/Q1: CD11c, BDCA2+",148
sing/WBC/lymono/Slan/DR2,148
sing/WBC/lymono/Slan/CX3CR1-2,148
sing/WBC/lymono/Slan/CD86-2,148
sing/WBC/lymono/Slan/CD40,148
sing/WBC/lymono/Slan/CD2,148
sing/WBC/lymono/Slan/CD11b,148
sing/WBC/lymono/Slan,148
"sing/WBC/gran/CD14-/neu/Q2: CD16+, CD11b+",148
"sing/WBC/gran/CD14-/neu/Q3: CD16+, CD11b",148
"sing/WBC/gran/CD14-/neu/Q1: CD16, CD11b+",148
"sing/WBC/gran/CD14-/neu/Q4: CD16, CD11b",148
sing/WBC/gran/CD14-/neu,148
sing/WBC/lymono/mono/DR2,148
sing/WBC/lymo/CD19/CD27/PB/CD86,148
"sing/WBC/lymo/CD19/CD27/Q2: CD138+, CD38+/CD86",148
"sing/WBC/lymo/CD19/CD27/Q2: CD138+, CD38+",148
sing/WBC/lymo/CD19/CD27/PB,148
"sing/WBC/lymo/CD19/Q6: CD27+, IgD+/CD86",148
"sing/WBC/lymo/CD19/Q6: CD27+, IgD+",148
"sing/WBC/lymo/CD19/Q7: CD27+, IgD/CD86",148
"sing/WBC/lymo/CD19/Q7: CD27+, IgD",148
"sing/WBC/lymo/CD19/Q5: CD27, IgD+/CD86",148
"sing/WBC/lymo/CD19/Q5: CD27, IgD+",148
"sing/WBC/lymo/CD19/Q8: CD27, IgD/CD86",148
"sing/WBC/lymo/CD19/Q8: CD27, IgD",148
"sing/WBC/lymo/CD19/Q2: CD19+, CD20+/CD86",148
"sing/WBC/lymo/CD19/Q2: CD19+, CD20+",148
"sing/WBC/lymono/mono/Q3: CD14+, CD16/CD11b",148
"sing/WBC/lymono/mono/Q3: CD14+, CD16",148
"sing/WBC/ly/CD4/TH/Q2: CCR6+, CD161+",148
"sing/WBC/ly/CD4/TH/Q3: CCR6+, CD161",148
"sing/WBC/ly/CD3-/CD56/Q5: CD127, CD25+",148
"sing/WBC/ly/CD3-/CD56/Q8: CD127, CD25",148
sing/WBC/ly/CD3-/CD56,148
sing/WBC/ly/CD3+/CD4/CD127loCD25hi/DR,148
"sing/WBC/ly/CD3+/CD4/CD127loCD25hi/Q2: CLA+, CD62L+",148
"sing/WBC/ly/CD3+/CD4/CD127loCD25hi/Q3: CLA+, CD62L",148
"sing/WBC/ly/CD3+/CD4/CD127loCD25hi/Q1: CLA, CD62L+",148
"sing/WBC/ly/CD3+/CD4/CD127loCD25hi/Q4: CLA, CD62L",148
sing/WBC/ly/CD3+/CD4/CD127loCD25hi,148
sing/WBC/lymo/CD3/CD4/TH/2/ICOS+,148
sing/WBC/lymo/CD3/CD4/TH/2,148
sing/WBC/lymo/CD3/CD4/TH/17/ICOS+,148
"sing/WBC/ly/CD3-/CD56/Q1: CLA, CD62L+",148
"sing/WBC/ly/CD3-/CD56/Q4: CLA, CD62L",148
sing/WBC/lymo/CD3/CD4/TH/1,148
sing/WBC/lymo/CD3/CD4/TH/1-17/ICOS+,148
sing/WBC/lymo/CD3/CD4/TH/1-17,148
sing/WBC/lymo/CD3/CD4/TH/ICOS+,148
sing/WBC/lymo/CD3/CD4/TH,148
sing/WBC/lymo/CD3/CD4/TFH/2/ICOS+,148
sing/WBC/lymo/CD3/CD4/TFH/2,148
sing/ly/CD3+/CD56+/CCR9+,148
sing/ly/CD3+/CD56+,148
sing/ly/CD3-/CD56/Ki67,148
sing/ly/CD3-/CD56/DR,148
sing/WBC/lymo/CD3/CD4/TFH/17/ICOS+,148
sing/WBC/lymo/CD3/CD4/TFH/17,148
sing/WBC/lymo/CD3/CD4/TFH/1/ICOS+,148
sing/WBC/ly/CD4/TH/CLA,148
sing/WBC/ly/CD4/TH/CD161,148
sing/ly/CD3/CD4/CXCR5/Ki67,148
sing/ly/CD3/CD4/CXCR5/DR,148
sing/ly/CD3/CD4/CXCR5/CLA,148
sing/ly/CD3/CD4/CXCR5/CCR9+,148
sing/ly/CD3/CD4/CXCR5,148
sing/ly/CD3+/CD56+/Ki67,148
sing/ly/CD3+/CD56+/DR,148
sing/ly/CD3+/CD56+/CLA,148
sing/WBC/lymo/CD3/CD4/TFH/1-17,148
sing/WBC/lymo/CD3/CD4/TFH/ICOS+,148
sing/WBC/lymo/CD3/CD4/TFH,148
sing/WBC/lymo/CD3/CD8/ICOS+,148
sing/WBC/lymo/CD3/CD8,148
sing/WBC/lymo/CD3/CD4/ICOS+,148
sing/WBC/lymo/CD3/CD4/TH/17,148
sing/WBC/lymo/CD3/CD4/TH/1/ICOS+,148
"sing/WBC/lymono/Lin1-DR+/Q15: CD1c+, BDCA-2/CD86+",148
"sing/WBC/lymono/Lin1-DR+/Q15: CD1c+, BDCA-2/Q18: CD2+DR+",148
"sing/WBC/lymono/Lin1-DR+/Q15: CD1c+, BDCA-2",148
"sing/WBC/lymono/Lin1-DR+/Q3: CD11c+, BDCA2/CD86+",148
"sing/WBC/lymono/Lin1-DR+/Q3: CD11c+, BDCA2/Q18: CD2+DR+",148
"sing/WBC/lymono/Lin1-DR+/Q3: CD11c+, BDCA2",148
sing/WBC/ly/CD4/TH/CCR4,148
sing/WBC/ly/CD4/TH,148
sing/WBC/ly/CD4/TFH/2/CLA,148
sing/WBC/ly/CD4/TFH/2/CD161,148
sing/WBC/ly/CD4/TFH/2/CCR4,148
sing/WBC/ly/CD4/TFH/2,148
sing/WBC/ly/CD4/TFH/17/CLA,148
sing/WBC/ly/CD4/TFH/17/CD161,148
sing/WBC/lymo/CD3/CD4/TFH/1,148
sing/WBC/lymo/CD3/CD4/TFH/1-17/ICOS+,148
"sing/WBC/ly/CD3-/CD56/Q6: CD127+, CD25+",148
"sing/WBC/ly/CD3-/CD56/Q7: CD127+, CD25",148
sing/WBC/ly/CD4/TH/17/CLA,148
sing/WBC/ly/CD4/TH/17/CD161,148
sing/WBC/ly/CD4/TH/17/CCR4,148
sing/WBC/ly/CD4/TH/17,148
sing/WBC/ly/CD4/TH/1/CLA,148
sing/WBC/ly/CD4/TH/1/CD161,148
sing/WBC/ly/CD4/TH/1/CCR4,148
sing/WBC/ly/CD4/TH/1,148
sing/WBC/ly/CD4/TH/Th1-17,148
sing/WBC/ly/CD4/TH/Th1-17/CLA,148
sing/WBC/ly/CD4/TH/Th1-17/CD161,148
sing/WBC/ly/CD4/TH/Th1-17/CCR4,148
"sing/WBC/ly/CD3-/CD56dim/Q5: CD127, CD25+",148
"sing/WBC/ly/CD3-/CD56dim/Q8: CD127, CD25",148
"sing/WBC/ly/CD3-/CD56bri/Q7: CD127+, CD25",148
"sing/WBC/ly/CD3-/CD56bri/Q5: CD127, CD25+",148
"sing/WBC/ly/CD3-/CD56bri/Q8: CD127, CD25",148
sing/WBC/ly/CD3-/CD56bri,148
sing/WBC/ly/CD3-/CD56/DR,148
"sing/WBC/ly/CD3-/CD56/Q2: CLA+, CD62L+",148
"sing/WBC/ly/CD3-/CD56/Q3: CLA+, CD62L",148
"sing/WBC/ly/CD3+/NKT/Q8: CD127, CD25",148
sing/WBC/ly/CD3+/NKT,148
sing/WBC/ly/CD4/TFH/1/CLA,148
sing/WBC/ly/CD4/TFH/1/CD161,148
sing/WBC/ly/CD4/TFH/1/CCR4,148
sing/WBC/ly/CD4/TFH/1,148
sing/WBC/ly/CD4/TFH/Th1-17,148
sing/WBC/lymo/CD3/CD4,148
sing/WBC/lymo/CD3,148
sing/ly/CD3,148
sing/ly/CD19/Ki67,148
sing/ly/CD19/DR,148
sing/ly/CD19/CLA,148
sing/ly/CD19/CCR9+,148
sing/ly/CD19,148
sing/WBC/ly/CD4/TH/2/CLA,148
sing/WBC/ly/CD4/TFH/17/CCR4,148
sing/WBC/ly/CD4/TFH/17,148
sing/WBC/ly/CD3-/CD56dim,148
sing/WBC/ly/CD3-/CD56bri/DR,148
"sing/WBC/ly/CD3-/CD56bri/Q2: CLA+, CD62L+",148
"sing/WBC/ly/CD3-/CD56bri/Q3: CLA+, CD62L",148
"sing/WBC/ly/CD3-/CD56bri/Q1: CLA, CD62L+",148
"sing/WBC/ly/CD3-/CD56bri/Q4: CLA, CD62L",148
"sing/WBC/ly/CD3-/CD56bri/Q6: CD127+, CD25+",148
sing/WBC/ly/CD3+,148
sing/WBC/ly/CD3-/CD56dim/DR,148
"sing/WBC/ly/CD3-/CD56dim/Q2: CLA+, CD62L+",148
"sing/WBC/ly/CD3-/CD56dim/Q3: CLA+, CD62L",148
"sing/WBC/ly/CD3-/CD56dim/Q1: CLA, CD62L+",148
"sing/WBC/ly/CD3-/CD56dim/Q4: CLA, CD62L",148
"sing/WBC/ly/CD3-/CD56dim/Q6: CD127+, CD25+",148
"sing/WBC/ly/CD3-/CD56dim/Q7: CD127+, CD25",148
sing/WBC/ly/CD4/CLA,148
sing/WBC/ly/CD4/CD161,148
sing/ly/CD3/dp/CLA,148
sing/ly/CD3/dp,148
sing/ly/CD3/Ki67,148
sing/ly/CD3/DR,148
sing/ly/CD3/CLA,148
"sing/ly/CD3/CCR9+,Freq. of, ly",148
"sing/WBC/lymo/CD19/Q3: CD19+, CD20",148
T cell: viable/singlets/Lymph/CD3+/CD8+/Q3: CD45RA+CD27-,148
T cell: viable/singlets/Lymph/CD3+/CD8+/Q2: CD45RA+CD27+,148
T cell: viable/singlets/Lymph/CD3+/CD8+/Q1: CD45RA-CD27+,148
T cell: viable/singlets/Lymph/CD3+/CD8+/CD85j+,148
T cell: viable/singlets/Lymph/CD3+/CD8+/CD28+,148
T cell: viable/singlets/Lymph/CD3+/CD8+,148
sing/WBC/ly/CD4/TH/2/CD161,148
sing/WBC/ly/CD4/TH/2/CCR4,148
sing/WBC/ly/CD4/TH/2,148
sing/WBC/ly/CD3+/CD4/DR,148
"sing/WBC/ly/CD3+/CD4/Q2: CLA+, CD62L+",148
"sing/WBC/ly/CD3+/CD4/Q3: CLA+, CD62L",148
"sing/WBC/ly/CD3+/CD4/Q1: CLA, CD62L+",148
"sing/WBC/ly/CD3+/CD4/Q4: CLA, CD62L",148
sing/WBC/ly/CD3+/CD4,148
"sing/WBC/ly/CD4/TH/Q4: CCR6, CD161",148
"sing/WBC/ly/CD4/Q6: CCR6+, CD161+",148
"sing/WBC/ly/CD4/Q7: CCR6+, CD161",148
"sing/WBC/ly/CD4/Q5: CCR6, CD161+",148
"sing/WBC/ly/CD4/Q8: CCR6, CD161",148
sing/WBC/ly/CD4/CCR4,148
sing/WBC/ly/CD4,148
sing/WBC/ly/CD3+/NKT/DR,148
"sing/WBC/ly/CD3+/NKT/Q2: CLA+, CD62L+",148
"sing/WBC/ly/CD3+/NKT/Q3: CLA+, CD62L",148
"sing/WBC/ly/CD3+/NKT/Q1: CLA, CD62L+",148
"sing/WBC/ly/CD3+/NKT/Q4: CLA, CD62L",148
"sing/WBC/ly/CD3+/NKT/Q6: CD127+, CD25+",148
"sing/WBC/ly/CD3+/NKT/Q7: CD127+, CD25",148
"sing/WBC/ly/CD3+/NKT/Q5: CD127, CD25+",148
"sing/WBC/lymo/CD19/Q3: CD19+, CD20/CD86",148
sing/WBC/ly/CD4/TFH/CD161/CD161,148
sing/WBC/ly/CD4/TFH/CD161/CCR4,148
sing/WBC/ly/CD4/TFH/CD161,148
"sing/WBC/ly/CD4/TFH/Q6: CCR6+, CD161+",148
"sing/WBC/ly/CD4/TFH/Q7: CCR6+, CD161",148
"sing/WBC/ly/CD4/TFH/Q5: CCR6, CD161+",148
"sing/WBC/ly/CD4/TFH/Q8: CCR6, CD161",148
sing/WBC/ly/CD4/TFH/CCR4,148
sing/WBC/ly/CD4/TFH,148
sing/WBC/lymono/mono/CX3CR1-2,148
sing/WBC/lymono/mono/CD86-2,148
T cell: viable/singlets/Lymph/CD3+/CD4+,148
T cell: viable/singlets/Lymph/CD3+,148
sing/WBC/lymo/CD19/CD27,148
sing/WBC/lymo/CD19,148
"sing/WBC/ly/CD4/TH/Q1: CCR6, CD161+",148
T cell: viable/singlets/Lymph,148
T cell: viable/singlets,148
T cell: viable,148
T cell: viable/singlets/Lymph/CD3+/CD8+/Q4: CD45RA-CD27-,148
sing/ly/CD3/CD8/DR,148
sing/ly/CD3/CD8/CLA,148
sing/ly/CD3/CD8/CCR9+,148
sing/ly/CD3/CD8,148
sing/ly/CD3/CD4/Ki67,148
T cell: viable/singlets/Lymph/CD3+/CD4+/Q4: CD45RA-CD27-,148
T cell: viable/singlets/Lymph/CD3+/CD4+/Q3: CD45RA+CD27-,148
sing/WBC/ly/CD4/TFH/Th1-17/CLA,148
sing/WBC/ly/CD4/TFH/Th1-17/CD161,148
sing/WBC/ly/CD4/TFH/Th1-17/CCR4,148
sing/WBC/ly/CD4/TFH/CLA,148
sing/WBC/ly/CD4/TFH/CD161/CLA,148
sing/ly/CD3/CD4/DR,148
sing/ly/CD3/CD4/CLA,148
sing/ly/CD3/CD4/CCR9+,148
sing/ly/CD3/CD4,148
sing/ly/CD3+/DN/Ki67,148
sing/ly/CD3+/DN/DR,148
sing/ly/CD3+/DN/CLA,148
sing/ly/CD3+/DN/CCR9+,148
sing/ly/CD3+/DN,148
sing/ly/CD3/dp/Ki67,148
sing/ly/CD3/dp/DR,148
T cell: viable/singlets/Lymph/CD3+/CD4+/Q2: CD45RA+CD27+,148
T cell: viable/singlets/Lymph/CD3+/CD4+/Q1: CD45RA-CD27+,148
T cell: viable/singlets/Lymph/CD3+/CD4+/CD85j+,148
T cell: viable/singlets/Lymph/CD3+/CD4+/CD28+,148
"sing/WBC/lymono/Lin1-DR+/Q11: BDCA-3+, BDCA-2",148
sing/ly/CD3-/CD56,148
sing/ly/CD3/CD8/Ki67,148
"sing/WBC/lymono/mono/Q1: CD14, CD16+/DR2",148
"sing/WBC/lymono/mono/Q1: CD14, CD16+/CX3CR1-2",148
"sing/WBC/lymono/mono/Q1: CD14, CD16+/CD86-2",148
"sing/WBC/lymono/mono/Q1: CD14, CD16+/CD40",148
"sing/WBC/lymono/mono/Q1: CD14, CD16+/CD2",148
"sing/WBC/lymono/mono/Q1: CD14, CD16+/CD11b",148
"sing/WBC/lymono/mono/Q1: CD14, CD16+",148
"sing/WBC/lymono/mono/Q4: CD14, CD16",148
sing/WBC/lymono/mono/CD11b,148
sing/WBC/lymono/mono,148
sing/WBC/gran/CD14-/eos,148
sing/WBC/lymo/CD19/trans/CD86,148
sing/WBC/lymo/CD19/trans,148
sing/ly/CD3-/CD56/CCR9+,148
sing/WBC/lymono/mono/CD40,148
sing/WBC/lymono/mono/CD2,148
"sing/WBC/lymono/mono/Q2: CD14+, CD16+/DR2",148
"sing/WBC/lymono/mono/Q2: CD14+, CD16+/CX3CR1-2",148
"sing/WBC/lymono/mono/Q2: CD14+, CD16+/CD86-2",148
"sing/WBC/lymono/mono/Q2: CD14+, CD16+/CD40",148
"sing/WBC/lymono/mono/Q2: CD14+, CD16+/CD2",148
"sing/WBC/lymono/mono/Q2: CD14+, CD16+/CD11b",148
"sing/WBC/lymono/mono/Q2: CD14+, CD16+",148
"sing/WBC/lymono/mono/Q3: CD14+, CD16/DR2",148
"sing/WBC/lymono/mono/Q3: CD14+, CD16/CX3CR1-2",148
"sing/WBC/lymono/mono/Q3: CD14+, CD16/CD86-2",148
"sing/WBC/lymono/mono/Q3: CD14+, CD16/CD40",148
"sing/WBC/lymono/mono/Q3: CD14+, CD16/CD2",148
sing/ly/CD3-/CD56/CLA,148
sing/WBC/lymo/CD19/CD86,148
"sing/WBC/lymono/Lin-DR+/Slan+,Freq. of,WBC",144
"sing-F/sWBC/Lin2-DR+/minus grans-NK/Q4: BDCA-2-,, BDCA-3-/CD1c+/Q4: CD2-,, CD86-,Freq. of,CD1c+",144
"sing-F/sWBC/Lin2-DR+/minus grans-NK/Q4: BDCA-2-,, BDCA-3-/CD1c+/Q3: CD2+,, CD86-,Freq. of,CD1c+",144
"sing-F/sWBC/Lin2-DR+/minus grans-NK/Q4: BDCA-2-,, BDCA-3-/CD1c+/Q2: CD2+,, CD86+,Freq. of,CD1c+",144
"sing-F/sWBC/Lin2-DR+/minus grans-NK/Q1:BDCA-3+/Q1: CD2-,, CD86+,Freq. of,Q1:BDCA-3+",144
"sing-F/sWBC/Lin2-DR+/minus grans-NK/Q1:BDCA-3+/CD2-,Freq. of,Q1:BDCA-3+",144
"sing-F/sWBC/Lin2-DR+/minus grans-NK/Q1:BDCA-3+/CD2+,Freq. of,Q1:BDCA-3+",144
"sing-F/sWBC/Lin2-DR+/minus grans-NK/Q3: BDCA-2+,Freq. of,sWBC",144
"sing/WBC/lymono/Lin-DR+/Slan+/Q11: Slan+,, CD86-,Freq. of,Slan+",144
"sing-F/sWBC/Lin2-DR+/minus grans-NK/Q3: BDCA-2+/Q1: CD2-,, CD86+,Freq. of,Q3: BDCA-2+",144
"sing/CD45+/CD3+/CD4+/CD127loCD25+,Freq. of,CD4+",144
"sing/CD45+/CD3+/CD4+,Freq. of,CD45+",144
"sing/WBC/lymono/Lin-DR+/Slan+/Q15: Slan+,, CD14-,Freq. of,Slan+",144
"sing/WBC/lymono/Lin-DR+/Slan+/Q14: Slan+,, CD14+,Freq. of,Slan+",144
"sing/CD45+/CD3+/CD8/Naive,Freq. of,CD8",144
"sing/WBC/lymono/Lin-DR+/Slan+/Q10: Slan+,, CD86+,Freq. of,Slan+",144
"sing/WBC/lymono/Lin-DR+/Slan+/Q7: Slan+,, CD2-,Freq. of,Slan+",144
"sing/WBC/lymono/Lin-DR+/Slan+/Q6: Slan+,, CD2+,Freq. of,Slan+",144
"sing/WBC/lymono/Lin-DR+/Slan+/Q3: Slan+,, CD11b-,Freq. of,Slan+",144
"sing/WBC/lymono/Lin-DR+/Slan+/Q2: Slan+,, CD11b+,Freq. of,Slan+",144
"sing/CD45+/CD3+/CD4/non TFH,Freq. of,CD4",144
"sing/CD45+/CD3+/CD4/ICOS,Freq. of,CD4",144
"sing/CD45+/CD3+/CD4/Teff,Freq. of,CD4",144
"sing/CD45+/CD3+/CD4/EM,Freq. of,CD4",144
"sing-F/sWBC/Lin2-DR+/minus grans-NK/Q4: BDCA-2-,, BDCA-3-/CD1c+/Q1: CD2-,, CD86+,Freq. of,CD1c+",144
"sing-F/sWBC/Lin2-DR+/minus grans-NK/Q4: BDCA-2-,, BDCA-3-/CD1c+/CD2-,Freq. of,CD1c+",144
"sing-F/sWBC/Lin2-DR+/minus grans-NK/Q4: BDCA-2-,, BDCA-3-/CD1c+/CD2+,Freq. of,CD1c+",144
"sing-F/sWBC/Lin2-DR+/minus grans-NK/Q3: BDCA-2+/Q4: CD2-,, CD86-,Freq. of,Q3: BDCA-2+",144
"sing-F/sWBC/Lin2-DR+/minus grans-NK/Q3: BDCA-2+/Q3: CD2+,, CD86-,Freq. of,Q3: BDCA-2+",144
"sing-F/sWBC/Lin2-DR+/minus grans-NK/Q3: BDCA-2+/Q2: CD2+,, CD86+,Freq. of,Q3: BDCA-2+",144
"sing/CD45+/CD3+/CD4/TFH/1/ICOS,Freq. of Parent",144
"sing-F/sWBC/Lin2-DR+/minus grans-NK/Q3: BDCA-2+/CD2-,Freq. of,Q3: BDCA-2+",144
"sing-F/sWBC/Lin2-DR+/minus grans-NK/Q3: BDCA-2+/CD2+,Freq. of,Q3: BDCA-2+",144
"sing-F/sWBC/Lin2-DR+/minus grans-NK/Q1:BDCA-3+/Q4: CD2-,, CD86-,Freq. of,Q1:BDCA-3+",144
"sing-F/sWBC/Lin2-DR+/minus grans-NK/Q1:BDCA-3+/Q3: CD2+,, CD86-,Freq. of,Q1:BDCA-3+",144
"sing-F/sWBC/Lin2-DR+/minus grans-NK/Q1:BDCA-3+/Q2: CD2+,, CD86+,Freq. of,Q1:BDCA-3+",144
"sing/WBC/2-WBC/2-mono/mo-CD86/2-CD14+/CD14dimCD16+/CD40+,Freq. of,CD14dimCD16+",144
"sing/WBC/2-WBC/2-mono/mo-CD86/2-CD14+/CD14dimCD16+/CD11b+,Freq. of,CD14dimCD16+",144
"sing/WBC/2-WBC/2-mono/mo-CD86/2-CD14+/CD14+CD16-/CD86+,Freq. of,CD14+CD16-",144
"sing/WBC/2-WBC/2-mono/mo-CD86/2-CD14+/CD14+CD16-/CD62L+,Freq. of,CD14+CD16-",144
"sing-F/sWBC/Lin2-DR+/minus grans-NK/Q1:BDCA-3+,Freq. of,sWBC",144
"sing-F/sWBC/Lin2-DR+/minus grans-NK/Q4: BDCA-2-,, BDCA-3-/CD1c+,Freq. of,sWBC",144
"sing/CD45+/CD3+/CD8/ICOS,Freq. of,CD8",144
"sing/CD45+/CD3+/CD8/Teff,Freq. of,CD8",144
"sing/CD45+/CD3+/CD8/EM,Freq. of,CD8",144
"sing/CD45+/CD3+/CD8/CM,Freq. of,CD8",144
"sing/CD45+/CD3+/CD4/non TFH/Q2: CCR6+,, CXCR3+/ICOS,Freq. of,Q2: CCR6+, CXCR3+",144
"sing/CD45+/CD3+/CD4/non TFH/17/ICOS,Freq. of,17",144
"sing/CD45+/CD3+/CD4/non TFH/2/ICOS,Freq. of,2",144
"sing/CD45+/CD3+/CD4/non TFH/1/ICOS,Freq. of,1",144
"sing/CD45+/CD3+/CD4/non TFH/Q2: CCR6+,, CXCR3+,Freq. of,CD4",144
"sing/CD45+/CD3+/CD4/non TFH/1,Freq. of,CD4",144
"sing/WBC/2-WBC/2-mono/mo-CD86/2-CD14+/CD14+CD16-/CD11b+,Freq. of,CD14+CD16-",144
"sing/WBC/2-WBC/2-mono/mo-CD86/2-CD14+/CD14+CD16+/CD86+,Freq. of,CD14+CD16+",144
"sing/WBC/2-WBC/2-mono/mo-CD86/2-CD14+/CD14+CD16+/CD62L+,Freq. of,CD14+CD16+",144
"sing/WBC/2-WBC/2-mono/mo-CD86/2-CD14+/CD14+CD16+/CD40+,Freq. of,CD14+CD16+",144
"sing/CD45+/CD3+/CD4/Naive,Freq. of,CD4",144
"sing/CD45+/CD3+/CD4/CM,Freq. of,CD4",144
"sing/CD45+/CD3+/CD4/TFH/Q2: CCR6+,, CXCR3+/ICOS,Freq. of,Q2: CCR6+, CXCR3+",144
"sing/CD45+/CD3+/CD4/TFH/17/ICOS,Freq. of Parent",144
"sing/CD45+/CD3+/CD4/TFH/2/ICOS,Freq. of Parent",144
"sing/CD45+/CD3+/CD4/TFH/1,Freq. of,TFH",144
"sing/CD45+/CD3+/CD4/TFH,Freq. of,CD4",144
"sing/CD45+/CD3+/CD4,Freq. of,CD45+",144
"sing/CD45+/CD3+/CD8,Freq. of,CD45+",144
"sing/CD45+/CD3+,Freq. of,CD45+",144
"sing/WBC/2-WBC/2-mono/mo-CD86/2-CD14+/CD14dimCD16+/CD86+,Freq. of,CD14dimCD16+",144
"sing/WBC/2-WBC/2-mono/mo-CD86/2-CD14+/CD14dimCD16+/CD62L+,Freq. of,CD14dimCD16+",144
"sing/WBC/CD19+SCC/CD19+/nQ4: CD27-,, IgD-,Freq. of,CD19+",144
"sing/WBC/CD19+SCC/CD19+/nQ3: CD27+,, IgD-,Freq. of,CD19+",144
"sing/WBC/CD19+SCC/CD19+/nQ2: CD27+,, IgD+,Freq. of,CD19+",144
"sing/WBC/CD19+SCC/CD19+/nQ1: CD27-,, IgD+,Freq. of,CD19+",144
"sing/WBC/2-WBC/2-mono/mo-CD86/2-CD14+/CD14+CD16-/CD40+,Freq. of,CD14+CD16-",144
"sing/WBC/2-WBC/2-grans/Neu-CD45/Neutr/Q1: CD16-,, CD11b+,Freq. of,Neutr",144
"sing/WBC/2-WBC/2-grans/Neu-CD45/Neutr/Q4: CD16-,, CD11b-,Freq. of,Neutr",144
"sing/WBC/2-WBC/2-grans/Neu-CD45/Neutr/Q3: CD16+,, CD11b-,Freq. of,Neutr",144
"sing/WBC/2-WBC/2-grans/Neu-CD45/Neutr/Q2: CD16+,, CD11b+,Freq. of,Neutr",144
"sing/WBC/2-WBC/2-grans/Neu-CD45/Neutr,Freq. of,2-WBC",144
"sing/WBC/CD19+SCC/CD19+/nQ2: CD19+,, CD27+/Plasmacell,Freq. of,CD19+",144
"sing/CD45+/CD3+/CD4/TFH/ICOS,Freq. of,TFH",144
"sing/CD45+/CD3+/CD4/TFH/Q2: CCR6+,, CXCR3+,Freq. of,TFH",144
"sing/CD45+/CD3+/CD4/TFH/17,Freq. of,TFH",144
"sing/CD45+/CD3+/CD4/TFH/2,Freq. of,TFH",144
"sing/WBC/CD19+SCC/CD19+,Freq. of,WBC",144
"sing/WBC/2-WBC/2-mono/mo-CD86/2-CD14+/CD14+CD16+/CD11b+,Freq. of,CD14+CD16+",144
"sing/WBC/2-WBC/2-mono/mo-CD86/2-CD14+/dn,Freq. of,2-CD14+",144
"sing/WBC/2-WBC/2-mono/mo-CD86/2-CD14+/CD14dimCD16+,Freq. of,2-CD14+",144
"sing/WBC/2-WBC/2-mono/mo-CD86/2-CD14+/CD14+CD16+,Freq. of,2-CD14+",144
"sing/WBC/2-WBC/2-mono/mo-CD86/2-CD14+/CD14+CD16-,Freq. of,2-CD14+",144
"sing/WBC/2-WBC/2-mono/mo-CD86/2-CD14+,Freq. of,2-WBC",144
"sing/WBC/CD19+SCC/CD19+/nQ2: CD19+,, CD27+/nPlasmablast,Freq. of,CD19+",144
"sing/WBC/CD19+SCC/CD19+/n transitional,Freq. of Parent",144
"sing/WBC/CD19+SCC/CD19+/nCD19hi,Freq. of,CD19+",144
"sing/WBC/CD19+SCC/CD19+/nQ2: CD19+,, CD27+,Freq. of,CD19+",144
"sing/WBC/CD19+SCC/CD19+/nQ3: CD19+,, CD20-,Freq. of,CD19+",144
"sing/WBC/CD19+SCC/CD19+/nQ2: CD19+,, CD20+,Freq. of,CD19+",144
"CD3+, CD8+, KI67+, BCL2-",136
"CD3+, CD4+, KI67+, BCL2-",136
"Live_dead-, CD3+, CD4+, CD45RA-, CXCR5+, CXCR3-, ICOS+",128
"Singlet/CD45+/B lym CD19+/Q3: CD19+, CD20-/B lym CD27+/CD38+,Freq. of,Q3: CD19+, CD20-",116
"Singlet/CD45+/B lym CD19+/Q3: CD19+,, CD20-,Freq. of,B lym CD19+",116
"Singlet/CD45+/B lym CD19+/Q3: CD19+, CD20-/B lym CD27+,Freq. of,Q3: CD19+, CD20-",116
Sum of Plasma cells and Plasmablast,116
"Singlet/CD45+/B lym CD19+/Q3: CD19+, CD20-/B lym CD27+/CD38+/CD138+,Freq. of,B lym CD27+",116
"Singlet/CD45+/B lym CD19+/Q2: CD19+,, CD20+/CD24+,,CD38+,Freq. of,Q2: CD19+, CD20+",116
"Singlet/CD45+/B lym CD19+/Q2: CD19+,, CD20+/CD27+,, IgD-,Freq. of,Q2: CD19+, CD20+",116
"Singlet/CD45+,Count",116
"Singlet/CD45+/B lym CD19+,Freq. of,CD45+",116
"Singlet/CD45+/B lym CD19+/Q2: CD19+,, CD20+,Freq. of,B lym CD19+",116
"Singlet/CD45+/B lym CD19+/Q2: CD19+,, CD20+/CD27-,, IgD+,Freq. of,Q2: CD19+, CD20+",116
"CD16hi, CD11b+ granulocyte",90
"CD16lo, CD11b- granulocyte",90
"CD16hi, CD11b- granulocyte",90
"CD16lo, CD11b+ granulocyte",90
"CD3+, CD4+, CD8-, CXCR5-, CD45RA-, HLA-DR+",88
"CD3+, CD4+, CD8-, CXCR5-, CD45RA-, CXCR3-, CCR6+, HLA-DR+",88
Viable/Singlets/Monocytes,87
Viable/Singlets/Monocytes/CD33+,87
"Viable/Singlets/Lymphs/CD3+/CD8+/Q4: CD45RAD, CD27D",87
Viable/Singlets/Lymphs/CD3-/B cells,87
Viable/Singlets/Lymph/CD3+/CD8+,87
Viable/Singlets/Lymphs/CD3+/CD8+/CD28+,87
Viable/Singlets/Lymphs/CD3+/TCRgd,87
"Viable/Singlets/Lymphs/CD3+/CD8+/Q3: CD45RA+, CD27D",87
"Viable/Singlets/Lymphs/CD3+/CD8+/Q1: CD45RAD, CD27+",87
"Viable/Singlets/Lymphs/CD3+/CD4+/Q4: CD45RAD, CD27D",87
"Viable/Singlets/Lymphs/CD3+/CD4+/Q3: CD45RA+, CD27D",87
"Viable/Singlets/Lymphs/CD3+/CD4+/Q1: CD45RAD, CD27+",87
Viable/Singlets/Lymphs/CD3+/CD3+ CD56+,87
Viable/Singlets/Lymphs/CD3-,87
Viable/Singlets/Lymphs/CD3+/CD4+/CD27+,87
Viable/Singlets/Lymph/CD3+,87
"Viable/Singlets/Lymphs/CD3+/CD4+/Q2: CD45RA+, CD27+",87
Viable/Singlets/Lymph,87
Viable/Singlets/Lymph/CD3+/CD4+,87
Viable/Singlets/Lymphs/CD3+/CD8+/CD27+,87
Viable/Singlets/Lymphs/CD3+/CD4+/CD28+,87
"CD3-, CD19+, CD20-, CD27hi, CD38hi",86
"Singlet/WBC/Lymph/CD3/CD4/CXCR5+, CD45RA-/CXCR3+, CCR6-/ICOS+",82
"Singlet/WBC/Lymph/CD3/CD4/CXCR5-, CD45RA-/CXCR3+, CCR6+/ICOS+",82
"Singlet/WBC/Lymph/CD3/CD4/CXCR5+, CD45RA-/CXCR3-, CCR6+/ICOS+",82
"Singlet/WBC/Lymph/CD3/CD4/CXCR5+, CD45RA-/CXCR3+, CCR6+/ICOS+",82
"Singlet/WBC/Lymph/CD3/CD4/CXCR5-, CD45RA-",82
"Singlet/WBC/Lymph/CD3/CD4/CXCR5-, CD45RA-/ICOS+",82
"Singlet/WBC/Lymph/CD3/CD4/CXCR5-, CD45RA-/CXCR3+, CCR6-",82
"Singlet/WBC/Lymph/CD3/CD4/CXCR5+, CD45RA-/CXCR3-, CCR6+",82
"Singlet/WBC/Lymph/CD3/CD4/CXCR5+, CD45RA-",82
Singlet/WBC/Lymph/CD3,82
Singlet/WBC/Lymph/CD3/CD8/ICOS+,82
"Singlet/WBC/Lymph/CD3/CD4/CXCR5+, CD45RA-/ICOS+",82
Singlet/WBC/Lymph/CD3/CD4,82
Singlet/WBC/Lymph/CD3/CD4/ICOS+,82
Singlet/WBC/Lymph/CD3/ICOS+,82
"Singlet/WBC/Lymph/CD3/CD4/CXCR5+, CD45RA-/CXCR3-, CCR6-",82
"Singlet/WBC/Lymph/CD3/CD4/CXCR5-, CD45RA-/CXCR3+, CCR6+",82
"Singlet/WBC/Lymph/CD3/CD4/CXCR5+, CD45RA-/CXCR3-, CCR6-/ICOS+",82
"Singlet/WBC/Lymph/CD3/CD4/CXCR5-, CD45RA-/CXCR3-, CCR6+",82
"Singlet/WBC/Lymph/CD3/CD4/CXCR5-, CD45RA-/CXCR3-, CCR6+/ICOS+",82
"Singlet/WBC/Lymph/CD3/CD4/CXCR5-, CD45RA-/CXCR3-, CCR6-",82
"Singlet/WBC/Lymph/CD3/CD4/CXCR5-, CD45RA-/CXCR3-, CCR6-/ICOS+",82
"Singlet/WBC/Lymph/CD3/CD4/CXCR5+, CD45RA-/CXCR3+, CCR6-",82
"Singlet/WBC/Lymph/CD3/CD4/CXCR5+, CD45RA-/CXCR3+, CCR6+",82
"Singlet/WBC/Lymph/CD3/CD4/CXCR5-, CD45RA-/CXCR3+, CCR6-/ICOS+",82
Singlet/WBC/Lymph/CD3/CD8/CXCR5+,82
Singlet/WBC/Lymph/CD3/CD8/CXCR3+,82
Singlet/WBC/Lymph/CD3/CD8,82
Singlet/WBC/Lymph/CD3/CD8/CCR6+,82
"Singlet/WBC/Lymph/CD19/CD27+, IgD+",80
"Singlet/WBC/Lymph/CD19/CD27+, IgD-",80
"Singlet/WBC/Lymph/CD19/CD19+, CD20+/CD86+",80
"Singlet/WBC/Lymph/CD19/CD27-, IgD-/CD86+",80
"Singlet/WBC/Lymph/CD19/CD19+, CD20-/CD86+",80
"Singlet/WBC/Lymph/CD19/CD27-, IgD+",80
"Singlet/WBC/Lymph/CD19/CD19+, CD20+",80
Singlet/WBC/Lymph/CD19/CD86+,80
"Singlet/WBC/Lymph/CD19/CD27+, IgD+/CD86+",80
"Singlet/WBC/Lymph/CD19/CD27+, IgD-/CD86+",80
"Singlet/WBC/Lymph/CD19/CD38+, CD24+/CD86+",80
Singlet/WBC/Lymph/CD19/CD27+,80
"Singlet/WBC/Lymph/CD19/CD27-, IgD+/CD86+",80
"Singlet/WBC/Lymph/CD19/CD19+, CD20-",80
"Singlet/WBC/Lymph/CD19/CD38+, CD20-",80
Singlet/WBC/Lymph/CD19/CD27+/CD138+/CD86+,80
"Singlet/WBC/Lymph/CD19/CD38+, CD24+",80
"Singlet/WBC/Lymph/CD19/CD38+, CD20-/CD86+",80
"Singlet/WBC/Lymph/CD19/CD27-, IgD-",80
Singlet/WBC/Lymph/CD19,80
Singlet/WBC/Lymph/CD19/CD27+/CD138+,80
CXCR3: viable/singlets/Lymph,73
CXCR3: viable/singlets,73
CXCR3: viable/singlets/Lymph/CD16+/CD56+,73
CXCR3: viable/singlets/Lymph/CD16+/CD56+/CXCR3+,73
CXCR3: viable,73
CXCR3: viable/singlets/Mono/CD33+/CXCR3+,73
CXCR3: viable/singlets/Lymph/CD3+/CD8+/CXCR3+,73
CXCR3: viable/singlets/Lymph/CD3+/CD4+/CXCR3+,73
CXCR3: viable/singlets/Lymph/CD3+/CD8+,73
CXCR3: viable/singlets/Lymph/CD3+,73
CXCR3: viable/singlets/Lymph/CD3+/CD4+,73
CXCR3: viable/singlets/Mono/CD33+,73
CXCR3: viable/singlets/Lymph/CD3-/CD19+CD20+/CXCR3+,73
CXCR3: viable/singlets/Mono,73
CXCR3: viable/singlets/Lymph/CD3-,73
CXCR3: viable/singlets/Lymph/CD3-/CD19+CD20+,73
"CD3+, CD4+, CD8-, CXCR5-, CD45RA-,HLA-DR+",72
"CD3+, CD4+, CD8-, CXCR5-, CD45RA-, CXCR3-, CCR6+,HLA-DR+",72
live+ AND Lymphocytes+ AND FCS-H AND FSS-W AND CD8- AND CD4+,71
live+ AND Lymphocytes+ AND FCS-H AND FSS-W AND CD4+ AND CD8- AND CD90.2+,71
live+ AND  Lymphocytes+,71
live+,71
live+ AND Lymphocytes+ AND FCS-H AND FSS-W AND CD4- AND CD8+ AND CD90.2+  AND NP+ AND PA-,71
live+ AND Lymphocytes+ AND FCS-H AND FSS-W AND CD4- AND CD8+ AND CD90.2+,71
live+ AND Lymphocytes+ AND FCS-H AND FSS-W AND CD4- AND CD8+,71
none,71
live+ AND Lymphocytes+ AND  FCS-H AND FSS-W  AND CD4- AND CD8+ AND CD90.2+ AND NP+ AND PA- AND CD49a+,71
live+ AND Lymphocytes+ AND FCS-H AND FSS-W,71
"CD14+, SLAN+",62
"CD14+, HLA-DR+, CX3CR1lo",62
"CD14+, HLA-DR+, CX3CR1hi",62
"CD3+, CD4+, CXCR5+, CD45RA-, CXCR3+, CCR6-, ICOS+",62
"CD3+, CD4+, CXCR5+, CD45RA-, CXCR3-, CCR6+, ICOS+",62
"CD3+, CD4+, CXCR5+, CD45RA-, CXCR3-, CCR6-",62
"CD3+, CD4+, CXCR5+, CD45RA-, CXCR3-, CCR6-, ICOS+",62
"CD3+, CD4+, CXCR5+, CD45RA-, CXCR3+, CCR6-",62
"CD3+, CD4+, CXCR5+, CD45RA-, ICOS+",62
"CD14+, HLADR+",62
"CD3+, CD4+",62
"CD3+, CD4+, CCR7+, CD45RA-",62
"CD3+, CD4+, CXCR5+, CD45RA-, CXCR3-, CCR6+",62
"CD3+, CD8+",62
"CD3+, CD8+, CCR7+, CD45RA-",62
"CD3+, CD8+, CCR7+, CD45RA+",62
"CD3+, CD8+, CCR7-, CD45RA+",62
"CD3+, CD8+, CCR7-, CD45RA-",62
"CD3+, CD4+, CCR7-, CD45RA-",62
"CD3+, CD4+, CXCR5+, CD45RA-",62
"CD3+, CD4+, CCR7+, CD45RA+",62
"CD3+, CD4+, CCR7-, CD45RA+",62
CD16+ neutrophil,62
"Lin1-, HLA-DR+",62
CD14-CD56-CD3+CD8-CD4+CD25+,60
All cells in a sample,60
CD14-CD56-CD3+CD4+CD8-CD45RA-CCR7-,60
CD14-CD56-CD3+CD4-CD8+CD45RA+CCR7-,60
CD14-CD56-CD3+CD4-CD8+,60
CD14-CD56+CD3++,60
CD14-CD56+CD3-,60
CD14-CD56+CD3+,60
CD14-CD56-CD3+CD4+CD8-CD45RA+CCR7-,60
CD14-CD56-CD3+,60
CD14-CD56-CD3+CD4-CD8+CD45RA-CCR7-,60
CD14-CD56-CD3+CD4+CD8-,60
CD14-CD56-CD3+CD4+CD8-CD45RA+CCR7+,60
CD14-CD56-CD3+CD4+CD8-CD45RA-CCR7+,60
CD14-CD56-CD3+CD4-CD8+CD45RA-CCR7+,60
CD14-CD56-CD3+CD4-CD8+CD45RA+CCR7+,60
CD14+,60
CD14-CD19+CD3-,60
CD3-/CD19+/CD20lo/CD38hi/CD27hi,59
live+ AND Lymphocytes+ AND FCS-H AND  FSS-W AND CD4- AND CD8+ AND CD90.2+ AND NP- AND PA+,56
live+ AND Lymphocytes+ AND FCS-H AND FSS-W AND CD4- AND CD8+ AND CD90.2+ AND NP- AND PA+ AND CD49a+,56
CD14-CD33-/CD3+/CD4+/CD28-,52
CD14-CD33-/CD3+/CD8+/CD28-,52
"ly/CD3+/CD8+/Ki67,Freq. of,CD8+",48
"ly/CD3+/CD8+/Q1: HLA-DR,, CD38+,Freq. of,CD8+",48
"ly/CD3+/CD8+/CD38bri,Freq. of,CD8+",48
"ly/CD3+/CD8+/bcl2,Freq. of,CD8+",48
"ly/CD3+/CD8+/GranB,Freq. of,CD8+",48
"ly/CD3+/CD4+/DR,Freq. of,CD4+",48
"ly/CD3+/CD4+/bcl2,Freq. of,CD4+",48
"ly/CD3+/CD4+/Ki67,Freq. of,CD4+",48
"ly/CD3+/CD4+/GranB,Freq. of,CD4+",48
"ly/CD3+/CD4+/CD38bri,Freq. of,CD4+",48
"ly/CD3+/CD8+/Q9: CD45RA,, CCR7+,Freq. of,CD8+",48
"ly/CD3+/CD8+/Q8: K1-67,, bcl2di,Freq. of,CD8+",48
"ly/CD3+/CD8+/Q7: K1-67+,, bcl2di,Freq. of,CD8+",48
"ly/CD3+/CD8+/Q6: K1-67+,, bcl2bri,Freq. of,CD8+",48
"ly/CD3+/CD8+/Q5: K1-67,, bcl2bri,Freq. of,CD8+",48
"ly/CD3+/CD8+/Q11: CD45RA+,, CCR7,Freq. of,CD8+",48
"ly/CD3+/CD8+/Q12: CD45RA,, CCR7,Freq. of,CD8+",48
"ly/CD3+/CD8+/Q10: CD45RA+,, CCR7+,Freq. of,CD8+",48
"ly/CD3+/CD8+/Q2: HLA-DR+,, CD38+,Freq. of,CD8+",48
"ly/CD3+/CD8+/Q3: HLA-DR+,, CD38,Freq. of,CD8+",48
"ly/CD3+/CD8+/Q4: HLA-DR,, CD38,Freq. of,CD8+",48
"ly/CD3+/CD4+/Q11: CD45RA+,, CCR7,Freq. of,CD4+",48
"ly/CD3+/CD4+/Q8: K1-67,, bcl2di,Freq. of,CD4+",48
"ly/CD3+/CD4+/Q12: CD45RA,, CCR7,Freq. of,CD4+",48
"ly/CD3+/CD4+/Q10: CD45RA+,, CCR7+,Freq. of,CD4+",48
"ly/CD3+/CD4+/Q9: CD45RA,, CCR7+,Freq. of,CD4+",48
"ly/CD3+/CD4+/Q5: K1-67,, bcl2bri,Freq. of,CD4+",48
"ly/CD3+/CD4+/Q6: K1-67+,, bcl2bri,Freq. of,CD4+",48
"ly/CD3+/CD4+/Q7: K1-67+,, bcl2di,Freq. of,CD4+",48
"ly/CD3+/CD4+/Q4: HLA-DR,, CD38,Freq. of,CD4+",48
"ly/CD3+/CD4+/Q1: HLA-DR,, CD38+,Freq. of,CD4+",48
"ly/CD3+/CD4+/Q2: HLA-DR+,, CD38+,Freq. of,CD4+",48
"ly/CD3+/CD4+/Q3: HLA-DR+,, CD38,Freq. of,CD4+",48
"ly/CD3+/CD8+/DR,Freq. of,CD8+",48
"CD19+, CD3-, CD14-, CD27+, CD138+, HLADR+",40
"CD19+, CD3-, CD14-, CD20-, HLADR+",40
"CD19+, CD3-, CD14-, CD38+, CD20-, HLADR+",40
"CD19+, CD3-, CD14-, CD38+, CD24+, HLADR+",40
"CD19+, CD3-, CD14-, CD27-, IgD-, HLADR+",40
"CD19+, CD3-, CD14-, CD27+, IgD-, HLADR+",40
"CD19+, CD3-, CD14-, CD27-, IgD+, HLADR+",40
"CD19+, CD3-, CD14-, CD27+, IgD+, HLADR+",40
"CD19+, CD3-, CD14-, CD20+, HLADR+",40
"CD19+, CD3-, CD14-, CD27+, HLADR+",40
CD14-CD33-/CD3+,26
CD14-CD33-/CD3+/CD4+,26
CD14-CD33-/CD3+/CD4+/CCR7-CD45RA+,26
CD14-CD33-/CD3+/CD8+/CCR7+CD45RA-,26
CD14-CD33-/CD3+/CD8+/CCR7+CD45RA+,26
CD14-CD33-/CD3+/CD4+/CCR7+CD45RA+,26
CD14-CD33-/CD3+CD56+,26
CD14-CD33-/CD3-/CD16+CD56+,26
CD14-CD33-/CD3+/CD8+,26
CD14-CD33-/CD3+/CD4+/CCR7+CD45RA-,26
CD14-CD33-/CD3+/CD8+/CCR7-CD45RA+,26
CD14-CD33-/CD3+/CD4+/CCR7-CD45RA-,26
CD14-CD33-,26
CD14-CD33-/CD3+/CD8+/CCR7-CD45RA-,26
"Lin1-, HLA-DR+, BDCA2-, CD11c+, BDCA3+",18
"Lin1-, HLA-DR+, BDCA2-, CD11c+, CD1c+",18
"Singlet/WBC/Lymo/Lin1-DR+/BDCA2-, CD11c+/BDCA3+, CD1c-/CD2+",14
"Singlet/WBC/Lymo/Lin1-DR+/BDCA2+, CD11c-/CD2+",14
"Singlet/WBC/Lymo/Lin1-DR+/BDCA2+, CD11c-/CD86+",14
"Singlet/WBC/Lymo/Lin1-DR+/BDCA2+, CD11c-/CD86-",14
"Singlet/WBC/Lymo/Lin1-DR+/BDCA2-, CD11c+",14
"Singlet/WBC/Lymo/Lin1-DR+/BDCA2-, CD11c+/CD2-",14
"Singlet/WBC/Lymo/Lin1-DR+/BDCA2-, CD11c+/BDCA3+, CD1c-/CD86+",14
"Singlet/WBC/Lymo/Lin1-DR+/BDCA2-, CD11c+/BDCA3+, CD1c-/CD86-",14
"Singlet/WBC/Mono/CD14+/HLADR/CD14+, CD16+",14
"Singlet/WBC/Lymo/Lin1-DR+/BDCA2+, CD11c-",14
Singlet/WBC/Neutro/CD16-,14
Singlet/WBC/Neutro/CD16+,14
Singlet/WBC/Mono/SLAN+,14
"Singlet/WBC/Mono/CD14+/HLADR/CD16-, SLAN-",14
"Singlet/WBC/Mono/CD14+/HLADR/CD16+, SLAN-",14
Singlet/WBC/Neutro,14
"Singlet/WBC/Mono/CD14+/HLADR/CD16-, SLAN+",14
"Singlet/WBC/Mono/CD14+/HLADR/CD16-, CD86-",14
"Singlet/WBC/Mono/CD14+/HLADR/CD16+, CD86-",14
"Singlet/WBC/Mono/CD14+/HLADR/CD16+, CD86+",14
"Singlet/WBC/Mono/CD14+/HLADR/CD16-, CD86+",14
"Singlet/WBC/Mono/CD14+/HLADR/CD16-, HLADR-",14
"Singlet/WBC/Mono/CD14+/HLADR/CD16+, HLADR-",14
"Singlet/WBC/Mono/CD14+/HLADR/CD16+, SLAN+",14
"Singlet/WBC/Lymo/Lin1-DR+/BDCA2-, CD11c+/BDCA3+, CD1c-/CD2-",14
"Singlet/WBC/Lymo/Lin1-DR+/BDCA2-, CD11c+/BDCA3+, CD1c-",14
"Singlet/WBC/Lymo/Lin1-DR+/BDCA2-, CD11c+/BDCA3-, CD1c+/CD86-",14
"Singlet/WBC/Lymo/Lin1-DR+/BDCA2-, CD11c+/BDCA3-, CD1c+/CD86+",14
"Singlet/WBC/Lymo/Lin1-DR+/BDCA2-, CD11c+/BDCA3-, CD1c+/CD2+",14
"Singlet/WBC/Lymo/Lin1-DR+/BDCA2-, CD11c+/BDCA3-, CD1c+/CD2-",14
"Singlet/WBC/Lymo/Lin1-DR+/BDCA2-, CD11c+/BDCA3-, CD1c+",14
"Singlet/WBC/Lymo/Lin1-DR+/BDCA2-, CD11c+/CD86-",14
"Singlet/WBC/Lymo/Lin1-DR+/BDCA2-, CD11c+/CD86+",14
"Singlet/WBC/Lymo/Lin1-DR+/BDCA2-, CD11c+/CD2+",14
"Singlet/WBC/Mono/CD14+/HLADR/CD16+, CD11b-",14
"Singlet/WBC/Mono/CD14+/HLADR/CD16-, CD11b-",14
"Singlet/WBC/Mono/CD14+/HLADR/CD16+, CX3CR1+",14
"Singlet/WBC/Mono/CD14+/HLADR/CD16+, HLADR+",14
"Singlet/WBC/Lymo/Lin1-DR+/BDCA2+, CD11c-/CD2-",14
"Singlet/WBC/Mono/CD14+/HLADR/CD16-, HLADR+",14
Singlet/WBC/Mono/CD14+/HLADR/CD40+,14
"Singlet/WBC/Mono/CD14+/HLADR/CD16-, CX3CR1+",14
"Singlet/WBC/Mono/CD14+/HLADR/CD14+, CD16-",14
"Singlet/WBC/Mono/CD14+/HLADR/CD14-, CD16-",14
"Singlet/WBC/Mono/CD14+/HLADR/CD16-, CD11b+",14
"Singlet/WBC/Mono/CD14+/HLADR/CD16-, CX3CR1-",14
"Singlet/WBC/Mono/CD14+/HLADR/CD16+, CX3CR1-",14
"Singlet/WBC/Mono/CD14+/HLADR/CD16+, CD11b+",14
Singlet/WBC/Mono/CD14+/HLADR,14
"Singlet/WBC/Mono/CD14+/HLADR/CD14-, CD16+",14
"CD14-, CD19-, CD3+, CD4+, CD8-, IFNg-, IL-10-",10
"CD14-, CD19-, CD3+, CD4+, CD8-, IFNg+, IL-10+",10
"CD3+, CD4+, CD8-, CD14-, CD19-",10
CD14-CD19-CD3+CD4-CD8+IFNg-CD45RA+CCR7-,8
CD14-CD19-CD3+CD4-CD8+,8
CD14-CD19-CD3+CD4-CD8+IFNg+CD45RA+CCR7-,8
CD14-CD19-CD3+CD4-CD8+IFNg+CD45RA-CCR7-,8
CD14-CD19-CD3+CD4-CD8+IFNg-CD45RA-CCR7-,8
S/Time/Lv/L/NK T cells/TNFa+,3
S/Time/Lv/L/CD3+/CD8+/IL17+,3
S/Time/Lv/L/CD3+/CD4+/IL4+,3
S/Time/Lv/L/CD3+/CD8+/IL10+,3
S/Time/Lv/L/CD3+/CD8+/IL13+,3
S/Time/Lv,3
S/Time/Lv/L,3
S/Time/Lv/L/CD3+,3
S/Time/Lv/L/CD3+/CD4+,3
S/Time/Lv/L/CD3+/CD4+/CD107a+,3
S/Time/Lv/L/CD3+/CD8+/IL2+,3
S,3
S/Time,3
S/Time/Lv/L/CD3+/CD4+/IFNg_OR_IL2,3
S/Time/Lv/L/CD56hi/IL4+,3
S/Time/Lv/L/CD3+/CD8+/IFNg_OR_IL2,3
S/Time/Lv/L/CD56hi,3
S/Time/Lv/L/CD3+/CD8+/IL4+,3
S/Time/Lv/L/CD3+/CD4+/IL10+,3
S/Time/Lv/L/CD56hi/CD154+,3
S/Time/Lv/L/CD3+/CD4+/IL13+,3
S/Time/Lv/L/CD56hi/CD107a+,3
S/Time/Lv/L/CD3+/CD8+/CD107a+,3
S/Time/Lv/L/CD3+/CD4+/IL2+,3
S/Time/Lv/L/CD3+/CD4+/TNFa+,3
S/Time/Lv/L/CD3+/CD8+,3
S/Time/Lv/L/CD3+/CD8+/GzB+,3
S/Time/Lv/L/CD3+/CD8+/CD154+,3
S/Time/Lv/L/CD3+/CD8+/IFNg+,3
S/Time/Lv/L/CD3+/CD4+/IL17+,3
S/Time/Lv/L/CD56dim/TNFa+,3
S/Time/Lv/L/CD3+/CD4+/IFNg+,3
S/Time/Lv/L/CD3+/CD4+/GzB+,3
S/Time/Lv/L/CD3+/CD4+/CD154+,3
S/Time/Lv/L/CD56dim/GzB+,3
S/Time/Lv/L/CD56dim/IFNg+,3
S/Time/Lv/L/CD56dim/IL4+,3
S/Time/Lv/L/CD56dim/IFNg_OR_IL2,3
S/Time/Lv/L/gdTCR+/IFNg+,3
S/Time/Lv/L/gdTCR+/IFNg_OR_IL2,3
S/Time/Lv/L/gdTCR+/IL4+,3
S/Time/Lv/L/CD3+/CD8+/TNFa+,3
S/Time/Lv/L/CD56dim,3
S/Time/Lv/L/CD56dim/CD107a+,3
S/Time/Lv/L/CD56dim/CD154+,3
S/Time/Lv/L/gdTCR+/GzB+,3
S/Time/Lv/L/gdTCR+/IL2+,3
S/Time/Lv/L/CD56hi/IFNg_OR_IL2,3
S/Time/Lv/L/CD56hi/IFNg+,3
S/Time/Lv/L/CD56hi/GzB+,3
S/Time/Lv/L/NK T cells/IL2+,3
S/Time/Lv/L/NK T cells/IL17+,3
S/Time/Lv/L/NK T cells/IL13+,3
S/Time/Lv/L/NK T cells/IL10+,3
S/Time/Lv/L/CD56dim/IL2+,3
S/Time/Lv/L/CD56dim/IL17+,3
S/Time/Lv/L/CD56dim/IL13+,3
S/Time/Lv/L/CD56dim/IL10+,3
S/Time/Lv/L/CD56hi/IL10+,3
S/Time/Lv/L/CD56hi/IL13+,3
S/Time/Lv/L/CD56hi/IL17+,3
S/Time/Lv/L/CD56hi/IL2+,3
S/Time/Lv/L/NK T cells/IL4+,3
S/Time/Lv/L/gdTCR+/IL17+,3
S/Time/Lv/L/gdTCR+/IL13+,3
S/Time/Lv/L/gdTCR+/IL10+,3
S/Time/Lv/L/CD56hi/TNFa+,3
S/Time/Lv/L/gdTCR+,3
S/Time/Lv/L/gdTCR+/CD107a+,3
S/Time/Lv/L/gdTCR+/CD154+,3
S/Time/Lv/L/NK T cells/CD154+,3
S/Time/Lv/L/NK T cells/IFNg_OR_IL2,3
S/Time/Lv/L/NK T cells/IFNg+,3
S/Time/Lv/L/NK T cells/GzB+,3
S/Time/Lv/L/NK T cells,3
S/Time/Lv/L/NK T cells/CD107a+,3
S/Time/Lv/L/gdTCR+/TNFa+,3
Intact cells population,1
