mean_fit_time,std_fit_time,mean_score_time,std_score_time,param_balance,param_classify__n_components,param_classify__shrinkage,param_classify__solver,param_classify__store_covariance,param_classify__tol,param_select,param_transform,params,split0_test_f1_weighted_scorer,split1_test_f1_weighted_scorer,mean_test_f1_weighted_scorer,std_test_f1_weighted_scorer,rank_test_f1_weighted_scorer,split0_test_roc_auc_scorer,split1_test_roc_auc_scorer,mean_test_roc_auc_scorer,std_test_roc_auc_scorer,rank_test_roc_auc_scorer,split0_test_accuracy_scorer,split1_test_accuracy_scorer,mean_test_accuracy_scorer,std_test_accuracy_scorer,rank_test_accuracy_scorer
0.004304170608520508,0.00012493133544921875,0.004316926002502441,5.042552947998047e-05,,1,auto,eigen,True,0.0001,,,"{'balance': None, 'classify__n_components': 1, 'classify__shrinkage': 'auto', 'classify__solver': 'eigen', 'classify__store_covariance': True, 'classify__tol': 0.0001, 'select': None, 'transform': None}",0.6425519066792728,0.6296354720806049,0.6360936893799388,0.006458217299333935,1,0.6408571428571429,0.6147826086956523,0.6278198757763975,0.013037267080745318,5,0.6529411764705882,0.6390532544378699,0.6459972154542291,0.00694396101635919,1
0.005093812942504883,0.0007686614990234375,0.007644057273864746,0.00019538402557373047,,1,auto,lsqr,True,0.0001,,,"{'balance': None, 'classify__n_components': 1, 'classify__shrinkage': 'auto', 'classify__solver': 'lsqr', 'classify__store_covariance': True, 'classify__tol': 0.0001, 'select': None, 'transform': None}",0.6425519066792728,0.6296354720806049,0.6360936893799388,0.006458217299333935,1,0.6408571428571429,0.6147826086956523,0.6278198757763975,0.013037267080745318,5,0.6529411764705882,0.6390532544378699,0.6459972154542291,0.00694396101635919,1
0.005830168724060059,1.0132789611816406e-05,0.007909297943115234,0.0004863739013671875,,,auto,lsqr,True,0.0001,,,"{'balance': None, 'classify__n_components': None, 'classify__shrinkage': 'auto', 'classify__solver': 'lsqr', 'classify__store_covariance': True, 'classify__tol': 0.0001, 'select': None, 'transform': None}",0.6425519066792728,0.6296354720806049,0.6360936893799388,0.006458217299333935,1,0.6408571428571429,0.6147826086956523,0.6278198757763975,0.013037267080745318,5,0.6529411764705882,0.6390532544378699,0.6459972154542291,0.00694396101635919,1
0.0077544450759887695,9.119510650634766e-05,0.007598519325256348,8.26120376586914e-05,,,auto,eigen,True,0.0001,,,"{'balance': None, 'classify__n_components': None, 'classify__shrinkage': 'auto', 'classify__solver': 'eigen', 'classify__store_covariance': True, 'classify__tol': 0.0001, 'select': None, 'transform': None}",0.6425519066792728,0.6296354720806049,0.6360936893799388,0.006458217299333935,1,0.6408571428571429,0.6147826086956523,0.6278198757763975,0.013037267080745318,5,0.6529411764705882,0.6390532544378699,0.6459972154542291,0.00694396101635919,1
0.0034407377243041992,5.125999450683594e-06,0.007413625717163086,3.123283386230469e-05,,,0.4,lsqr,True,0.0001,,,"{'balance': None, 'classify__n_components': None, 'classify__shrinkage': 0.4, 'classify__solver': 'lsqr', 'classify__store_covariance': True, 'classify__tol': 0.0001, 'select': None, 'transform': None}",0.6494483097898658,0.6207670593344553,0.6351076845621606,0.01434062522770524,5,0.6337142857142857,0.6165217391304347,0.6251180124223602,0.008596273291925471,13,0.6588235294117647,0.6331360946745562,0.6459798120431605,0.012843717368604235,5
0.00407099723815918,1.0251998901367188e-05,0.007351994514465332,1.0371208190917969e-05,,,0.4,eigen,True,0.0001,,,"{'balance': None, 'classify__n_components': None, 'classify__shrinkage': 0.4, 'classify__solver': 'eigen', 'classify__store_covariance': True, 'classify__tol': 0.0001, 'select': None, 'transform': None}",0.6494483097898658,0.6207670593344553,0.6351076845621606,0.01434062522770524,5,0.6337142857142857,0.6165217391304347,0.6251180124223602,0.008596273291925471,13,0.6588235294117647,0.6331360946745562,0.6459798120431605,0.012843717368604235,5
0.004016995429992676,1.1920928955078125e-07,0.007288932800292969,2.1457672119140625e-06,,1,0.4,eigen,True,0.0001,,,"{'balance': None, 'classify__n_components': 1, 'classify__shrinkage': 0.4, 'classify__solver': 'eigen', 'classify__store_covariance': True, 'classify__tol': 0.0001, 'select': None, 'transform': None}",0.6494483097898658,0.6207670593344553,0.6351076845621606,0.01434062522770524,5,0.6337142857142857,0.6165217391304347,0.6251180124223602,0.008596273291925471,13,0.6588235294117647,0.6331360946745562,0.6459798120431605,0.012843717368604235,5
0.0034644603729248047,5.173683166503906e-05,0.007351517677307129,5.328655242919922e-05,,1,0.4,lsqr,True,0.0001,,,"{'balance': None, 'classify__n_components': 1, 'classify__shrinkage': 0.4, 'classify__solver': 'lsqr', 'classify__store_covariance': True, 'classify__tol': 0.0001, 'select': None, 'transform': None}",0.6494483097898658,0.6207670593344553,0.6351076845621606,0.01434062522770524,5,0.6337142857142857,0.6165217391304347,0.6251180124223602,0.008596273291925471,13,0.6588235294117647,0.6331360946745562,0.6459798120431605,0.012843717368604235,5
0.0034481287002563477,1.990795135498047e-05,0.007376670837402344,7.843971252441406e-05,,1,0.3,lsqr,True,0.0001,,,"{'balance': None, 'classify__n_components': 1, 'classify__shrinkage': 0.3, 'classify__solver': 'lsqr', 'classify__store_covariance': True, 'classify__tol': 0.0001, 'select': None, 'transform': None}",0.6389957852299799,0.6226669971941093,0.6308313912120447,0.008164394017935284,9,0.6365714285714285,0.6181159420289855,0.627343685300207,0.0092277432712215,9,0.6470588235294118,0.6331360946745562,0.640097459101984,0.006961364427427785,9
0.004037022590637207,2.7418136596679688e-06,0.007380962371826172,9.775161743164062e-06,,1,0.3,eigen,True,0.0001,,,"{'balance': None, 'classify__n_components': 1, 'classify__shrinkage': 0.3, 'classify__solver': 'eigen', 'classify__store_covariance': True, 'classify__tol': 0.0001, 'select': None, 'transform': None}",0.6389957852299799,0.6226669971941093,0.6308313912120447,0.008164394017935284,9,0.6365714285714285,0.6181159420289855,0.627343685300207,0.0092277432712215,9,0.6470588235294118,0.6331360946745562,0.640097459101984,0.006961364427427785,9
0.0035043954849243164,7.617473602294922e-05,0.007538557052612305,9.036064147949219e-05,,,0.3,lsqr,True,0.0001,,,"{'balance': None, 'classify__n_components': None, 'classify__shrinkage': 0.3, 'classify__solver': 'lsqr', 'classify__store_covariance': True, 'classify__tol': 0.0001, 'select': None, 'transform': None}",0.6389957852299799,0.6226669971941093,0.6308313912120447,0.008164394017935284,9,0.6365714285714285,0.6181159420289855,0.627343685300207,0.0092277432712215,9,0.6470588235294118,0.6331360946745562,0.640097459101984,0.006961364427427785,9
0.0040732622146606445,3.0875205993652344e-05,0.007404446601867676,5.4001808166503906e-05,,,0.3,eigen,True,0.0001,,,"{'balance': None, 'classify__n_components': None, 'classify__shrinkage': 0.3, 'classify__solver': 'eigen', 'classify__store_covariance': True, 'classify__tol': 0.0001, 'select': None, 'transform': None}",0.6389957852299799,0.6226669971941093,0.6308313912120447,0.008164394017935284,9,0.6365714285714285,0.6181159420289855,0.627343685300207,0.0092277432712215,9,0.6470588235294118,0.6331360946745562,0.640097459101984,0.006961364427427785,9
0.004015326499938965,7.510185241699219e-06,0.007318615913391113,8.702278137207031e-06,,,0.2,eigen,True,0.0001,,,"{'balance': None, 'classify__n_components': None, 'classify__shrinkage': 0.2, 'classify__solver': 'eigen', 'classify__store_covariance': True, 'classify__tol': 0.0001, 'select': None, 'transform': None}",0.6269623114043125,0.6123109746634248,0.6196366430338687,0.00732566837044385,13,0.6395714285714286,0.6184057971014493,0.6289886128364389,0.010582815734989648,1,0.6352941176470588,0.621301775147929,0.6282979463974938,0.00699617124956492,13
0.003418445587158203,1.9311904907226562e-05,0.007377147674560547,4.172325134277344e-05,,,0.2,lsqr,True,0.0001,,,"{'balance': None, 'classify__n_components': None, 'classify__shrinkage': 0.2, 'classify__solver': 'lsqr', 'classify__store_covariance': True, 'classify__tol': 0.0001, 'select': None, 'transform': None}",0.6269623114043125,0.6123109746634248,0.6196366430338687,0.00732566837044385,13,0.6395714285714286,0.6184057971014493,0.6289886128364389,0.010582815734989648,1,0.6352941176470588,0.621301775147929,0.6282979463974938,0.00699617124956492,13
0.003508925437927246,5.8531761169433594e-05,0.0075604915618896484,0.0001575946807861328,,1,0.2,lsqr,True,0.0001,,,"{'balance': None, 'classify__n_components': 1, 'classify__shrinkage': 0.2, 'classify__solver': 'lsqr', 'classify__store_covariance': True, 'classify__tol': 0.0001, 'select': None, 'transform': None}",0.6269623114043125,0.6123109746634248,0.6196366430338687,0.00732566837044385,13,0.6395714285714286,0.6184057971014493,0.6289886128364389,0.010582815734989648,1,0.6352941176470588,0.621301775147929,0.6282979463974938,0.00699617124956492,13
0.004193425178527832,9.47713851928711e-05,0.007508277893066406,0.00014090538024902344,,1,0.2,eigen,True,0.0001,,,"{'balance': None, 'classify__n_components': 1, 'classify__shrinkage': 0.2, 'classify__solver': 'eigen', 'classify__store_covariance': True, 'classify__tol': 0.0001, 'select': None, 'transform': None}",0.6269623114043125,0.6123109746634248,0.6196366430338687,0.00732566837044385,13,0.6395714285714286,0.6184057971014493,0.6289886128364389,0.010582815734989648,1,0.6352941176470588,0.621301775147929,0.6282979463974938,0.00699617124956492,13
0.0034199953079223633,1.4901161193847656e-05,0.007415771484375,7.700920104980469e-05,,1,0.6,lsqr,True,0.0001,,,"{'balance': None, 'classify__n_components': 1, 'classify__shrinkage': 0.6, 'classify__solver': 'lsqr', 'classify__store_covariance': True, 'classify__tol': 0.0001, 'select': None, 'transform': None}",0.6352310129386263,0.6013642548694925,0.6182976339040593,0.016933379034566876,17,0.6268571428571428,0.6126086956521739,0.6197329192546583,0.007124223602484436,25,0.6411764705882353,0.6153846153846154,0.6282805429864253,0.012895927601809964,21
0.005261421203613281,0.0011587142944335938,0.00966644287109375,0.0021414756774902344,,1,0.6,eigen,True,0.0001,,,"{'balance': None, 'classify__n_components': 1, 'classify__shrinkage': 0.6, 'classify__solver': 'eigen', 'classify__store_covariance': True, 'classify__tol': 0.0001, 'select': None, 'transform': None}",0.6352310129386263,0.6013642548694925,0.6182976339040593,0.016933379034566876,17,0.6268571428571428,0.6126086956521739,0.6197329192546583,0.007124223602484436,25,0.6411764705882353,0.6153846153846154,0.6282805429864253,0.012895927601809964,21
0.004011869430541992,5.7220458984375e-06,0.00734555721282959,3.6597251892089844e-05,,,0.6,eigen,True,0.0001,,,"{'balance': None, 'classify__n_components': None, 'classify__shrinkage': 0.6, 'classify__solver': 'eigen', 'classify__store_covariance': True, 'classify__tol': 0.0001, 'select': None, 'transform': None}",0.6352310129386263,0.6013642548694925,0.6182976339040593,0.016933379034566876,17,0.6268571428571428,0.6126086956521739,0.6197329192546583,0.007124223602484436,25,0.6411764705882353,0.6153846153846154,0.6282805429864253,0.012895927601809964,21
0.0034459829330444336,3.0875205993652344e-05,0.007375359535217285,2.7060508728027344e-05,,,0.6,lsqr,True,0.0001,,,"{'balance': None, 'classify__n_components': None, 'classify__shrinkage': 0.6, 'classify__solver': 'lsqr', 'classify__store_covariance': True, 'classify__tol': 0.0001, 'select': None, 'transform': None}",0.6352310129386263,0.6013642548694925,0.6182976339040593,0.016933379034566876,17,0.6268571428571428,0.6126086956521739,0.6197329192546583,0.007124223602484436,25,0.6411764705882353,0.6153846153846154,0.6282805429864253,0.012895927601809964,21
0.0034303665161132812,3.7670135498046875e-05,0.007487058639526367,1.5735626220703125e-05,,,0.5,lsqr,True,0.0001,,,"{'balance': None, 'classify__n_components': None, 'classify__shrinkage': 0.5, 'classify__solver': 'lsqr', 'classify__store_covariance': True, 'classify__tol': 0.0001, 'select': None, 'transform': None}",0.6252723311546841,0.6064222609203053,0.6158472960374947,0.009425035117189395,21,0.6285714285714284,0.6152173913043479,0.6218944099378882,0.006677018633540255,21,0.6352941176470588,0.621301775147929,0.6282979463974938,0.00699617124956492,13
0.004220485687255859,9.441375732421875e-05,0.007504940032958984,5.817413330078125e-05,,,0.5,eigen,True,0.0001,,,"{'balance': None, 'classify__n_components': None, 'classify__shrinkage': 0.5, 'classify__solver': 'eigen', 'classify__store_covariance': True, 'classify__tol': 0.0001, 'select': None, 'transform': None}",0.6252723311546841,0.6064222609203053,0.6158472960374947,0.009425035117189395,21,0.6285714285714284,0.6152173913043479,0.6218944099378882,0.006677018633540255,21,0.6352941176470588,0.621301775147929,0.6282979463974938,0.00699617124956492,13
0.004180550575256348,0.0007339715957641602,0.007452726364135742,9.918212890625e-05,,1,0.5,lsqr,True,0.0001,,,"{'balance': None, 'classify__n_components': 1, 'classify__shrinkage': 0.5, 'classify__solver': 'lsqr', 'classify__store_covariance': True, 'classify__tol': 0.0001, 'select': None, 'transform': None}",0.6252723311546841,0.6064222609203053,0.6158472960374947,0.009425035117189395,21,0.6285714285714284,0.6152173913043479,0.6218944099378882,0.006677018633540255,21,0.6352941176470588,0.621301775147929,0.6282979463974938,0.00699617124956492,13
0.004086852073669434,3.993511199951172e-05,0.007312417030334473,1.1324882507324219e-05,,1,0.5,eigen,True,0.0001,,,"{'balance': None, 'classify__n_components': 1, 'classify__shrinkage': 0.5, 'classify__solver': 'eigen', 'classify__store_covariance': True, 'classify__tol': 0.0001, 'select': None, 'transform': None}",0.6252723311546841,0.6064222609203053,0.6158472960374947,0.009425035117189395,21,0.6285714285714284,0.6152173913043479,0.6218944099378882,0.006677018633540255,21,0.6352941176470588,0.621301775147929,0.6282979463974938,0.00699617124956492,13
0.004008173942565918,2.7418136596679688e-06,0.007344365119934082,2.9802322387695312e-06,,,0.7,eigen,True,0.0001,,,"{'balance': None, 'classify__n_components': None, 'classify__shrinkage': 0.7, 'classify__solver': 'eigen', 'classify__store_covariance': True, 'classify__tol': 0.0001, 'select': None, 'transform': None}",0.6405036071032186,0.5890985396347077,0.6148010733689632,0.02570253373425546,25,0.6215714285714284,0.6108695652173913,0.6162204968944098,0.0053509316770185555,37,0.6470588235294118,0.6035502958579881,0.6253045596936999,0.02175426383571183,25
0.0034459829330444336,2.849102020263672e-05,0.007390499114990234,2.7179718017578125e-05,,,0.7,lsqr,True,0.0001,,,"{'balance': None, 'classify__n_components': None, 'classify__shrinkage': 0.7, 'classify__solver': 'lsqr', 'classify__store_covariance': True, 'classify__tol': 0.0001, 'select': None, 'transform': None}",0.6405036071032186,0.5890985396347077,0.6148010733689632,0.02570253373425546,25,0.6215714285714284,0.6108695652173913,0.6162204968944098,0.0053509316770185555,37,0.6470588235294118,0.6035502958579881,0.6253045596936999,0.02175426383571183,25
0.0034971237182617188,4.839897155761719e-05,0.007488369941711426,7.736682891845703e-05,,1,0.7,lsqr,True,0.0001,,,"{'balance': None, 'classify__n_components': 1, 'classify__shrinkage': 0.7, 'classify__solver': 'lsqr', 'classify__store_covariance': True, 'classify__tol': 0.0001, 'select': None, 'transform': None}",0.6405036071032186,0.5890985396347077,0.6148010733689632,0.02570253373425546,25,0.6215714285714284,0.6108695652173913,0.6162204968944098,0.0053509316770185555,37,0.6470588235294118,0.6035502958579881,0.6253045596936999,0.02175426383571183,25
0.004056453704833984,3.075599670410156e-05,0.007485747337341309,3.0159950256347656e-05,,1,0.7,eigen,True,0.0001,,,"{'balance': None, 'classify__n_components': 1, 'classify__shrinkage': 0.7, 'classify__solver': 'eigen', 'classify__store_covariance': True, 'classify__tol': 0.0001, 'select': None, 'transform': None}",0.6405036071032186,0.5890985396347077,0.6148010733689632,0.02570253373425546,25,0.6215714285714284,0.6108695652173913,0.6162204968944098,0.0053509316770185555,37,0.6470588235294118,0.6035502958579881,0.6253045596936999,0.02175426383571183,25
0.005108356475830078,0.0015344619750976562,0.010764479637145996,0.0032945871353149414,,,0.0,lsqr,True,0.0001,,,"{'balance': None, 'classify__n_components': None, 'classify__shrinkage': 0.0, 'classify__solver': 'lsqr', 'classify__store_covariance': True, 'classify__tol': 0.0001, 'select': None, 'transform': None}",0.6389074871140867,0.5783179979466451,0.6086127425303659,0.030294744583720834,29,0.6331428571428571,0.5995652173913044,0.6163540372670808,0.01678881987577635,33,0.6411764705882353,0.5798816568047337,0.6105290636964845,0.030647406891750828,33
0.002853989601135254,1.0728836059570312e-06,0.007378697395324707,1.2040138244628906e-05,,,,lsqr,True,0.0001,,,"{'balance': None, 'classify__n_components': None, 'classify__shrinkage': None, 'classify__solver': 'lsqr', 'classify__store_covariance': True, 'classify__tol': 0.0001, 'select': None, 'transform': None}",0.6389074871140867,0.5783179979466451,0.6086127425303659,0.030294744583720834,29,0.6331428571428571,0.5995652173913044,0.6163540372670808,0.01678881987577635,33,0.6411764705882353,0.5798816568047337,0.6105290636964845,0.030647406891750828,33
0.002179741859436035,4.3511390686035156e-05,0.004820704460144043,0.00013124942779541016,,1,,lsqr,True,0.0001,,,"{'balance': None, 'classify__n_components': 1, 'classify__shrinkage': None, 'classify__solver': 'lsqr', 'classify__store_covariance': True, 'classify__tol': 0.0001, 'select': None, 'transform': None}",0.6389074871140867,0.5783179979466451,0.6086127425303659,0.030294744583720834,29,0.6331428571428571,0.5995652173913044,0.6163540372670808,0.01678881987577635,33,0.6411764705882353,0.5798816568047337,0.6105290636964845,0.030647406891750828,33
0.003823399543762207,0.0003916025161743164,0.007770538330078125,0.00041222572326660156,,1,0.0,lsqr,True,0.0001,,,"{'balance': None, 'classify__n_components': 1, 'classify__shrinkage': 0.0, 'classify__solver': 'lsqr', 'classify__store_covariance': True, 'classify__tol': 0.0001, 'select': None, 'transform': None}",0.6389074871140867,0.5783179979466451,0.6086127425303659,0.030294744583720834,29,0.6331428571428571,0.5995652173913044,0.6163540372670808,0.01678881987577635,33,0.6411764705882353,0.5798816568047337,0.6105290636964845,0.030647406891750828,33
0.004093527793884277,6.401538848876953e-05,0.007390618324279785,2.586841583251953e-05,,1,0.1,eigen,True,0.0001,,,"{'balance': None, 'classify__n_components': 1, 'classify__shrinkage': 0.1, 'classify__solver': 'eigen', 'classify__store_covariance': True, 'classify__tol': 0.0001, 'select': None, 'transform': None}",0.6269623114043125,0.5880804105798887,0.6075213609921006,0.019440950412211888,33,0.6371428571428571,0.6114492753623189,0.624296066252588,0.012846790890269133,17,0.6352941176470588,0.5976331360946746,0.6164636268708668,0.018830490776192088,29
0.0035570859909057617,0.00010693073272705078,0.007524967193603516,0.0001404285430908203,,1,0.1,lsqr,True,0.0001,,,"{'balance': None, 'classify__n_components': 1, 'classify__shrinkage': 0.1, 'classify__solver': 'lsqr', 'classify__store_covariance': True, 'classify__tol': 0.0001, 'select': None, 'transform': None}",0.6269623114043125,0.5880804105798887,0.6075213609921006,0.019440950412211888,33,0.6371428571428571,0.6114492753623189,0.624296066252588,0.012846790890269133,17,0.6352941176470588,0.5976331360946746,0.6164636268708668,0.018830490776192088,29
0.0034269094467163086,2.3484230041503906e-05,0.007331728935241699,5.0187110900878906e-05,,,0.1,lsqr,True,0.0001,,,"{'balance': None, 'classify__n_components': None, 'classify__shrinkage': 0.1, 'classify__solver': 'lsqr', 'classify__store_covariance': True, 'classify__tol': 0.0001, 'select': None, 'transform': None}",0.6269623114043125,0.5880804105798887,0.6075213609921006,0.019440950412211888,33,0.6371428571428571,0.6114492753623189,0.624296066252588,0.012846790890269133,17,0.6352941176470588,0.5976331360946746,0.6164636268708668,0.018830490776192088,29
0.004019379615783691,4.172325134277344e-06,0.007336139678955078,8.821487426757812e-06,,,0.1,eigen,True,0.0001,,,"{'balance': None, 'classify__n_components': None, 'classify__shrinkage': 0.1, 'classify__solver': 'eigen', 'classify__store_covariance': True, 'classify__tol': 0.0001, 'select': None, 'transform': None}",0.6269623114043125,0.5880804105798887,0.6075213609921006,0.019440950412211888,33,0.6371428571428571,0.6114492753623189,0.624296066252588,0.012846790890269133,17,0.6352941176470588,0.5976331360946746,0.6164636268708668,0.018830490776192088,29
0.004656314849853516,0.0006277561187744141,0.00791311264038086,0.0004792213439941406,,1,0.0,eigen,True,0.0001,,,"{'balance': None, 'classify__n_components': 1, 'classify__shrinkage': 0.0, 'classify__solver': 'eigen', 'classify__store_covariance': True, 'classify__tol': 0.0001, 'select': None, 'transform': None}",0.6235294117647059,0.5675453768173773,0.5955373942910416,0.02799201747366431,37,0.6367857142857143,0.5968115942028984,0.6167986542443064,0.019987060041407934,29,0.6235294117647059,0.5680473372781065,0.5957883745214062,0.027741037243299682,45
0.002310514450073242,9.608268737792969e-05,0.005287766456604004,0.00041854381561279297,,1,,eigen,True,0.0001,,,"{'balance': None, 'classify__n_components': 1, 'classify__shrinkage': None, 'classify__solver': 'eigen', 'classify__store_covariance': True, 'classify__tol': 0.0001, 'select': None, 'transform': None}",0.6235294117647059,0.5675453768173773,0.5955373942910416,0.02799201747366431,37,0.6367857142857143,0.5968115942028984,0.6167986542443064,0.019987060041407934,29,0.6235294117647059,0.5680473372781065,0.5957883745214062,0.027741037243299682,45
0.0031540393829345703,1.0251998901367188e-05,0.007485389709472656,8.606910705566406e-05,,,,eigen,True,0.0001,,,"{'balance': None, 'classify__n_components': None, 'classify__shrinkage': None, 'classify__solver': 'eigen', 'classify__store_covariance': True, 'classify__tol': 0.0001, 'select': None, 'transform': None}",0.6235294117647059,0.5675453768173773,0.5955373942910416,0.02799201747366431,37,0.6367857142857143,0.5968115942028984,0.6167986542443064,0.019987060041407934,29,0.6235294117647059,0.5680473372781065,0.5957883745214062,0.027741037243299682,45
0.003990650177001953,3.814697265625e-05,0.007379770278930664,2.3365020751953125e-05,,,0.0,eigen,True,0.0001,,,"{'balance': None, 'classify__n_components': None, 'classify__shrinkage': 0.0, 'classify__solver': 'eigen', 'classify__store_covariance': True, 'classify__tol': 0.0001, 'select': None, 'transform': None}",0.6235294117647059,0.5675453768173773,0.5955373942910416,0.02799201747366431,37,0.6367857142857143,0.5968115942028984,0.6167986542443064,0.019987060041407934,29,0.6235294117647059,0.5680473372781065,0.5957883745214062,0.027741037243299682,45
0.004041075706481934,1.4185905456542969e-05,0.007336974143981934,2.849102020263672e-05,,1,0.8,eigen,True,0.0001,,,"{'balance': None, 'classify__n_components': 1, 'classify__shrinkage': 0.8, 'classify__solver': 'eigen', 'classify__store_covariance': True, 'classify__tol': 0.0001, 'select': None, 'transform': None}",0.6180133591898297,0.5718337766679334,0.5949235679288816,0.023089791260948123,41,0.6162857142857143,0.6076811594202898,0.611983436853002,0.004302277432712276,43,0.6235294117647059,0.5857988165680473,0.6046641141663767,0.018865297598329278,37
0.005410671234130859,0.0019457340240478516,0.007686734199523926,0.00029981136322021484,,1,0.8,lsqr,True,0.0001,,,"{'balance': None, 'classify__n_components': 1, 'classify__shrinkage': 0.8, 'classify__solver': 'lsqr', 'classify__store_covariance': True, 'classify__tol': 0.0001, 'select': None, 'transform': None}",0.6180133591898297,0.5718337766679334,0.5949235679288816,0.023089791260948123,41,0.6162857142857143,0.6076811594202898,0.611983436853002,0.004302277432712276,43,0.6235294117647059,0.5857988165680473,0.6046641141663767,0.018865297598329278,37
0.005926609039306641,0.002373218536376953,0.009006023406982422,0.001613616943359375,,,0.8,lsqr,True,0.0001,,,"{'balance': None, 'classify__n_components': None, 'classify__shrinkage': 0.8, 'classify__solver': 'lsqr', 'classify__store_covariance': True, 'classify__tol': 0.0001, 'select': None, 'transform': None}",0.6180133591898297,0.5718337766679334,0.5949235679288816,0.023089791260948123,41,0.6162857142857143,0.6076811594202898,0.611983436853002,0.004302277432712276,43,0.6235294117647059,0.5857988165680473,0.6046641141663767,0.018865297598329278,37
0.00407099723815918,2.7179718017578125e-05,0.00742030143737793,1.71661376953125e-05,,,0.8,eigen,True,0.0001,,,"{'balance': None, 'classify__n_components': None, 'classify__shrinkage': 0.8, 'classify__solver': 'eigen', 'classify__store_covariance': True, 'classify__tol': 0.0001, 'select': None, 'transform': None}",0.6180133591898297,0.5718337766679334,0.5949235679288816,0.023089791260948123,41,0.6162857142857143,0.6076811594202898,0.611983436853002,0.004302277432712276,43,0.6235294117647059,0.5857988165680473,0.6046641141663767,0.018865297598329278,37
0.00349581241607666,2.086162567138672e-05,0.0073969364166259766,5.817413330078125e-05,,,0.9,lsqr,True,0.0001,,,"{'balance': None, 'classify__n_components': None, 'classify__shrinkage': 0.9, 'classify__solver': 'lsqr', 'classify__store_covariance': True, 'classify__tol': 0.0001, 'select': None, 'transform': None}",0.6021746608635826,0.581063074976422,0.5916188679200023,0.010555792943580333,45,0.6082857142857143,0.6021739130434782,0.6052298136645963,0.003055900621118046,47,0.6058823529411764,0.591715976331361,0.5987991646362687,0.007083188304907728,41
0.004015922546386719,1.1682510375976562e-05,0.007417082786560059,1.2040138244628906e-05,,,0.9,eigen,True,0.0001,,,"{'balance': None, 'classify__n_components': None, 'classify__shrinkage': 0.9, 'classify__solver': 'eigen', 'classify__store_covariance': True, 'classify__tol': 0.0001, 'select': None, 'transform': None}",0.6021746608635826,0.581063074976422,0.5916188679200023,0.010555792943580333,45,0.6082857142857143,0.6021739130434782,0.6052298136645963,0.003055900621118046,47,0.6058823529411764,0.591715976331361,0.5987991646362687,0.007083188304907728,41
0.004043459892272949,2.4199485778808594e-05,0.007415056228637695,6.937980651855469e-05,,1,0.9,eigen,True,0.0001,,,"{'balance': None, 'classify__n_components': 1, 'classify__shrinkage': 0.9, 'classify__solver': 'eigen', 'classify__store_covariance': True, 'classify__tol': 0.0001, 'select': None, 'transform': None}",0.6021746608635826,0.581063074976422,0.5916188679200023,0.010555792943580333,45,0.6082857142857143,0.6021739130434782,0.6052298136645963,0.003055900621118046,47,0.6058823529411764,0.591715976331361,0.5987991646362687,0.007083188304907728,41
0.0034513473510742188,9.5367431640625e-07,0.007383823394775391,2.9802322387695312e-05,,1,0.9,lsqr,True,0.0001,,,"{'balance': None, 'classify__n_components': 1, 'classify__shrinkage': 0.9, 'classify__solver': 'lsqr', 'classify__store_covariance': True, 'classify__tol': 0.0001, 'select': None, 'transform': None}",0.6021746608635826,0.581063074976422,0.5916188679200023,0.010555792943580333,45,0.6082857142857143,0.6021739130434782,0.6052298136645963,0.003055900621118046,47,0.6058823529411764,0.591715976331361,0.5987991646362687,0.007083188304907728,41
0.003933310508728027,0.00028192996978759766,0.005252838134765625,0.0001850128173828125,,1,,svd,True,0.0001,,,"{'balance': None, 'classify__n_components': 1, 'classify__shrinkage': None, 'classify__solver': 'svd', 'classify__store_covariance': True, 'classify__tol': 0.0001, 'select': None, 'transform': None}",0.5990816472951643,0.5783179979466451,0.5886998226209047,0.010381824674259632,49,0.6317142857142857,0.5995652173913044,0.615639751552795,0.016074534161490628,41,0.6,0.5798816568047337,0.5899408284023668,0.010059171597633143,49
0.0038188695907592773,4.589557647705078e-05,0.007403731346130371,4.172325134277344e-06,,,,svd,True,0.0001,,,"{'balance': None, 'classify__n_components': None, 'classify__shrinkage': None, 'classify__solver': 'svd', 'classify__store_covariance': True, 'classify__tol': 0.0001, 'select': None, 'transform': None}",0.5990816472951643,0.5783179979466451,0.5886998226209047,0.010381824674259632,49,0.6317142857142857,0.5995652173913044,0.615639751552795,0.016074534161490628,41,0.6,0.5798816568047337,0.5899408284023668,0.010059171597633143,49
0.003913402557373047,1.8596649169921875e-05,0.008230924606323242,0.0008842945098876953,,1,1.0,eigen,True,0.0001,,,"{'balance': None, 'classify__n_components': 1, 'classify__shrinkage': 1.0, 'classify__solver': 'eigen', 'classify__store_covariance': True, 'classify__tol': 0.0001, 'select': None, 'transform': None}",0.592672810377612,0.56573470071293,0.5792037555452709,0.01346905483234101,51,0.5984285714285714,0.5953623188405798,0.5968954451345756,0.0015331262939958235,51,0.5941176470588235,0.5739644970414202,0.5840410720501219,0.010076575008701683,51
0.0031450986862182617,1.800060272216797e-05,0.007402896881103516,5.6743621826171875e-05,,1,1.0,lsqr,True,0.0001,,,"{'balance': None, 'classify__n_components': 1, 'classify__shrinkage': 1.0, 'classify__solver': 'lsqr', 'classify__store_covariance': True, 'classify__tol': 0.0001, 'select': None, 'transform': None}",0.592672810377612,0.56573470071293,0.5792037555452709,0.01346905483234101,51,0.5984285714285714,0.5953623188405798,0.5968954451345756,0.0015331262939958235,51,0.5941176470588235,0.5739644970414202,0.5840410720501219,0.010076575008701683,51
0.003161787986755371,6.556510925292969e-06,0.007524967193603516,9.179115295410156e-05,,,1.0,lsqr,True,0.0001,,,"{'balance': None, 'classify__n_components': None, 'classify__shrinkage': 1.0, 'classify__solver': 'lsqr', 'classify__store_covariance': True, 'classify__tol': 0.0001, 'select': None, 'transform': None}",0.592672810377612,0.56573470071293,0.5792037555452709,0.01346905483234101,51,0.5984285714285714,0.5953623188405798,0.5968954451345756,0.0015331262939958235,51,0.5941176470588235,0.5739644970414202,0.5840410720501219,0.010076575008701683,51
0.00389862060546875,3.552436828613281e-05,0.00789642333984375,0.00023031234741210938,,,1.0,eigen,True,0.0001,,,"{'balance': None, 'classify__n_components': None, 'classify__shrinkage': 1.0, 'classify__solver': 'eigen', 'classify__store_covariance': True, 'classify__tol': 0.0001, 'select': None, 'transform': None}",0.592672810377612,0.56573470071293,0.5792037555452709,0.01346905483234101,51,0.5984285714285714,0.5953623188405798,0.5968954451345756,0.0015331262939958235,51,0.5941176470588235,0.5739644970414202,0.5840410720501219,0.010076575008701683,51
0.0013735294342041016,3.695487976074219e-05,0.0,0.0,,1,0.4,svd,True,0.0001,,,"{'balance': None, 'classify__n_components': 1, 'classify__shrinkage': 0.4, 'classify__solver': 'svd', 'classify__store_covariance': True, 'classify__tol': 0.0001, 'select': None, 'transform': None}",,,,,55,,,,,55,,,,,55
0.001347661018371582,1.1801719665527344e-05,0.0,0.0,,1,0.1,svd,True,0.0001,,,"{'balance': None, 'classify__n_components': 1, 'classify__shrinkage': 0.1, 'classify__solver': 'svd', 'classify__store_covariance': True, 'classify__tol': 0.0001, 'select': None, 'transform': None}",,,,,55,,,,,55,,,,,55
0.003949403762817383,0.0025320053100585938,0.0,0.0,,1,0.8,svd,True,0.0001,,,"{'balance': None, 'classify__n_components': 1, 'classify__shrinkage': 0.8, 'classify__solver': 'svd', 'classify__store_covariance': True, 'classify__tol': 0.0001, 'select': None, 'transform': None}",,,,,55,,,,,55,,,,,55
0.0013349056243896484,7.3909759521484375e-06,0.0,0.0,,1,0.7,svd,True,0.0001,,,"{'balance': None, 'classify__n_components': 1, 'classify__shrinkage': 0.7, 'classify__solver': 'svd', 'classify__store_covariance': True, 'classify__tol': 0.0001, 'select': None, 'transform': None}",,,,,55,,,,,55,,,,,55
0.0013185739517211914,2.9802322387695312e-06,0.0,0.0,,1,0.6,svd,True,0.0001,,,"{'balance': None, 'classify__n_components': 1, 'classify__shrinkage': 0.6, 'classify__solver': 'svd', 'classify__store_covariance': True, 'classify__tol': 0.0001, 'select': None, 'transform': None}",,,,,55,,,,,55,,,,,55
0.001305222511291504,1.3709068298339844e-05,0.0,0.0,,1,0.5,svd,True,0.0001,,,"{'balance': None, 'classify__n_components': 1, 'classify__shrinkage': 0.5, 'classify__solver': 'svd', 'classify__store_covariance': True, 'classify__tol': 0.0001, 'select': None, 'transform': None}",,,,,55,,,,,55,,,,,55
0.0016531944274902344,8.463859558105469e-05,0.0,0.0,,1,0.0,svd,True,0.0001,,,"{'balance': None, 'classify__n_components': 1, 'classify__shrinkage': 0.0, 'classify__solver': 'svd', 'classify__store_covariance': True, 'classify__tol': 0.0001, 'select': None, 'transform': None}",,,,,55,,,,,55,,,,,55
0.0009698867797851562,8.249282836914062e-05,0.0,0.0,,1,auto,svd,True,0.0001,,,"{'balance': None, 'classify__n_components': 1, 'classify__shrinkage': 'auto', 'classify__solver': 'svd', 'classify__store_covariance': True, 'classify__tol': 0.0001, 'select': None, 'transform': None}",,,,,55,,,,,55,,,,,55
0.0014351606369018555,6.091594696044922e-05,0.0,0.0,,1,0.2,svd,True,0.0001,,,"{'balance': None, 'classify__n_components': 1, 'classify__shrinkage': 0.2, 'classify__solver': 'svd', 'classify__store_covariance': True, 'classify__tol': 0.0001, 'select': None, 'transform': None}",,,,,55,,,,,55,,,,,55
0.0013304948806762695,1.3470649719238281e-05,0.0,0.0,,1,0.3,svd,True,0.0001,,,"{'balance': None, 'classify__n_components': 1, 'classify__shrinkage': 0.3, 'classify__solver': 'svd', 'classify__store_covariance': True, 'classify__tol': 0.0001, 'select': None, 'transform': None}",,,,,55,,,,,55,,,,,55
0.0013194084167480469,2.1457672119140625e-06,0.0,0.0,,,0.6,svd,True,0.0001,,,"{'balance': None, 'classify__n_components': None, 'classify__shrinkage': 0.6, 'classify__solver': 'svd', 'classify__store_covariance': True, 'classify__tol': 0.0001, 'select': None, 'transform': None}",,,,,55,,,,,55,,,,,55
0.0013446807861328125,1.7404556274414062e-05,0.0,0.0,,,0.5,svd,True,0.0001,,,"{'balance': None, 'classify__n_components': None, 'classify__shrinkage': 0.5, 'classify__solver': 'svd', 'classify__store_covariance': True, 'classify__tol': 0.0001, 'select': None, 'transform': None}",,,,,55,,,,,55,,,,,55
0.0013375282287597656,1.3828277587890625e-05,0.0,0.0,,,0.4,svd,True,0.0001,,,"{'balance': None, 'classify__n_components': None, 'classify__shrinkage': 0.4, 'classify__solver': 'svd', 'classify__store_covariance': True, 'classify__tol': 0.0001, 'select': None, 'transform': None}",,,,,55,,,,,55,,,,,55
0.0014432668685913086,2.8014183044433594e-05,0.0,0.0,,,0.3,svd,True,0.0001,,,"{'balance': None, 'classify__n_components': None, 'classify__shrinkage': 0.3, 'classify__solver': 'svd', 'classify__store_covariance': True, 'classify__tol': 0.0001, 'select': None, 'transform': None}",,,,,55,,,,,55,,,,,55
0.0013167858123779297,2.384185791015625e-07,0.0,0.0,,,0.2,svd,True,0.0001,,,"{'balance': None, 'classify__n_components': None, 'classify__shrinkage': 0.2, 'classify__solver': 'svd', 'classify__store_covariance': True, 'classify__tol': 0.0001, 'select': None, 'transform': None}",,,,,55,,,,,55,,,,,55
0.0013099908828735352,4.887580871582031e-06,0.0,0.0,,,0.1,svd,True,0.0001,,,"{'balance': None, 'classify__n_components': None, 'classify__shrinkage': 0.1, 'classify__solver': 'svd', 'classify__store_covariance': True, 'classify__tol': 0.0001, 'select': None, 'transform': None}",,,,,55,,,,,55,,,,,55
0.0013252496719360352,2.3484230041503906e-05,0.0,0.0,,,auto,svd,True,0.0001,,,"{'balance': None, 'classify__n_components': None, 'classify__shrinkage': 'auto', 'classify__solver': 'svd', 'classify__store_covariance': True, 'classify__tol': 0.0001, 'select': None, 'transform': None}",,,,,55,,,,,55,,,,,55
0.001345992088317871,2.2292137145996094e-05,0.0,0.0,,,0.0,svd,True,0.0001,,,"{'balance': None, 'classify__n_components': None, 'classify__shrinkage': 0.0, 'classify__solver': 'svd', 'classify__store_covariance': True, 'classify__tol': 0.0001, 'select': None, 'transform': None}",,,,,55,,,,,55,,,,,55
0.0013232231140136719,8.106231689453125e-06,0.0,0.0,,1,1.0,svd,True,0.0001,,,"{'balance': None, 'classify__n_components': 1, 'classify__shrinkage': 1.0, 'classify__solver': 'svd', 'classify__store_covariance': True, 'classify__tol': 0.0001, 'select': None, 'transform': None}",,,,,55,,,,,55,,,,,55
0.0013295412063598633,9.417533874511719e-06,0.0,0.0,,1,0.9,svd,True,0.0001,,,"{'balance': None, 'classify__n_components': 1, 'classify__shrinkage': 0.9, 'classify__solver': 'svd', 'classify__store_covariance': True, 'classify__tol': 0.0001, 'select': None, 'transform': None}",,,,,55,,,,,55,,,,,55
0.0013136863708496094,0.0,0.0,0.0,,,0.8,svd,True,0.0001,,,"{'balance': None, 'classify__n_components': None, 'classify__shrinkage': 0.8, 'classify__solver': 'svd', 'classify__store_covariance': True, 'classify__tol': 0.0001, 'select': None, 'transform': None}",,,,,55,,,,,55,,,,,55
0.0013138055801391602,7.033348083496094e-06,0.0,0.0,,,0.7,svd,True,0.0001,,,"{'balance': None, 'classify__n_components': None, 'classify__shrinkage': 0.7, 'classify__solver': 'svd', 'classify__store_covariance': True, 'classify__tol': 0.0001, 'select': None, 'transform': None}",,,,,55,,,,,55,,,,,55
0.0013070106506347656,7.62939453125e-06,0.0,0.0,,,1.0,svd,True,0.0001,,,"{'balance': None, 'classify__n_components': None, 'classify__shrinkage': 1.0, 'classify__solver': 'svd', 'classify__store_covariance': True, 'classify__tol': 0.0001, 'select': None, 'transform': None}",,,,,55,,,,,55,,,,,55
0.001317143440246582,2.7418136596679688e-06,0.0,0.0,,,0.9,svd,True,0.0001,,,"{'balance': None, 'classify__n_components': None, 'classify__shrinkage': 0.9, 'classify__solver': 'svd', 'classify__store_covariance': True, 'classify__tol': 0.0001, 'select': None, 'transform': None}",,,,,55,,,,,55,,,,,55
0.0022689104080200195,0.001483321189880371,0.0,0.0,RandomUnderSampler(random_state=42),1,,svd,True,0.0001,,,"{'balance': RandomUnderSampler(random_state=42), 'classify__n_components': 1, 'classify__shrinkage': None, 'classify__solver': 'svd', 'classify__store_covariance': True, 'classify__tol': 0.0001, 'select': None, 'transform': None}",,,,,55,,,,,55,,,,,55
0.0007600784301757812,3.8623809814453125e-05,0.0,0.0,RandomUnderSampler(random_state=42),1,,lsqr,True,0.0001,,,"{'balance': RandomUnderSampler(random_state=42), 'classify__n_components': 1, 'classify__shrinkage': None, 'classify__solver': 'lsqr', 'classify__store_covariance': True, 'classify__tol': 0.0001, 'select': None, 'transform': None}",,,,,55,,,,,55,,,,,55
0.0013217926025390625,0.0006072521209716797,0.0,0.0,RandomUnderSampler(random_state=42),1,,eigen,True,0.0001,,,"{'balance': RandomUnderSampler(random_state=42), 'classify__n_components': 1, 'classify__shrinkage': None, 'classify__solver': 'eigen', 'classify__store_covariance': True, 'classify__tol': 0.0001, 'select': None, 'transform': None}",,,,,55,,,,,55,,,,,55
0.0006982088088989258,1.3709068298339844e-05,0.0,0.0,RandomUnderSampler(random_state=42),1,auto,svd,True,0.0001,,,"{'balance': RandomUnderSampler(random_state=42), 'classify__n_components': 1, 'classify__shrinkage': 'auto', 'classify__solver': 'svd', 'classify__store_covariance': True, 'classify__tol': 0.0001, 'select': None, 'transform': None}",,,,,55,,,,,55,,,,,55
0.0010086297988891602,0.0002981424331665039,0.0,0.0,RandomUnderSampler(random_state=42),1,auto,lsqr,True,0.0001,,,"{'balance': RandomUnderSampler(random_state=42), 'classify__n_components': 1, 'classify__shrinkage': 'auto', 'classify__solver': 'lsqr', 'classify__store_covariance': True, 'classify__tol': 0.0001, 'select': None, 'transform': None}",,,,,55,,,,,55,,,,,55
0.0007076263427734375,7.3909759521484375e-06,0.0,0.0,RandomUnderSampler(random_state=42),1,auto,eigen,True,0.0001,,,"{'balance': RandomUnderSampler(random_state=42), 'classify__n_components': 1, 'classify__shrinkage': 'auto', 'classify__solver': 'eigen', 'classify__store_covariance': True, 'classify__tol': 0.0001, 'select': None, 'transform': None}",,,,,55,,,,,55,,,,,55
0.0006725788116455078,3.0994415283203125e-06,0.0,0.0,RandomUnderSampler(random_state=42),1,0.0,svd,True,0.0001,,,"{'balance': RandomUnderSampler(random_state=42), 'classify__n_components': 1, 'classify__shrinkage': 0.0, 'classify__solver': 'svd', 'classify__store_covariance': True, 'classify__tol': 0.0001, 'select': None, 'transform': None}",,,,,55,,,,,55,,,,,55
0.0006746053695678711,4.172325134277344e-06,0.0,0.0,RandomUnderSampler(random_state=42),1,0.0,lsqr,True,0.0001,,,"{'balance': RandomUnderSampler(random_state=42), 'classify__n_components': 1, 'classify__shrinkage': 0.0, 'classify__solver': 'lsqr', 'classify__store_covariance': True, 'classify__tol': 0.0001, 'select': None, 'transform': None}",,,,,55,,,,,55,,,,,55
0.0007718801498413086,2.014636993408203e-05,0.0,0.0,RandomUnderSampler(random_state=42),1,0.0,eigen,True,0.0001,,,"{'balance': RandomUnderSampler(random_state=42), 'classify__n_components': 1, 'classify__shrinkage': 0.0, 'classify__solver': 'eigen', 'classify__store_covariance': True, 'classify__tol': 0.0001, 'select': None, 'transform': None}",,,,,55,,,,,55,,,,,55
0.0006861686706542969,5.7220458984375e-06,0.0,0.0,RandomUnderSampler(random_state=42),1,0.1,svd,True,0.0001,,,"{'balance': RandomUnderSampler(random_state=42), 'classify__n_components': 1, 'classify__shrinkage': 0.1, 'classify__solver': 'svd', 'classify__store_covariance': True, 'classify__tol': 0.0001, 'select': None, 'transform': None}",,,,,55,,,,,55,,,,,55
0.0006661415100097656,5.0067901611328125e-06,0.0,0.0,RandomUnderSampler(random_state=42),1,0.1,lsqr,True,0.0001,,,"{'balance': RandomUnderSampler(random_state=42), 'classify__n_components': 1, 'classify__shrinkage': 0.1, 'classify__solver': 'lsqr', 'classify__store_covariance': True, 'classify__tol': 0.0001, 'select': None, 'transform': None}",,,,,55,,,,,55,,,,,55
0.0006605386734008789,8.463859558105469e-06,0.0,0.0,RandomUnderSampler(random_state=42),1,0.1,eigen,True,0.0001,,,"{'balance': RandomUnderSampler(random_state=42), 'classify__n_components': 1, 'classify__shrinkage': 0.1, 'classify__solver': 'eigen', 'classify__store_covariance': True, 'classify__tol': 0.0001, 'select': None, 'transform': None}",,,,,55,,,,,55,,,,,55
0.0006562471389770508,8.702278137207031e-06,0.0,0.0,RandomUnderSampler(random_state=42),1,0.2,svd,True,0.0001,,,"{'balance': RandomUnderSampler(random_state=42), 'classify__n_components': 1, 'classify__shrinkage': 0.2, 'classify__solver': 'svd', 'classify__store_covariance': True, 'classify__tol': 0.0001, 'select': None, 'transform': None}",,,,,55,,,,,55,,,,,55
0.0006566047668457031,8.344650268554688e-06,0.0,0.0,RandomUnderSampler(random_state=42),1,0.2,lsqr,True,0.0001,,,"{'balance': RandomUnderSampler(random_state=42), 'classify__n_components': 1, 'classify__shrinkage': 0.2, 'classify__solver': 'lsqr', 'classify__store_covariance': True, 'classify__tol': 0.0001, 'select': None, 'transform': None}",,,,,55,,,,,55,,,,,55
0.0006601810455322266,2.86102294921875e-06,0.0,0.0,RandomUnderSampler(random_state=42),1,0.2,eigen,True,0.0001,,,"{'balance': RandomUnderSampler(random_state=42), 'classify__n_components': 1, 'classify__shrinkage': 0.2, 'classify__solver': 'eigen', 'classify__store_covariance': True, 'classify__tol': 0.0001, 'select': None, 'transform': None}",,,,,55,,,,,55,,,,,55
0.0006597042083740234,1.1444091796875e-05,0.0,0.0,RandomUnderSampler(random_state=42),1,0.3,svd,True,0.0001,,,"{'balance': RandomUnderSampler(random_state=42), 'classify__n_components': 1, 'classify__shrinkage': 0.3, 'classify__solver': 'svd', 'classify__store_covariance': True, 'classify__tol': 0.0001, 'select': None, 'transform': None}",,,,,55,,,,,55,,,,,55
0.0007338523864746094,0.0,0.0,0.0,RandomUnderSampler(random_state=42),1,0.3,lsqr,True,0.0001,,,"{'balance': RandomUnderSampler(random_state=42), 'classify__n_components': 1, 'classify__shrinkage': 0.3, 'classify__solver': 'lsqr', 'classify__store_covariance': True, 'classify__tol': 0.0001, 'select': None, 'transform': None}",,,,,55,,,,,55,,,,,55
0.0007109642028808594,2.1219253540039062e-05,0.0,0.0,RandomUnderSampler(random_state=42),1,0.3,eigen,True,0.0001,,,"{'balance': RandomUnderSampler(random_state=42), 'classify__n_components': 1, 'classify__shrinkage': 0.3, 'classify__solver': 'eigen', 'classify__store_covariance': True, 'classify__tol': 0.0001, 'select': None, 'transform': None}",,,,,55,,,,,55,,,,,55
0.001948714256286621,0.0012351274490356445,0.0,0.0,RandomUnderSampler(random_state=42),1,0.4,svd,True,0.0001,,,"{'balance': RandomUnderSampler(random_state=42), 'classify__n_components': 1, 'classify__shrinkage': 0.4, 'classify__solver': 'svd', 'classify__store_covariance': True, 'classify__tol': 0.0001, 'select': None, 'transform': None}",,,,,55,,,,,55,,,,,55
0.0016096830368041992,0.0009034872055053711,0.0,0.0,RandomUnderSampler(random_state=42),1,0.4,lsqr,True,0.0001,,,"{'balance': RandomUnderSampler(random_state=42), 'classify__n_components': 1, 'classify__shrinkage': 0.4, 'classify__solver': 'lsqr', 'classify__store_covariance': True, 'classify__tol': 0.0001, 'select': None, 'transform': None}",,,,,55,,,,,55,,,,,55
0.0006809234619140625,9.5367431640625e-07,0.0,0.0,RandomUnderSampler(random_state=42),1,0.4,eigen,True,0.0001,,,"{'balance': RandomUnderSampler(random_state=42), 'classify__n_components': 1, 'classify__shrinkage': 0.4, 'classify__solver': 'eigen', 'classify__store_covariance': True, 'classify__tol': 0.0001, 'select': None, 'transform': None}",,,,,55,,,,,55,,,,,55
0.000666499137878418,7.033348083496094e-06,0.0,0.0,RandomUnderSampler(random_state=42),1,0.5,svd,True,0.0001,,,"{'balance': RandomUnderSampler(random_state=42), 'classify__n_components': 1, 'classify__shrinkage': 0.5, 'classify__solver': 'svd', 'classify__store_covariance': True, 'classify__tol': 0.0001, 'select': None, 'transform': None}",,,,,55,,,,,55,,,,,55
0.0006728172302246094,4.76837158203125e-07,0.0,0.0,RandomUnderSampler(random_state=42),1,0.5,lsqr,True,0.0001,,,"{'balance': RandomUnderSampler(random_state=42), 'classify__n_components': 1, 'classify__shrinkage': 0.5, 'classify__solver': 'lsqr', 'classify__store_covariance': True, 'classify__tol': 0.0001, 'select': None, 'transform': None}",,,,,55,,,,,55,,,,,55
0.0006593465805053711,6.318092346191406e-06,0.0,0.0,RandomUnderSampler(random_state=42),1,0.5,eigen,True,0.0001,,,"{'balance': RandomUnderSampler(random_state=42), 'classify__n_components': 1, 'classify__shrinkage': 0.5, 'classify__solver': 'eigen', 'classify__store_covariance': True, 'classify__tol': 0.0001, 'select': None, 'transform': None}",,,,,55,,,,,55,,,,,55
0.0006924867630004883,1.7523765563964844e-05,0.0,0.0,RandomUnderSampler(random_state=42),1,0.6,svd,True,0.0001,,,"{'balance': RandomUnderSampler(random_state=42), 'classify__n_components': 1, 'classify__shrinkage': 0.6, 'classify__solver': 'svd', 'classify__store_covariance': True, 'classify__tol': 0.0001, 'select': None, 'transform': None}",,,,,55,,,,,55,,,,,55
0.0006886720657348633,3.254413604736328e-05,0.0,0.0,RandomUnderSampler(random_state=42),1,0.6,lsqr,True,0.0001,,,"{'balance': RandomUnderSampler(random_state=42), 'classify__n_components': 1, 'classify__shrinkage': 0.6, 'classify__solver': 'lsqr', 'classify__store_covariance': True, 'classify__tol': 0.0001, 'select': None, 'transform': None}",,,,,55,,,,,55,,,,,55
0.0006560087203979492,2.2649765014648438e-06,0.0,0.0,RandomUnderSampler(random_state=42),1,0.6,eigen,True,0.0001,,,"{'balance': RandomUnderSampler(random_state=42), 'classify__n_components': 1, 'classify__shrinkage': 0.6, 'classify__solver': 'eigen', 'classify__store_covariance': True, 'classify__tol': 0.0001, 'select': None, 'transform': None}",,,,,55,,,,,55,,,,,55
0.0006470680236816406,1.0013580322265625e-05,0.0,0.0,RandomUnderSampler(random_state=42),1,0.7,svd,True,0.0001,,,"{'balance': RandomUnderSampler(random_state=42), 'classify__n_components': 1, 'classify__shrinkage': 0.7, 'classify__solver': 'svd', 'classify__store_covariance': True, 'classify__tol': 0.0001, 'select': None, 'transform': None}",,,,,55,,,,,55,,,,,55
0.0006480216979980469,3.814697265625e-06,0.0,0.0,RandomUnderSampler(random_state=42),1,0.7,lsqr,True,0.0001,,,"{'balance': RandomUnderSampler(random_state=42), 'classify__n_components': 1, 'classify__shrinkage': 0.7, 'classify__solver': 'lsqr', 'classify__store_covariance': True, 'classify__tol': 0.0001, 'select': None, 'transform': None}",,,,,55,,,,,55,,,,,55
0.0006445646286010742,7.510185241699219e-06,0.0,0.0,RandomUnderSampler(random_state=42),1,0.7,eigen,True,0.0001,,,"{'balance': RandomUnderSampler(random_state=42), 'classify__n_components': 1, 'classify__shrinkage': 0.7, 'classify__solver': 'eigen', 'classify__store_covariance': True, 'classify__tol': 0.0001, 'select': None, 'transform': None}",,,,,55,,,,,55,,,,,55
0.0006452798843383789,5.602836608886719e-06,0.0,0.0,RandomUnderSampler(random_state=42),1,0.8,svd,True,0.0001,,,"{'balance': RandomUnderSampler(random_state=42), 'classify__n_components': 1, 'classify__shrinkage': 0.8, 'classify__solver': 'svd', 'classify__store_covariance': True, 'classify__tol': 0.0001, 'select': None, 'transform': None}",,,,,55,,,,,55,,,,,55
0.0006481409072875977,1.0728836059570312e-06,0.0,0.0,RandomUnderSampler(random_state=42),1,0.8,lsqr,True,0.0001,,,"{'balance': RandomUnderSampler(random_state=42), 'classify__n_components': 1, 'classify__shrinkage': 0.8, 'classify__solver': 'lsqr', 'classify__store_covariance': True, 'classify__tol': 0.0001, 'select': None, 'transform': None}",,,,,55,,,,,55,,,,,55
0.0007486343383789062,2.193450927734375e-05,0.0,0.0,RandomUnderSampler(random_state=42),1,0.8,eigen,True,0.0001,,,"{'balance': RandomUnderSampler(random_state=42), 'classify__n_components': 1, 'classify__shrinkage': 0.8, 'classify__solver': 'eigen', 'classify__store_covariance': True, 'classify__tol': 0.0001, 'select': None, 'transform': None}",,,,,55,,,,,55,,,,,55
0.0007765293121337891,1.4781951904296875e-05,0.0,0.0,RandomUnderSampler(random_state=42),1,0.9,svd,True,0.0001,,,"{'balance': RandomUnderSampler(random_state=42), 'classify__n_components': 1, 'classify__shrinkage': 0.9, 'classify__solver': 'svd', 'classify__store_covariance': True, 'classify__tol': 0.0001, 'select': None, 'transform': None}",,,,,55,,,,,55,,,,,55
0.0013152360916137695,0.000590205192565918,0.0,0.0,RandomUnderSampler(random_state=42),1,0.9,lsqr,True,0.0001,,,"{'balance': RandomUnderSampler(random_state=42), 'classify__n_components': 1, 'classify__shrinkage': 0.9, 'classify__solver': 'lsqr', 'classify__store_covariance': True, 'classify__tol': 0.0001, 'select': None, 'transform': None}",,,,,55,,,,,55,,,,,55
0.0006968975067138672,5.7220458984375e-06,0.0,0.0,RandomUnderSampler(random_state=42),1,0.9,eigen,True,0.0001,,,"{'balance': RandomUnderSampler(random_state=42), 'classify__n_components': 1, 'classify__shrinkage': 0.9, 'classify__solver': 'eigen', 'classify__store_covariance': True, 'classify__tol': 0.0001, 'select': None, 'transform': None}",,,,,55,,,,,55,,,,,55
0.0006864070892333984,2.6226043701171875e-06,0.0,0.0,RandomUnderSampler(random_state=42),1,1.0,svd,True,0.0001,,,"{'balance': RandomUnderSampler(random_state=42), 'classify__n_components': 1, 'classify__shrinkage': 1.0, 'classify__solver': 'svd', 'classify__store_covariance': True, 'classify__tol': 0.0001, 'select': None, 'transform': None}",,,,,55,,,,,55,,,,,55
0.0007001161575317383,5.364418029785156e-06,0.0,0.0,RandomUnderSampler(random_state=42),1,1.0,lsqr,True,0.0001,,,"{'balance': RandomUnderSampler(random_state=42), 'classify__n_components': 1, 'classify__shrinkage': 1.0, 'classify__solver': 'lsqr', 'classify__store_covariance': True, 'classify__tol': 0.0001, 'select': None, 'transform': None}",,,,,55,,,,,55,,,,,55
0.0006785392761230469,9.298324584960938e-06,0.0,0.0,RandomUnderSampler(random_state=42),1,1.0,eigen,True,0.0001,,,"{'balance': RandomUnderSampler(random_state=42), 'classify__n_components': 1, 'classify__shrinkage': 1.0, 'classify__solver': 'eigen', 'classify__store_covariance': True, 'classify__tol': 0.0001, 'select': None, 'transform': None}",,,,,55,,,,,55,,,,,55
0.0006718635559082031,9.5367431640625e-07,0.0,0.0,RandomUnderSampler(random_state=42),,,svd,True,0.0001,,,"{'balance': RandomUnderSampler(random_state=42), 'classify__n_components': None, 'classify__shrinkage': None, 'classify__solver': 'svd', 'classify__store_covariance': True, 'classify__tol': 0.0001, 'select': None, 'transform': None}",,,,,55,,,,,55,,,,,55
0.0008889436721801758,8.594989776611328e-05,0.0,0.0,RandomUnderSampler(random_state=42),,,lsqr,True,0.0001,,,"{'balance': RandomUnderSampler(random_state=42), 'classify__n_components': None, 'classify__shrinkage': None, 'classify__solver': 'lsqr', 'classify__store_covariance': True, 'classify__tol': 0.0001, 'select': None, 'transform': None}",,,,,55,,,,,55,,,,,55
0.0010100603103637695,0.0001729726791381836,0.0,0.0,RandomUnderSampler(random_state=42),,,eigen,True,0.0001,,,"{'balance': RandomUnderSampler(random_state=42), 'classify__n_components': None, 'classify__shrinkage': None, 'classify__solver': 'eigen', 'classify__store_covariance': True, 'classify__tol': 0.0001, 'select': None, 'transform': None}",,,,,55,,,,,55,,,,,55
0.000661015510559082,1.2278556823730469e-05,0.0,0.0,RandomUnderSampler(random_state=42),,auto,svd,True,0.0001,,,"{'balance': RandomUnderSampler(random_state=42), 'classify__n_components': None, 'classify__shrinkage': 'auto', 'classify__solver': 'svd', 'classify__store_covariance': True, 'classify__tol': 0.0001, 'select': None, 'transform': None}",,,,,55,,,,,55,,,,,55
0.0006669759750366211,3.7789344787597656e-05,0.0,0.0,RandomUnderSampler(random_state=42),,auto,lsqr,True,0.0001,,,"{'balance': RandomUnderSampler(random_state=42), 'classify__n_components': None, 'classify__shrinkage': 'auto', 'classify__solver': 'lsqr', 'classify__store_covariance': True, 'classify__tol': 0.0001, 'select': None, 'transform': None}",,,,,55,,,,,55,,,,,55
0.0006260871887207031,5.435943603515625e-05,0.0,0.0,RandomUnderSampler(random_state=42),,auto,eigen,True,0.0001,,,"{'balance': RandomUnderSampler(random_state=42), 'classify__n_components': None, 'classify__shrinkage': 'auto', 'classify__solver': 'eigen', 'classify__store_covariance': True, 'classify__tol': 0.0001, 'select': None, 'transform': None}",,,,,55,,,,,55,,,,,55
0.0006135702133178711,3.3736228942871094e-05,0.0,0.0,RandomUnderSampler(random_state=42),,0.0,svd,True,0.0001,,,"{'balance': RandomUnderSampler(random_state=42), 'classify__n_components': None, 'classify__shrinkage': 0.0, 'classify__solver': 'svd', 'classify__store_covariance': True, 'classify__tol': 0.0001, 'select': None, 'transform': None}",,,,,55,,,,,55,,,,,55
0.0005793571472167969,5.555152893066406e-05,0.0,0.0,RandomUnderSampler(random_state=42),,0.0,lsqr,True,0.0001,,,"{'balance': RandomUnderSampler(random_state=42), 'classify__n_components': None, 'classify__shrinkage': 0.0, 'classify__solver': 'lsqr', 'classify__store_covariance': True, 'classify__tol': 0.0001, 'select': None, 'transform': None}",,,,,55,,,,,55,,,,,55
0.0005064010620117188,4.601478576660156e-05,0.0,0.0,RandomUnderSampler(random_state=42),,0.0,eigen,True,0.0001,,,"{'balance': RandomUnderSampler(random_state=42), 'classify__n_components': None, 'classify__shrinkage': 0.0, 'classify__solver': 'eigen', 'classify__store_covariance': True, 'classify__tol': 0.0001, 'select': None, 'transform': None}",,,,,55,,,,,55,,,,,55
0.0007992982864379883,0.00026977062225341797,0.0,0.0,RandomUnderSampler(random_state=42),,0.1,svd,True,0.0001,,,"{'balance': RandomUnderSampler(random_state=42), 'classify__n_components': None, 'classify__shrinkage': 0.1, 'classify__solver': 'svd', 'classify__store_covariance': True, 'classify__tol': 0.0001, 'select': None, 'transform': None}",,,,,55,,,,,55,,,,,55
0.00045943260192871094,1.0728836059570312e-05,0.0,0.0,RandomUnderSampler(random_state=42),,0.1,lsqr,True,0.0001,,,"{'balance': RandomUnderSampler(random_state=42), 'classify__n_components': None, 'classify__shrinkage': 0.1, 'classify__solver': 'lsqr', 'classify__store_covariance': True, 'classify__tol': 0.0001, 'select': None, 'transform': None}",,,,,55,,,,,55,,,,,55
0.00041544437408447266,3.4570693969726562e-06,0.0,0.0,RandomUnderSampler(random_state=42),,0.1,eigen,True,0.0001,,,"{'balance': RandomUnderSampler(random_state=42), 'classify__n_components': None, 'classify__shrinkage': 0.1, 'classify__solver': 'eigen', 'classify__store_covariance': True, 'classify__tol': 0.0001, 'select': None, 'transform': None}",,,,,55,,,,,55,,,,,55
0.00041484832763671875,9.775161743164062e-06,0.0,0.0,RandomUnderSampler(random_state=42),,0.2,svd,True,0.0001,,,"{'balance': RandomUnderSampler(random_state=42), 'classify__n_components': None, 'classify__shrinkage': 0.2, 'classify__solver': 'svd', 'classify__store_covariance': True, 'classify__tol': 0.0001, 'select': None, 'transform': None}",,,,,55,,,,,55,,,,,55
0.0004216432571411133,1.2516975402832031e-05,0.0,0.0,RandomUnderSampler(random_state=42),,0.2,lsqr,True,0.0001,,,"{'balance': RandomUnderSampler(random_state=42), 'classify__n_components': None, 'classify__shrinkage': 0.2, 'classify__solver': 'lsqr', 'classify__store_covariance': True, 'classify__tol': 0.0001, 'select': None, 'transform': None}",,,,,55,,,,,55,,,,,55
0.0004265308380126953,4.76837158203125e-06,0.0,0.0,RandomUnderSampler(random_state=42),,0.2,eigen,True,0.0001,,,"{'balance': RandomUnderSampler(random_state=42), 'classify__n_components': None, 'classify__shrinkage': 0.2, 'classify__solver': 'eigen', 'classify__store_covariance': True, 'classify__tol': 0.0001, 'select': None, 'transform': None}",,,,,55,,,,,55,,,,,55
0.00040471553802490234,1.0132789611816406e-05,0.0,0.0,RandomUnderSampler(random_state=42),,0.3,svd,True,0.0001,,,"{'balance': RandomUnderSampler(random_state=42), 'classify__n_components': None, 'classify__shrinkage': 0.3, 'classify__solver': 'svd', 'classify__store_covariance': True, 'classify__tol': 0.0001, 'select': None, 'transform': None}",,,,,55,,,,,55,,,,,55
0.00041294097900390625,3.814697265625e-06,0.0,0.0,RandomUnderSampler(random_state=42),,0.3,lsqr,True,0.0001,,,"{'balance': RandomUnderSampler(random_state=42), 'classify__n_components': None, 'classify__shrinkage': 0.3, 'classify__solver': 'lsqr', 'classify__store_covariance': True, 'classify__tol': 0.0001, 'select': None, 'transform': None}",,,,,55,,,,,55,,,,,55
0.00040221214294433594,1.430511474609375e-05,0.0,0.0,RandomUnderSampler(random_state=42),,0.3,eigen,True,0.0001,,,"{'balance': RandomUnderSampler(random_state=42), 'classify__n_components': None, 'classify__shrinkage': 0.3, 'classify__solver': 'eigen', 'classify__store_covariance': True, 'classify__tol': 0.0001, 'select': None, 'transform': None}",,,,,55,,,,,55,,,,,55
0.0003972053527832031,7.152557373046875e-06,0.0,0.0,RandomUnderSampler(random_state=42),,0.4,svd,True,0.0001,,,"{'balance': RandomUnderSampler(random_state=42), 'classify__n_components': None, 'classify__shrinkage': 0.4, 'classify__solver': 'svd', 'classify__store_covariance': True, 'classify__tol': 0.0001, 'select': None, 'transform': None}",,,,,55,,,,,55,,,,,55
0.00042617321014404297,1.7881393432617188e-06,0.0,0.0,RandomUnderSampler(random_state=42),,0.4,lsqr,True,0.0001,,,"{'balance': RandomUnderSampler(random_state=42), 'classify__n_components': None, 'classify__shrinkage': 0.4, 'classify__solver': 'lsqr', 'classify__store_covariance': True, 'classify__tol': 0.0001, 'select': None, 'transform': None}",,,,,55,,,,,55,,,,,55
0.00041794776916503906,1.5735626220703125e-05,0.0,0.0,RandomUnderSampler(random_state=42),,0.4,eigen,True,0.0001,,,"{'balance': RandomUnderSampler(random_state=42), 'classify__n_components': None, 'classify__shrinkage': 0.4, 'classify__solver': 'eigen', 'classify__store_covariance': True, 'classify__tol': 0.0001, 'select': None, 'transform': None}",,,,,55,,,,,55,,,,,55
0.00041747093200683594,1.6689300537109375e-06,0.0,0.0,RandomUnderSampler(random_state=42),,0.5,svd,True,0.0001,,,"{'balance': RandomUnderSampler(random_state=42), 'classify__n_components': None, 'classify__shrinkage': 0.5, 'classify__solver': 'svd', 'classify__store_covariance': True, 'classify__tol': 0.0001, 'select': None, 'transform': None}",,,,,55,,,,,55,,,,,55
0.00042557716369628906,4.76837158203125e-07,0.0,0.0,RandomUnderSampler(random_state=42),,0.5,lsqr,True,0.0001,,,"{'balance': RandomUnderSampler(random_state=42), 'classify__n_components': None, 'classify__shrinkage': 0.5, 'classify__solver': 'lsqr', 'classify__store_covariance': True, 'classify__tol': 0.0001, 'select': None, 'transform': None}",,,,,55,,,,,55,,,,,55
0.0003992319107055664,9.655952453613281e-06,0.0,0.0,RandomUnderSampler(random_state=42),,0.5,eigen,True,0.0001,,,"{'balance': RandomUnderSampler(random_state=42), 'classify__n_components': None, 'classify__shrinkage': 0.5, 'classify__solver': 'eigen', 'classify__store_covariance': True, 'classify__tol': 0.0001, 'select': None, 'transform': None}",,,,,55,,,,,55,,,,,55
0.0004146099090576172,1.6689300537109375e-06,0.0,0.0,RandomUnderSampler(random_state=42),,0.6,svd,True,0.0001,,,"{'balance': RandomUnderSampler(random_state=42), 'classify__n_components': None, 'classify__shrinkage': 0.6, 'classify__solver': 'svd', 'classify__store_covariance': True, 'classify__tol': 0.0001, 'select': None, 'transform': None}",,,,,55,,,,,55,,,,,55
0.0008645057678222656,7.462501525878906e-05,0.0,0.0,RandomUnderSampler(random_state=42),,0.6,lsqr,True,0.0001,,,"{'balance': RandomUnderSampler(random_state=42), 'classify__n_components': None, 'classify__shrinkage': 0.6, 'classify__solver': 'lsqr', 'classify__store_covariance': True, 'classify__tol': 0.0001, 'select': None, 'transform': None}",,,,,55,,,,,55,,,,,55
0.00066375732421875,6.604194641113281e-05,0.0,0.0,RandomUnderSampler(random_state=42),,0.6,eigen,True,0.0001,,,"{'balance': RandomUnderSampler(random_state=42), 'classify__n_components': None, 'classify__shrinkage': 0.6, 'classify__solver': 'eigen', 'classify__store_covariance': True, 'classify__tol': 0.0001, 'select': None, 'transform': None}",,,,,55,,,,,55,,,,,55
0.00044608116149902344,1.430511474609375e-06,0.0,0.0,RandomUnderSampler(random_state=42),,0.7,svd,True,0.0001,,,"{'balance': RandomUnderSampler(random_state=42), 'classify__n_components': None, 'classify__shrinkage': 0.7, 'classify__solver': 'svd', 'classify__store_covariance': True, 'classify__tol': 0.0001, 'select': None, 'transform': None}",,,,,55,,,,,55,,,,,55
0.00041663646697998047,5.364418029785156e-06,0.0,0.0,RandomUnderSampler(random_state=42),,0.7,lsqr,True,0.0001,,,"{'balance': RandomUnderSampler(random_state=42), 'classify__n_components': None, 'classify__shrinkage': 0.7, 'classify__solver': 'lsqr', 'classify__store_covariance': True, 'classify__tol': 0.0001, 'select': None, 'transform': None}",,,,,55,,,,,55,,,,,55
0.00039768218994140625,7.867813110351562e-06,0.0,0.0,RandomUnderSampler(random_state=42),,0.7,eigen,True,0.0001,,,"{'balance': RandomUnderSampler(random_state=42), 'classify__n_components': None, 'classify__shrinkage': 0.7, 'classify__solver': 'eigen', 'classify__store_covariance': True, 'classify__tol': 0.0001, 'select': None, 'transform': None}",,,,,55,,,,,55,,,,,55
0.0003947019577026367,1.537799835205078e-05,0.0,0.0,RandomUnderSampler(random_state=42),,0.8,svd,True,0.0001,,,"{'balance': RandomUnderSampler(random_state=42), 'classify__n_components': None, 'classify__shrinkage': 0.8, 'classify__solver': 'svd', 'classify__store_covariance': True, 'classify__tol': 0.0001, 'select': None, 'transform': None}",,,,,55,,,,,55,,,,,55
0.00040459632873535156,1.4543533325195312e-05,0.0,0.0,RandomUnderSampler(random_state=42),,0.8,lsqr,True,0.0001,,,"{'balance': RandomUnderSampler(random_state=42), 'classify__n_components': None, 'classify__shrinkage': 0.8, 'classify__solver': 'lsqr', 'classify__store_covariance': True, 'classify__tol': 0.0001, 'select': None, 'transform': None}",,,,,55,,,,,55,,,,,55
0.0004094839096069336,7.033348083496094e-06,0.0,0.0,RandomUnderSampler(random_state=42),,0.8,eigen,True,0.0001,,,"{'balance': RandomUnderSampler(random_state=42), 'classify__n_components': None, 'classify__shrinkage': 0.8, 'classify__solver': 'eigen', 'classify__store_covariance': True, 'classify__tol': 0.0001, 'select': None, 'transform': None}",,,,,55,,,,,55,,,,,55
0.0004061460494995117,9.417533874511719e-06,0.0,0.0,RandomUnderSampler(random_state=42),,0.9,svd,True,0.0001,,,"{'balance': RandomUnderSampler(random_state=42), 'classify__n_components': None, 'classify__shrinkage': 0.9, 'classify__solver': 'svd', 'classify__store_covariance': True, 'classify__tol': 0.0001, 'select': None, 'transform': None}",,,,,55,,,,,55,,,,,55
0.00042307376861572266,3.933906555175781e-06,0.0,0.0,RandomUnderSampler(random_state=42),,0.9,lsqr,True,0.0001,,,"{'balance': RandomUnderSampler(random_state=42), 'classify__n_components': None, 'classify__shrinkage': 0.9, 'classify__solver': 'lsqr', 'classify__store_covariance': True, 'classify__tol': 0.0001, 'select': None, 'transform': None}",,,,,55,,,,,55,,,,,55
0.0004030466079711914,1.704692840576172e-05,0.0,0.0,RandomUnderSampler(random_state=42),,0.9,eigen,True,0.0001,,,"{'balance': RandomUnderSampler(random_state=42), 'classify__n_components': None, 'classify__shrinkage': 0.9, 'classify__solver': 'eigen', 'classify__store_covariance': True, 'classify__tol': 0.0001, 'select': None, 'transform': None}",,,,,55,,,,,55,,,,,55
0.00041162967681884766,7.510185241699219e-06,0.0,0.0,RandomUnderSampler(random_state=42),,1.0,svd,True,0.0001,,,"{'balance': RandomUnderSampler(random_state=42), 'classify__n_components': None, 'classify__shrinkage': 1.0, 'classify__solver': 'svd', 'classify__store_covariance': True, 'classify__tol': 0.0001, 'select': None, 'transform': None}",,,,,55,,,,,55,,,,,55
0.0004006624221801758,2.0384788513183594e-05,0.0,0.0,RandomUnderSampler(random_state=42),,1.0,lsqr,True,0.0001,,,"{'balance': RandomUnderSampler(random_state=42), 'classify__n_components': None, 'classify__shrinkage': 1.0, 'classify__solver': 'lsqr', 'classify__store_covariance': True, 'classify__tol': 0.0001, 'select': None, 'transform': None}",,,,,55,,,,,55,,,,,55
0.0004131793975830078,1.7642974853515625e-05,0.0,0.0,RandomUnderSampler(random_state=42),,1.0,eigen,True,0.0001,,,"{'balance': RandomUnderSampler(random_state=42), 'classify__n_components': None, 'classify__shrinkage': 1.0, 'classify__solver': 'eigen', 'classify__store_covariance': True, 'classify__tol': 0.0001, 'select': None, 'transform': None}",,,,,55,,,,,55,,,,,55
0.0004042387008666992,1.0609626770019531e-05,0.0,0.0,SMOTE(random_state=42),1,,svd,True,0.0001,,,"{'balance': SMOTE(random_state=42), 'classify__n_components': 1, 'classify__shrinkage': None, 'classify__solver': 'svd', 'classify__store_covariance': True, 'classify__tol': 0.0001, 'select': None, 'transform': None}",,,,,55,,,,,55,,,,,55
0.0004246234893798828,4.76837158203125e-06,0.0,0.0,SMOTE(random_state=42),1,,lsqr,True,0.0001,,,"{'balance': SMOTE(random_state=42), 'classify__n_components': 1, 'classify__shrinkage': None, 'classify__solver': 'lsqr', 'classify__store_covariance': True, 'classify__tol': 0.0001, 'select': None, 'transform': None}",,,,,55,,,,,55,,,,,55
0.0007321834564208984,3.4332275390625e-05,0.0,0.0,SMOTE(random_state=42),1,,eigen,True,0.0001,,,"{'balance': SMOTE(random_state=42), 'classify__n_components': 1, 'classify__shrinkage': None, 'classify__solver': 'eigen', 'classify__store_covariance': True, 'classify__tol': 0.0001, 'select': None, 'transform': None}",,,,,55,,,,,55,,,,,55
0.0006952285766601562,9.5367431640625e-07,0.0,0.0,SMOTE(random_state=42),1,auto,svd,True,0.0001,,,"{'balance': SMOTE(random_state=42), 'classify__n_components': 1, 'classify__shrinkage': 'auto', 'classify__solver': 'svd', 'classify__store_covariance': True, 'classify__tol': 0.0001, 'select': None, 'transform': None}",,,,,55,,,,,55,,,,,55
0.0006850957870483398,3.2186508178710938e-06,0.0,0.0,SMOTE(random_state=42),1,auto,lsqr,True,0.0001,,,"{'balance': SMOTE(random_state=42), 'classify__n_components': 1, 'classify__shrinkage': 'auto', 'classify__solver': 'lsqr', 'classify__store_covariance': True, 'classify__tol': 0.0001, 'select': None, 'transform': None}",,,,,55,,,,,55,,,,,55
0.0006765127182006836,5.364418029785156e-06,0.0,0.0,SMOTE(random_state=42),1,auto,eigen,True,0.0001,,,"{'balance': SMOTE(random_state=42), 'classify__n_components': 1, 'classify__shrinkage': 'auto', 'classify__solver': 'eigen', 'classify__store_covariance': True, 'classify__tol': 0.0001, 'select': None, 'transform': None}",,,,,55,,,,,55,,,,,55
0.0006759166717529297,6.67572021484375e-06,0.0,0.0,SMOTE(random_state=42),1,0.0,svd,True,0.0001,,,"{'balance': SMOTE(random_state=42), 'classify__n_components': 1, 'classify__shrinkage': 0.0, 'classify__solver': 'svd', 'classify__store_covariance': True, 'classify__tol': 0.0001, 'select': None, 'transform': None}",,,,,55,,,,,55,,,,,55
0.0006594657897949219,4.5299530029296875e-06,0.0,0.0,SMOTE(random_state=42),1,0.0,lsqr,True,0.0001,,,"{'balance': SMOTE(random_state=42), 'classify__n_components': 1, 'classify__shrinkage': 0.0, 'classify__solver': 'lsqr', 'classify__store_covariance': True, 'classify__tol': 0.0001, 'select': None, 'transform': None}",,,,,55,,,,,55,,,,,55
0.0006911754608154297,2.193450927734375e-05,0.0,0.0,SMOTE(random_state=42),1,0.0,eigen,True,0.0001,,,"{'balance': SMOTE(random_state=42), 'classify__n_components': 1, 'classify__shrinkage': 0.0, 'classify__solver': 'eigen', 'classify__store_covariance': True, 'classify__tol': 0.0001, 'select': None, 'transform': None}",,,,,55,,,,,55,,,,,55
0.0006635189056396484,3.0994415283203125e-06,0.0,0.0,SMOTE(random_state=42),1,0.1,svd,True,0.0001,,,"{'balance': SMOTE(random_state=42), 'classify__n_components': 1, 'classify__shrinkage': 0.1, 'classify__solver': 'svd', 'classify__store_covariance': True, 'classify__tol': 0.0001, 'select': None, 'transform': None}",,,,,55,,,,,55,,,,,55
0.0004608631134033203,4.482269287109375e-05,0.0,0.0,SMOTE(random_state=42),1,0.1,lsqr,True,0.0001,,,"{'balance': SMOTE(random_state=42), 'classify__n_components': 1, 'classify__shrinkage': 0.1, 'classify__solver': 'lsqr', 'classify__store_covariance': True, 'classify__tol': 0.0001, 'select': None, 'transform': None}",,,,,55,,,,,55,,,,,55
0.00042068958282470703,2.7418136596679688e-06,0.0,0.0,SMOTE(random_state=42),1,0.1,eigen,True,0.0001,,,"{'balance': SMOTE(random_state=42), 'classify__n_components': 1, 'classify__shrinkage': 0.1, 'classify__solver': 'eigen', 'classify__store_covariance': True, 'classify__tol': 0.0001, 'select': None, 'transform': None}",,,,,55,,,,,55,,,,,55
0.0004063844680786133,9.179115295410156e-06,0.0,0.0,SMOTE(random_state=42),1,0.2,svd,True,0.0001,,,"{'balance': SMOTE(random_state=42), 'classify__n_components': 1, 'classify__shrinkage': 0.2, 'classify__solver': 'svd', 'classify__store_covariance': True, 'classify__tol': 0.0001, 'select': None, 'transform': None}",,,,,55,,,,,55,,,,,55
0.0003998279571533203,0.0,0.0,0.0,SMOTE(random_state=42),1,0.2,lsqr,True,0.0001,,,"{'balance': SMOTE(random_state=42), 'classify__n_components': 1, 'classify__shrinkage': 0.2, 'classify__solver': 'lsqr', 'classify__store_covariance': True, 'classify__tol': 0.0001, 'select': None, 'transform': None}",,,,,55,,,,,55,,,,,55
0.0004023313522338867,4.410743713378906e-06,0.0,0.0,SMOTE(random_state=42),1,0.2,eigen,True,0.0001,,,"{'balance': SMOTE(random_state=42), 'classify__n_components': 1, 'classify__shrinkage': 0.2, 'classify__solver': 'eigen', 'classify__store_covariance': True, 'classify__tol': 0.0001, 'select': None, 'transform': None}",,,,,55,,,,,55,,,,,55
0.0003974437713623047,1.2636184692382812e-05,0.0,0.0,SMOTE(random_state=42),1,0.3,svd,True,0.0001,,,"{'balance': SMOTE(random_state=42), 'classify__n_components': 1, 'classify__shrinkage': 0.3, 'classify__solver': 'svd', 'classify__store_covariance': True, 'classify__tol': 0.0001, 'select': None, 'transform': None}",,,,,55,,,,,55,,,,,55
0.0004341602325439453,1.0251998901367188e-05,0.0,0.0,SMOTE(random_state=42),1,0.3,lsqr,True,0.0001,,,"{'balance': SMOTE(random_state=42), 'classify__n_components': 1, 'classify__shrinkage': 0.3, 'classify__solver': 'lsqr', 'classify__store_covariance': True, 'classify__tol': 0.0001, 'select': None, 'transform': None}",,,,,55,,,,,55,,,,,55
0.00044476985931396484,2.3245811462402344e-05,0.0,0.0,SMOTE(random_state=42),1,0.3,eigen,True,0.0001,,,"{'balance': SMOTE(random_state=42), 'classify__n_components': 1, 'classify__shrinkage': 0.3, 'classify__solver': 'eigen', 'classify__store_covariance': True, 'classify__tol': 0.0001, 'select': None, 'transform': None}",,,,,55,,,,,55,,,,,55
0.0004572868347167969,4.0531158447265625e-06,0.0,0.0,SMOTE(random_state=42),1,0.4,svd,True,0.0001,,,"{'balance': SMOTE(random_state=42), 'classify__n_components': 1, 'classify__shrinkage': 0.4, 'classify__solver': 'svd', 'classify__store_covariance': True, 'classify__tol': 0.0001, 'select': None, 'transform': None}",,,,,55,,,,,55,,,,,55
0.00042498111724853516,7.987022399902344e-06,0.0,0.0,SMOTE(random_state=42),1,0.4,lsqr,True,0.0001,,,"{'balance': SMOTE(random_state=42), 'classify__n_components': 1, 'classify__shrinkage': 0.4, 'classify__solver': 'lsqr', 'classify__store_covariance': True, 'classify__tol': 0.0001, 'select': None, 'transform': None}",,,,,55,,,,,55,,,,,55
0.00042700767517089844,1.1444091796875e-05,0.0,0.0,SMOTE(random_state=42),1,0.4,eigen,True,0.0001,,,"{'balance': SMOTE(random_state=42), 'classify__n_components': 1, 'classify__shrinkage': 0.4, 'classify__solver': 'eigen', 'classify__store_covariance': True, 'classify__tol': 0.0001, 'select': None, 'transform': None}",,,,,55,,,,,55,,,,,55
0.0004050731658935547,1.52587890625e-05,0.0,0.0,SMOTE(random_state=42),1,0.5,svd,True,0.0001,,,"{'balance': SMOTE(random_state=42), 'classify__n_components': 1, 'classify__shrinkage': 0.5, 'classify__solver': 'svd', 'classify__store_covariance': True, 'classify__tol': 0.0001, 'select': None, 'transform': None}",,,,,55,,,,,55,,,,,55
0.00039756298065185547,8.940696716308594e-06,0.0,0.0,SMOTE(random_state=42),1,0.5,lsqr,True,0.0001,,,"{'balance': SMOTE(random_state=42), 'classify__n_components': 1, 'classify__shrinkage': 0.5, 'classify__solver': 'lsqr', 'classify__store_covariance': True, 'classify__tol': 0.0001, 'select': None, 'transform': None}",,,,,55,,,,,55,,,,,55
0.0004220008850097656,5.0067901611328125e-06,0.0,0.0,SMOTE(random_state=42),1,0.5,eigen,True,0.0001,,,"{'balance': SMOTE(random_state=42), 'classify__n_components': 1, 'classify__shrinkage': 0.5, 'classify__solver': 'eigen', 'classify__store_covariance': True, 'classify__tol': 0.0001, 'select': None, 'transform': None}",,,,,55,,,,,55,,,,,55
0.00041937828063964844,1.6450881958007812e-05,0.0,0.0,SMOTE(random_state=42),1,0.6,svd,True,0.0001,,,"{'balance': SMOTE(random_state=42), 'classify__n_components': 1, 'classify__shrinkage': 0.6, 'classify__solver': 'svd', 'classify__store_covariance': True, 'classify__tol': 0.0001, 'select': None, 'transform': None}",,,,,55,,,,,55,,,,,55
0.00042998790740966797,3.516674041748047e-05,0.0,0.0,SMOTE(random_state=42),1,0.6,lsqr,True,0.0001,,,"{'balance': SMOTE(random_state=42), 'classify__n_components': 1, 'classify__shrinkage': 0.6, 'classify__solver': 'lsqr', 'classify__store_covariance': True, 'classify__tol': 0.0001, 'select': None, 'transform': None}",,,,,55,,,,,55,,,,,55
0.0004209280014038086,1.7881393432617188e-06,0.0,0.0,SMOTE(random_state=42),1,0.6,eigen,True,0.0001,,,"{'balance': SMOTE(random_state=42), 'classify__n_components': 1, 'classify__shrinkage': 0.6, 'classify__solver': 'eigen', 'classify__store_covariance': True, 'classify__tol': 0.0001, 'select': None, 'transform': None}",,,,,55,,,,,55,,,,,55
0.00040090084075927734,1.609325408935547e-05,0.0,0.0,SMOTE(random_state=42),1,0.7,svd,True,0.0001,,,"{'balance': SMOTE(random_state=42), 'classify__n_components': 1, 'classify__shrinkage': 0.7, 'classify__solver': 'svd', 'classify__store_covariance': True, 'classify__tol': 0.0001, 'select': None, 'transform': None}",,,,,55,,,,,55,,,,,55
0.0004029273986816406,1.0728836059570312e-05,0.0,0.0,SMOTE(random_state=42),1,0.7,lsqr,True,0.0001,,,"{'balance': SMOTE(random_state=42), 'classify__n_components': 1, 'classify__shrinkage': 0.7, 'classify__solver': 'lsqr', 'classify__store_covariance': True, 'classify__tol': 0.0001, 'select': None, 'transform': None}",,,,,55,,,,,55,,,,,55
0.0004316568374633789,1.1801719665527344e-05,0.0,0.0,SMOTE(random_state=42),1,0.7,eigen,True,0.0001,,,"{'balance': SMOTE(random_state=42), 'classify__n_components': 1, 'classify__shrinkage': 0.7, 'classify__solver': 'eigen', 'classify__store_covariance': True, 'classify__tol': 0.0001, 'select': None, 'transform': None}",,,,,55,,,,,55,,,,,55
0.00043129920959472656,4.0531158447265625e-06,0.0,0.0,SMOTE(random_state=42),1,0.8,svd,True,0.0001,,,"{'balance': SMOTE(random_state=42), 'classify__n_components': 1, 'classify__shrinkage': 0.8, 'classify__solver': 'svd', 'classify__store_covariance': True, 'classify__tol': 0.0001, 'select': None, 'transform': None}",,,,,55,,,,,55,,,,,55
0.00040841102600097656,1.0967254638671875e-05,0.0,0.0,SMOTE(random_state=42),1,0.8,lsqr,True,0.0001,,,"{'balance': SMOTE(random_state=42), 'classify__n_components': 1, 'classify__shrinkage': 0.8, 'classify__solver': 'lsqr', 'classify__store_covariance': True, 'classify__tol': 0.0001, 'select': None, 'transform': None}",,,,,55,,,,,55,,,,,55
0.00040435791015625,1.2874603271484375e-05,0.0,0.0,SMOTE(random_state=42),1,0.8,eigen,True,0.0001,,,"{'balance': SMOTE(random_state=42), 'classify__n_components': 1, 'classify__shrinkage': 0.8, 'classify__solver': 'eigen', 'classify__store_covariance': True, 'classify__tol': 0.0001, 'select': None, 'transform': None}",,,,,55,,,,,55,,,,,55
0.0004258155822753906,2.6226043701171875e-06,0.0,0.0,SMOTE(random_state=42),1,0.9,svd,True,0.0001,,,"{'balance': SMOTE(random_state=42), 'classify__n_components': 1, 'classify__shrinkage': 0.9, 'classify__solver': 'svd', 'classify__store_covariance': True, 'classify__tol': 0.0001, 'select': None, 'transform': None}",,,,,55,,,,,55,,,,,55
0.0006989240646362305,4.112720489501953e-05,0.0,0.0,SMOTE(random_state=42),1,0.9,lsqr,True,0.0001,,,"{'balance': SMOTE(random_state=42), 'classify__n_components': 1, 'classify__shrinkage': 0.9, 'classify__solver': 'lsqr', 'classify__store_covariance': True, 'classify__tol': 0.0001, 'select': None, 'transform': None}",,,,,55,,,,,55,,,,,55
0.0006819963455200195,7.271766662597656e-06,0.0,0.0,SMOTE(random_state=42),1,0.9,eigen,True,0.0001,,,"{'balance': SMOTE(random_state=42), 'classify__n_components': 1, 'classify__shrinkage': 0.9, 'classify__solver': 'eigen', 'classify__store_covariance': True, 'classify__tol': 0.0001, 'select': None, 'transform': None}",,,,,55,,,,,55,,,,,55
0.00047838687896728516,3.7789344787597656e-05,0.0,0.0,SMOTE(random_state=42),1,1.0,svd,True,0.0001,,,"{'balance': SMOTE(random_state=42), 'classify__n_components': 1, 'classify__shrinkage': 1.0, 'classify__solver': 'svd', 'classify__store_covariance': True, 'classify__tol': 0.0001, 'select': None, 'transform': None}",,,,,55,,,,,55,,,,,55
0.00042450428009033203,4.649162292480469e-06,0.0,0.0,SMOTE(random_state=42),1,1.0,lsqr,True,0.0001,,,"{'balance': SMOTE(random_state=42), 'classify__n_components': 1, 'classify__shrinkage': 1.0, 'classify__solver': 'lsqr', 'classify__store_covariance': True, 'classify__tol': 0.0001, 'select': None, 'transform': None}",,,,,55,,,,,55,,,,,55
0.0007652044296264648,5.519390106201172e-05,0.0,0.0,SMOTE(random_state=42),1,1.0,eigen,True,0.0001,,,"{'balance': SMOTE(random_state=42), 'classify__n_components': 1, 'classify__shrinkage': 1.0, 'classify__solver': 'eigen', 'classify__store_covariance': True, 'classify__tol': 0.0001, 'select': None, 'transform': None}",,,,,55,,,,,55,,,,,55
0.0004824399948120117,1.7523765563964844e-05,0.0,0.0,SMOTE(random_state=42),,,svd,True,0.0001,,,"{'balance': SMOTE(random_state=42), 'classify__n_components': None, 'classify__shrinkage': None, 'classify__solver': 'svd', 'classify__store_covariance': True, 'classify__tol': 0.0001, 'select': None, 'transform': None}",,,,,55,,,,,55,,,,,55
0.0004538297653198242,1.2278556823730469e-05,0.0,0.0,SMOTE(random_state=42),,,lsqr,True,0.0001,,,"{'balance': SMOTE(random_state=42), 'classify__n_components': None, 'classify__shrinkage': None, 'classify__solver': 'lsqr', 'classify__store_covariance': True, 'classify__tol': 0.0001, 'select': None, 'transform': None}",,,,,55,,,,,55,,,,,55
0.00042688846588134766,6.318092346191406e-06,0.0,0.0,SMOTE(random_state=42),,,eigen,True,0.0001,,,"{'balance': SMOTE(random_state=42), 'classify__n_components': None, 'classify__shrinkage': None, 'classify__solver': 'eigen', 'classify__store_covariance': True, 'classify__tol': 0.0001, 'select': None, 'transform': None}",,,,,55,,,,,55,,,,,55
0.000797271728515625,6.628036499023438e-05,0.0,0.0,SMOTE(random_state=42),,auto,svd,True,0.0001,,,"{'balance': SMOTE(random_state=42), 'classify__n_components': None, 'classify__shrinkage': 'auto', 'classify__solver': 'svd', 'classify__store_covariance': True, 'classify__tol': 0.0001, 'select': None, 'transform': None}",,,,,55,,,,,55,,,,,55
0.0007445812225341797,2.86102294921875e-05,0.0,0.0,SMOTE(random_state=42),,auto,lsqr,True,0.0001,,,"{'balance': SMOTE(random_state=42), 'classify__n_components': None, 'classify__shrinkage': 'auto', 'classify__solver': 'lsqr', 'classify__store_covariance': True, 'classify__tol': 0.0001, 'select': None, 'transform': None}",,,,,55,,,,,55,,,,,55
0.00080108642578125,7.224082946777344e-05,0.0,0.0,SMOTE(random_state=42),,auto,eigen,True,0.0001,,,"{'balance': SMOTE(random_state=42), 'classify__n_components': None, 'classify__shrinkage': 'auto', 'classify__solver': 'eigen', 'classify__store_covariance': True, 'classify__tol': 0.0001, 'select': None, 'transform': None}",,,,,55,,,,,55,,,,,55
0.0007343292236328125,1.6689300537109375e-06,0.0,0.0,SMOTE(random_state=42),,0.0,svd,True,0.0001,,,"{'balance': SMOTE(random_state=42), 'classify__n_components': None, 'classify__shrinkage': 0.0, 'classify__solver': 'svd', 'classify__store_covariance': True, 'classify__tol': 0.0001, 'select': None, 'transform': None}",,,,,55,,,,,55,,,,,55
0.0006002187728881836,1.2516975402832031e-05,0.0,0.0,SMOTE(random_state=42),,0.0,lsqr,True,0.0001,,,"{'balance': SMOTE(random_state=42), 'classify__n_components': None, 'classify__shrinkage': 0.0, 'classify__solver': 'lsqr', 'classify__store_covariance': True, 'classify__tol': 0.0001, 'select': None, 'transform': None}",,,,,55,,,,,55,,,,,55
0.0005522966384887695,2.7418136596679688e-06,0.0,0.0,SMOTE(random_state=42),,0.0,eigen,True,0.0001,,,"{'balance': SMOTE(random_state=42), 'classify__n_components': None, 'classify__shrinkage': 0.0, 'classify__solver': 'eigen', 'classify__store_covariance': True, 'classify__tol': 0.0001, 'select': None, 'transform': None}",,,,,55,,,,,55,,,,,55
0.0007282495498657227,4.8041343688964844e-05,0.0,0.0,SMOTE(random_state=42),,0.1,svd,True,0.0001,,,"{'balance': SMOTE(random_state=42), 'classify__n_components': None, 'classify__shrinkage': 0.1, 'classify__solver': 'svd', 'classify__store_covariance': True, 'classify__tol': 0.0001, 'select': None, 'transform': None}",,,,,55,,,,,55,,,,,55
0.0005261898040771484,7.867813110351562e-06,0.0,0.0,SMOTE(random_state=42),,0.1,lsqr,True,0.0001,,,"{'balance': SMOTE(random_state=42), 'classify__n_components': None, 'classify__shrinkage': 0.1, 'classify__solver': 'lsqr', 'classify__store_covariance': True, 'classify__tol': 0.0001, 'select': None, 'transform': None}",,,,,55,,,,,55,,,,,55
0.0007883310317993164,5.6862831115722656e-05,0.0,0.0,SMOTE(random_state=42),,0.1,eigen,True,0.0001,,,"{'balance': SMOTE(random_state=42), 'classify__n_components': None, 'classify__shrinkage': 0.1, 'classify__solver': 'eigen', 'classify__store_covariance': True, 'classify__tol': 0.0001, 'select': None, 'transform': None}",,,,,55,,,,,55,,,,,55
0.0008769035339355469,0.0001728534698486328,0.0,0.0,SMOTE(random_state=42),,0.2,svd,True,0.0001,,,"{'balance': SMOTE(random_state=42), 'classify__n_components': None, 'classify__shrinkage': 0.2, 'classify__solver': 'svd', 'classify__store_covariance': True, 'classify__tol': 0.0001, 'select': None, 'transform': None}",,,,,55,,,,,55,,,,,55
0.0007598400115966797,1.430511474609375e-05,0.0,0.0,SMOTE(random_state=42),,0.2,lsqr,True,0.0001,,,"{'balance': SMOTE(random_state=42), 'classify__n_components': None, 'classify__shrinkage': 0.2, 'classify__solver': 'lsqr', 'classify__store_covariance': True, 'classify__tol': 0.0001, 'select': None, 'transform': None}",,,,,55,,,,,55,,,,,55
0.0008244514465332031,0.00013017654418945312,0.0,0.0,SMOTE(random_state=42),,0.2,eigen,True,0.0001,,,"{'balance': SMOTE(random_state=42), 'classify__n_components': None, 'classify__shrinkage': 0.2, 'classify__solver': 'eigen', 'classify__store_covariance': True, 'classify__tol': 0.0001, 'select': None, 'transform': None}",,,,,55,,,,,55,,,,,55
0.0007778406143188477,3.4570693969726562e-06,0.0,0.0,SMOTE(random_state=42),,0.3,svd,True,0.0001,,,"{'balance': SMOTE(random_state=42), 'classify__n_components': None, 'classify__shrinkage': 0.3, 'classify__solver': 'svd', 'classify__store_covariance': True, 'classify__tol': 0.0001, 'select': None, 'transform': None}",,,,,55,,,,,55,,,,,55
0.0007992982864379883,6.377696990966797e-05,0.0,0.0,SMOTE(random_state=42),,0.3,lsqr,True,0.0001,,,"{'balance': SMOTE(random_state=42), 'classify__n_components': None, 'classify__shrinkage': 0.3, 'classify__solver': 'lsqr', 'classify__store_covariance': True, 'classify__tol': 0.0001, 'select': None, 'transform': None}",,,,,55,,,,,55,,,,,55
0.0008342266082763672,1.3589859008789062e-05,0.0,0.0,SMOTE(random_state=42),,0.3,eigen,True,0.0001,,,"{'balance': SMOTE(random_state=42), 'classify__n_components': None, 'classify__shrinkage': 0.3, 'classify__solver': 'eigen', 'classify__store_covariance': True, 'classify__tol': 0.0001, 'select': None, 'transform': None}",,,,,55,,,,,55,,,,,55
0.0007615089416503906,2.1457672119140625e-05,0.0,0.0,SMOTE(random_state=42),,0.4,svd,True,0.0001,,,"{'balance': SMOTE(random_state=42), 'classify__n_components': None, 'classify__shrinkage': 0.4, 'classify__solver': 'svd', 'classify__store_covariance': True, 'classify__tol': 0.0001, 'select': None, 'transform': None}",,,,,55,,,,,55,,,,,55
0.0008494853973388672,3.5762786865234375e-05,0.0,0.0,SMOTE(random_state=42),,0.4,lsqr,True,0.0001,,,"{'balance': SMOTE(random_state=42), 'classify__n_components': None, 'classify__shrinkage': 0.4, 'classify__solver': 'lsqr', 'classify__store_covariance': True, 'classify__tol': 0.0001, 'select': None, 'transform': None}",,,,,55,,,,,55,,,,,55
0.0007808208465576172,3.62396240234375e-05,0.0,0.0,SMOTE(random_state=42),,0.4,eigen,True,0.0001,,,"{'balance': SMOTE(random_state=42), 'classify__n_components': None, 'classify__shrinkage': 0.4, 'classify__solver': 'eigen', 'classify__store_covariance': True, 'classify__tol': 0.0001, 'select': None, 'transform': None}",,,,,55,,,,,55,,,,,55
0.0008151531219482422,2.6464462280273438e-05,0.0,0.0,SMOTE(random_state=42),,0.5,svd,True,0.0001,,,"{'balance': SMOTE(random_state=42), 'classify__n_components': None, 'classify__shrinkage': 0.5, 'classify__solver': 'svd', 'classify__store_covariance': True, 'classify__tol': 0.0001, 'select': None, 'transform': None}",,,,,55,,,,,55,,,,,55
0.0007206201553344727,7.987022399902344e-06,0.0,0.0,SMOTE(random_state=42),,0.5,lsqr,True,0.0001,,,"{'balance': SMOTE(random_state=42), 'classify__n_components': None, 'classify__shrinkage': 0.5, 'classify__solver': 'lsqr', 'classify__store_covariance': True, 'classify__tol': 0.0001, 'select': None, 'transform': None}",,,,,55,,,,,55,,,,,55
0.0008140802383422852,3.707408905029297e-05,0.0,0.0,SMOTE(random_state=42),,0.5,eigen,True,0.0001,,,"{'balance': SMOTE(random_state=42), 'classify__n_components': None, 'classify__shrinkage': 0.5, 'classify__solver': 'eigen', 'classify__store_covariance': True, 'classify__tol': 0.0001, 'select': None, 'transform': None}",,,,,55,,,,,55,,,,,55
0.0007507801055908203,1.3828277587890625e-05,0.0,0.0,SMOTE(random_state=42),,0.6,svd,True,0.0001,,,"{'balance': SMOTE(random_state=42), 'classify__n_components': None, 'classify__shrinkage': 0.6, 'classify__solver': 'svd', 'classify__store_covariance': True, 'classify__tol': 0.0001, 'select': None, 'transform': None}",,,,,55,,,,,55,,,,,55
0.0007637739181518555,3.0875205993652344e-05,0.0,0.0,SMOTE(random_state=42),,0.6,lsqr,True,0.0001,,,"{'balance': SMOTE(random_state=42), 'classify__n_components': None, 'classify__shrinkage': 0.6, 'classify__solver': 'lsqr', 'classify__store_covariance': True, 'classify__tol': 0.0001, 'select': None, 'transform': None}",,,,,55,,,,,55,,,,,55
0.000512242317199707,7.76052474975586e-05,0.0,0.0,SMOTE(random_state=42),,0.6,eigen,True,0.0001,,,"{'balance': SMOTE(random_state=42), 'classify__n_components': None, 'classify__shrinkage': 0.6, 'classify__solver': 'eigen', 'classify__store_covariance': True, 'classify__tol': 0.0001, 'select': None, 'transform': None}",,,,,55,,,,,55,,,,,55
0.0008372068405151367,1.6808509826660156e-05,0.0,0.0,SMOTE(random_state=42),,0.7,svd,True,0.0001,,,"{'balance': SMOTE(random_state=42), 'classify__n_components': None, 'classify__shrinkage': 0.7, 'classify__solver': 'svd', 'classify__store_covariance': True, 'classify__tol': 0.0001, 'select': None, 'transform': None}",,,,,55,,,,,55,,,,,55
0.0005984306335449219,6.532669067382812e-05,0.0,0.0,SMOTE(random_state=42),,0.7,lsqr,True,0.0001,,,"{'balance': SMOTE(random_state=42), 'classify__n_components': None, 'classify__shrinkage': 0.7, 'classify__solver': 'lsqr', 'classify__store_covariance': True, 'classify__tol': 0.0001, 'select': None, 'transform': None}",,,,,55,,,,,55,,,,,55
0.0008091926574707031,1.8835067749023438e-05,0.0,0.0,SMOTE(random_state=42),,0.7,eigen,True,0.0001,,,"{'balance': SMOTE(random_state=42), 'classify__n_components': None, 'classify__shrinkage': 0.7, 'classify__solver': 'eigen', 'classify__store_covariance': True, 'classify__tol': 0.0001, 'select': None, 'transform': None}",,,,,55,,,,,55,,,,,55
0.0007035732269287109,1.0967254638671875e-05,0.0,0.0,SMOTE(random_state=42),,0.8,svd,True,0.0001,,,"{'balance': SMOTE(random_state=42), 'classify__n_components': None, 'classify__shrinkage': 0.8, 'classify__solver': 'svd', 'classify__store_covariance': True, 'classify__tol': 0.0001, 'select': None, 'transform': None}",,,,,55,,,,,55,,,,,55
0.0007789134979248047,2.1219253540039062e-05,0.0,0.0,SMOTE(random_state=42),,0.8,lsqr,True,0.0001,,,"{'balance': SMOTE(random_state=42), 'classify__n_components': None, 'classify__shrinkage': 0.8, 'classify__solver': 'lsqr', 'classify__store_covariance': True, 'classify__tol': 0.0001, 'select': None, 'transform': None}",,,,,55,,,,,55,,,,,55
0.0007213354110717773,1.1324882507324219e-05,0.0,0.0,SMOTE(random_state=42),,0.8,eigen,True,0.0001,,,"{'balance': SMOTE(random_state=42), 'classify__n_components': None, 'classify__shrinkage': 0.8, 'classify__solver': 'eigen', 'classify__store_covariance': True, 'classify__tol': 0.0001, 'select': None, 'transform': None}",,,,,55,,,,,55,,,,,55
0.0007988214492797852,4.4226646423339844e-05,0.0,0.0,SMOTE(random_state=42),,0.9,svd,True,0.0001,,,"{'balance': SMOTE(random_state=42), 'classify__n_components': None, 'classify__shrinkage': 0.9, 'classify__solver': 'svd', 'classify__store_covariance': True, 'classify__tol': 0.0001, 'select': None, 'transform': None}",,,,,55,,,,,55,,,,,55
0.0006651878356933594,5.5789947509765625e-05,0.0,0.0,SMOTE(random_state=42),,0.9,lsqr,True,0.0001,,,"{'balance': SMOTE(random_state=42), 'classify__n_components': None, 'classify__shrinkage': 0.9, 'classify__solver': 'lsqr', 'classify__store_covariance': True, 'classify__tol': 0.0001, 'select': None, 'transform': None}",,,,,55,,,,,55,,,,,55
0.0008261203765869141,6.175041198730469e-05,0.0,0.0,SMOTE(random_state=42),,0.9,eigen,True,0.0001,,,"{'balance': SMOTE(random_state=42), 'classify__n_components': None, 'classify__shrinkage': 0.9, 'classify__solver': 'eigen', 'classify__store_covariance': True, 'classify__tol': 0.0001, 'select': None, 'transform': None}",,,,,55,,,,,55,,,,,55
0.000578761100769043,4.589557647705078e-05,0.0,0.0,SMOTE(random_state=42),,1.0,svd,True,0.0001,,,"{'balance': SMOTE(random_state=42), 'classify__n_components': None, 'classify__shrinkage': 1.0, 'classify__solver': 'svd', 'classify__store_covariance': True, 'classify__tol': 0.0001, 'select': None, 'transform': None}",,,,,55,,,,,55,,,,,55
0.0007488727569580078,2.9325485229492188e-05,0.0,0.0,SMOTE(random_state=42),,1.0,lsqr,True,0.0001,,,"{'balance': SMOTE(random_state=42), 'classify__n_components': None, 'classify__shrinkage': 1.0, 'classify__solver': 'lsqr', 'classify__store_covariance': True, 'classify__tol': 0.0001, 'select': None, 'transform': None}",,,,,55,,,,,55,,,,,55
0.000689387321472168,9.655952453613281e-06,0.0,0.0,SMOTE(random_state=42),,1.0,eigen,True,0.0001,,,"{'balance': SMOTE(random_state=42), 'classify__n_components': None, 'classify__shrinkage': 1.0, 'classify__solver': 'eigen', 'classify__store_covariance': True, 'classify__tol': 0.0001, 'select': None, 'transform': None}",,,,,55,,,,,55,,,,,55
