mean_fit_time,std_fit_time,mean_score_time,std_score_time,param_balance,param_classify__n_components,param_classify__shrinkage,param_classify__solver,param_classify__store_covariance,param_classify__tol,param_select,param_transform,params,split0_test_f1_weighted_scorer,split1_test_f1_weighted_scorer,split2_test_f1_weighted_scorer,mean_test_f1_weighted_scorer,std_test_f1_weighted_scorer,rank_test_f1_weighted_scorer,split0_test_roc_auc_scorer,split1_test_roc_auc_scorer,split2_test_roc_auc_scorer,mean_test_roc_auc_scorer,std_test_roc_auc_scorer,rank_test_roc_auc_scorer,split0_test_accuracy_scorer,split1_test_accuracy_scorer,split2_test_accuracy_scorer,mean_test_accuracy_scorer,std_test_accuracy_scorer,rank_test_accuracy_scorer
0.0024663607279459634,0.0001282671767134622,0.005684057871500651,0.0011684408704016854,,1,,lsqr,True,0.0001,,,"{'balance': None, 'classify__n_components': 1, 'classify__shrinkage': None, 'classify__solver': 'lsqr', 'classify__store_covariance': True, 'classify__tol': 0.0001, 'select': None, 'transform': None}",0.5765897259134238,0.588339540648571,0.5975785050862451,0.5875025905494132,0.008589046392265131,1,0.5688883034773445,0.6406743940990517,0.6293390078467881,0.6129672351410614,0.031510177274789275,5,0.5932203389830508,0.6101694915254238,0.625,0.6094632768361582,0.012983599089583513,1
0.0025702317555745444,0.00015440609273878535,0.00573277473449707,2.2548734640853814e-05,,1,,eigen,True,0.0001,,,"{'balance': None, 'classify__n_components': 1, 'classify__shrinkage': None, 'classify__solver': 'eigen', 'classify__store_covariance': True, 'classify__tol': 0.0001, 'select': None, 'transform': None}",0.5765897259134238,0.588339540648571,0.5975785050862451,0.5875025905494132,0.008589046392265131,1,0.5688883034773445,0.6406743940990517,0.6293390078467881,0.6129672351410614,0.031510177274789275,5,0.5932203389830508,0.6101694915254238,0.625,0.6094632768361582,0.012983599089583513,1
0.0019663174947102866,0.0006328800511888766,0.003405491511027018,0.0012358596304264562,,1,0.0,lsqr,True,0.0001,,,"{'balance': None, 'classify__n_components': 1, 'classify__shrinkage': 0.0, 'classify__solver': 'lsqr', 'classify__store_covariance': True, 'classify__tol': 0.0001, 'select': None, 'transform': None}",0.5765897259134238,0.588339540648571,0.5975785050862451,0.5875025905494132,0.008589046392265131,1,0.5688883034773445,0.6406743940990517,0.6293390078467881,0.6129672351410614,0.031510177274789275,5,0.5932203389830508,0.6101694915254238,0.625,0.6094632768361582,0.012983599089583513,1
0.0017278194427490234,0.0006139117766565489,0.002580722173055013,0.00011768403749523974,,1,0.0,eigen,True,0.0001,,,"{'balance': None, 'classify__n_components': 1, 'classify__shrinkage': 0.0, 'classify__solver': 'eigen', 'classify__store_covariance': True, 'classify__tol': 0.0001, 'select': None, 'transform': None}",0.5765897259134238,0.588339540648571,0.5975785050862451,0.5875025905494132,0.008589046392265131,1,0.5688883034773445,0.6406743940990517,0.6293390078467881,0.6129672351410614,0.031510177274789275,5,0.5932203389830508,0.6101694915254238,0.625,0.6094632768361582,0.012983599089583513,1
0.0008881092071533203,5.377206746431119e-06,0.0024159749348958335,1.399625140047157e-05,,,,lsqr,True,0.0001,,,"{'balance': None, 'classify__n_components': None, 'classify__shrinkage': None, 'classify__solver': 'lsqr', 'classify__store_covariance': True, 'classify__tol': 0.0001, 'select': None, 'transform': None}",0.5765897259134238,0.588339540648571,0.5975785050862451,0.5875025905494132,0.008589046392265131,1,0.5688883034773445,0.6406743940990517,0.6293390078467881,0.6129672351410614,0.031510177274789275,5,0.5932203389830508,0.6101694915254238,0.625,0.6094632768361582,0.012983599089583513,1
0.0009930133819580078,4.796106424209154e-06,0.0024344921112060547,7.92898614326281e-06,,,,eigen,True,0.0001,,,"{'balance': None, 'classify__n_components': None, 'classify__shrinkage': None, 'classify__solver': 'eigen', 'classify__store_covariance': True, 'classify__tol': 0.0001, 'select': None, 'transform': None}",0.5765897259134238,0.588339540648571,0.5975785050862451,0.5875025905494132,0.008589046392265131,1,0.5688883034773445,0.6406743940990517,0.6293390078467881,0.6129672351410614,0.031510177274789275,5,0.5932203389830508,0.6101694915254238,0.625,0.6094632768361582,0.012983599089583513,1
0.001474459966023763,0.0005094098969193551,0.003406683603922526,0.0012282405536081658,,,0.0,lsqr,True,0.0001,,,"{'balance': None, 'classify__n_components': None, 'classify__shrinkage': 0.0, 'classify__solver': 'lsqr', 'classify__store_covariance': True, 'classify__tol': 0.0001, 'select': None, 'transform': None}",0.5765897259134238,0.588339540648571,0.5975785050862451,0.5875025905494132,0.008589046392265131,1,0.5688883034773445,0.6406743940990517,0.6293390078467881,0.6129672351410614,0.031510177274789275,5,0.5932203389830508,0.6101694915254238,0.625,0.6094632768361582,0.012983599089583513,1
0.0012653668721516926,3.6436377799821377e-06,0.0024961630503336587,1.9776130906555437e-05,,,0.0,eigen,True,0.0001,,,"{'balance': None, 'classify__n_components': None, 'classify__shrinkage': 0.0, 'classify__solver': 'eigen', 'classify__store_covariance': True, 'classify__tol': 0.0001, 'select': None, 'transform': None}",0.5765897259134238,0.588339540648571,0.5975785050862451,0.5875025905494132,0.008589046392265131,1,0.5688883034773445,0.6406743940990517,0.6293390078467881,0.6129672351410614,0.031510177274789275,5,0.5932203389830508,0.6101694915254238,0.625,0.6094632768361582,0.012983599089583513,1
0.0024188359578450522,0.0005988735018415668,0.004159212112426758,0.001423510320290509,,1,,svd,True,0.0001,,,"{'balance': None, 'classify__n_components': 1, 'classify__shrinkage': None, 'classify__solver': 'svd', 'classify__store_covariance': True, 'classify__tol': 0.0001, 'select': None, 'transform': None}",0.5624231507474937,0.588339540648571,0.602251688956062,0.5843381267840422,0.016504274166495525,9,0.5688883034773445,0.6406743940990517,0.6293390078467881,0.6129672351410614,0.031510177274789275,5,0.5819209039548022,0.6101694915254238,0.6306818181818182,0.6075907378873481,0.019989900229999805,9
0.0016384124755859375,0.0007094298830712623,0.0029120445251464844,0.0006067348902709162,,,,svd,True,0.0001,,,"{'balance': None, 'classify__n_components': None, 'classify__shrinkage': None, 'classify__solver': 'svd', 'classify__store_covariance': True, 'classify__tol': 0.0001, 'select': None, 'transform': None}",0.5624231507474937,0.588339540648571,0.602251688956062,0.5843381267840422,0.016504274166495525,9,0.5688883034773445,0.6406743940990517,0.6293390078467881,0.6129672351410614,0.031510177274789275,5,0.5819209039548022,0.6101694915254238,0.6306818181818182,0.6075907378873481,0.019989900229999805,9
0.0034116903940836587,0.0015296593333512195,0.00346525510152181,0.0014418781457434448,,,auto,eigen,True,0.0001,,,"{'balance': None, 'classify__n_components': None, 'classify__shrinkage': 'auto', 'classify__solver': 'eigen', 'classify__store_covariance': True, 'classify__tol': 0.0001, 'select': None, 'transform': None}",0.5312340192119025,0.5306918234661321,0.5210405582542986,0.5276554669774444,0.004682681362805251,11,0.5521601685985248,0.6423867228661747,0.6516824045750764,0.615409765346592,0.044884934675257025,1,0.5649717514124294,0.5988700564971752,0.6022727272727273,0.5887048450607774,0.01683922687640652,19
0.0017813046773274739,3.0509091561537888e-05,0.0024580160776774087,3.0702249087539994e-05,,,auto,lsqr,True,0.0001,,,"{'balance': None, 'classify__n_components': None, 'classify__shrinkage': 'auto', 'classify__solver': 'lsqr', 'classify__store_covariance': True, 'classify__tol': 0.0001, 'select': None, 'transform': None}",0.5312340192119025,0.5306918234661321,0.5210405582542986,0.5276554669774444,0.004682681362805251,11,0.5521601685985248,0.6423867228661747,0.6516824045750764,0.615409765346592,0.044884934675257025,1,0.5649717514124294,0.5988700564971752,0.6022727272727273,0.5887048450607774,0.01683922687640652,19
0.004335244496663411,5.2382803925713856e-05,0.005533774693806966,0.0001156492047151339,,1,auto,lsqr,True,0.0001,,,"{'balance': None, 'classify__n_components': 1, 'classify__shrinkage': 'auto', 'classify__solver': 'lsqr', 'classify__store_covariance': True, 'classify__tol': 0.0001, 'select': None, 'transform': None}",0.5312340192119025,0.5306918234661321,0.5210405582542986,0.5276554669774444,0.004682681362805251,11,0.5521601685985248,0.6423867228661747,0.6516824045750764,0.615409765346592,0.044884934675257025,1,0.5649717514124294,0.5988700564971752,0.6022727272727273,0.5887048450607774,0.01683922687640652,19
0.005280892054239909,0.0001833123469468869,0.0047694047292073565,0.0010275716539926798,,1,auto,eigen,True,0.0001,,,"{'balance': None, 'classify__n_components': 1, 'classify__shrinkage': 'auto', 'classify__solver': 'eigen', 'classify__store_covariance': True, 'classify__tol': 0.0001, 'select': None, 'transform': None}",0.5312340192119025,0.5306918234661321,0.5210405582542986,0.5276554669774444,0.004682681362805251,11,0.5521601685985248,0.6423867228661747,0.6516824045750764,0.615409765346592,0.044884934675257025,1,0.5649717514124294,0.5988700564971752,0.6022727272727273,0.5887048450607774,0.01683922687640652,19
0.001257181167602539,9.072445674152587e-06,0.0024840831756591797,8.871819842396044e-06,,1,0.8,eigen,True,0.0001,,,"{'balance': None, 'classify__n_components': 1, 'classify__shrinkage': 0.8, 'classify__solver': 'eigen', 'classify__store_covariance': True, 'classify__tol': 0.0001, 'select': None, 'transform': None}",0.5418896585281279,0.557883528900478,0.47179144385026733,0.5238548770929577,0.03738896257038026,15,0.49038461538461536,0.6001053740779768,0.6611251496209603,0.5838717130278508,0.07064338289911234,47,0.5423728813559322,0.6045197740112994,0.5909090909090909,0.5792672487587742,0.02667343788827008,39
0.001089175542195638,2.1470325177310127e-05,0.0024956067403157554,3.5864015645778544e-05,,1,0.8,lsqr,True,0.0001,,,"{'balance': None, 'classify__n_components': 1, 'classify__shrinkage': 0.8, 'classify__solver': 'lsqr', 'classify__store_covariance': True, 'classify__tol': 0.0001, 'select': None, 'transform': None}",0.5418896585281279,0.557883528900478,0.47179144385026733,0.5238548770929577,0.03738896257038026,15,0.49038461538461536,0.6001053740779768,0.6611251496209603,0.5838717130278508,0.07064338289911234,47,0.5423728813559322,0.6045197740112994,0.5909090909090909,0.5792672487587742,0.02667343788827008,39
0.0012711683909098308,6.676666253283253e-06,0.0025771458943684897,3.5641960616276364e-05,,,0.8,eigen,True,0.0001,,,"{'balance': None, 'classify__n_components': None, 'classify__shrinkage': 0.8, 'classify__solver': 'eigen', 'classify__store_covariance': True, 'classify__tol': 0.0001, 'select': None, 'transform': None}",0.5418896585281279,0.557883528900478,0.47179144385026733,0.5238548770929577,0.03738896257038026,15,0.49038461538461536,0.6001053740779768,0.6611251496209603,0.5838717130278508,0.07064338289911234,47,0.5423728813559322,0.6045197740112994,0.5909090909090909,0.5792672487587742,0.02667343788827008,39
0.0011111100514729817,1.5169534977032382e-05,0.002556006113688151,4.923996267613521e-05,,,0.8,lsqr,True,0.0001,,,"{'balance': None, 'classify__n_components': None, 'classify__shrinkage': 0.8, 'classify__solver': 'lsqr', 'classify__store_covariance': True, 'classify__tol': 0.0001, 'select': None, 'transform': None}",0.5418896585281279,0.557883528900478,0.47179144385026733,0.5238548770929577,0.03738896257038026,15,0.49038461538461536,0.6001053740779768,0.6611251496209603,0.5838717130278508,0.07064338289911234,47,0.5423728813559322,0.6045197740112994,0.5909090909090909,0.5792672487587742,0.02667343788827008,39
0.0012845993041992188,3.561678861029396e-05,0.00252532958984375,4.421877341100807e-05,,1,0.2,eigen,True,0.0001,,,"{'balance': None, 'classify__n_components': 1, 'classify__shrinkage': 0.2, 'classify__solver': 'eigen', 'classify__store_covariance': True, 'classify__tol': 0.0001, 'select': None, 'transform': None}",0.5345506383039953,0.507534170706216,0.4831085558330331,0.5083977882810814,0.021010018859646172,19,0.5322708113804004,0.6350105374077977,0.6580662322117302,0.6084491936666429,0.05468242076776704,19,0.5649717514124294,0.6101694915254238,0.5965909090909091,0.5905773840095874,0.018935518490537102,11
0.0011089642842610676,5.327302373179256e-05,0.0024923483530680337,2.9193919891943932e-05,,1,0.2,lsqr,True,0.0001,,,"{'balance': None, 'classify__n_components': 1, 'classify__shrinkage': 0.2, 'classify__solver': 'lsqr', 'classify__store_covariance': True, 'classify__tol': 0.0001, 'select': None, 'transform': None}",0.5345506383039953,0.507534170706216,0.4831085558330331,0.5083977882810814,0.021010018859646172,19,0.5322708113804004,0.6350105374077977,0.6580662322117302,0.6084491936666429,0.05468242076776704,19,0.5649717514124294,0.6101694915254238,0.5965909090909091,0.5905773840095874,0.018935518490537102,11
0.0012714862823486328,1.1523290608973095e-05,0.0024930636088053384,1.0209092342074588e-05,,,0.2,eigen,True,0.0001,,,"{'balance': None, 'classify__n_components': None, 'classify__shrinkage': 0.2, 'classify__solver': 'eigen', 'classify__store_covariance': True, 'classify__tol': 0.0001, 'select': None, 'transform': None}",0.5345506383039953,0.507534170706216,0.4831085558330331,0.5083977882810814,0.021010018859646172,19,0.5322708113804004,0.6350105374077977,0.6580662322117302,0.6084491936666429,0.05468242076776704,19,0.5649717514124294,0.6101694915254238,0.5965909090909091,0.5905773840095874,0.018935518490537102,11
0.0010925928751627605,4.65912986653881e-05,0.002512375513712565,3.6882942350565545e-05,,,0.2,lsqr,True,0.0001,,,"{'balance': None, 'classify__n_components': None, 'classify__shrinkage': 0.2, 'classify__solver': 'lsqr', 'classify__store_covariance': True, 'classify__tol': 0.0001, 'select': None, 'transform': None}",0.5345506383039953,0.507534170706216,0.4831085558330331,0.5083977882810814,0.021010018859646172,19,0.5322708113804004,0.6350105374077977,0.6580662322117302,0.6084491936666429,0.05468242076776704,19,0.5649717514124294,0.6101694915254238,0.5965909090909091,0.5905773840095874,0.018935518490537102,11
0.0011231104532877605,5.3483168007999165e-05,0.0024889310201009116,2.5598897720375635e-05,,,0.3,lsqr,True,0.0001,,,"{'balance': None, 'classify__n_components': None, 'classify__shrinkage': 0.3, 'classify__solver': 'lsqr', 'classify__store_covariance': True, 'classify__tol': 0.0001, 'select': None, 'transform': None}",0.5312340192119025,0.507534170706216,0.4831085558330331,0.5072922485837171,0.019647882856137302,23,0.5210748155953635,0.6213119072708114,0.6575342465753424,0.5999736564805058,0.05771646088674872,23,0.5649717514124294,0.6101694915254238,0.5965909090909091,0.5905773840095874,0.018935518490537102,11
0.0012459754943847656,6.929194840029817e-06,0.002463181813557943,6.883469153573507e-06,,,0.3,eigen,True,0.0001,,,"{'balance': None, 'classify__n_components': None, 'classify__shrinkage': 0.3, 'classify__solver': 'eigen', 'classify__store_covariance': True, 'classify__tol': 0.0001, 'select': None, 'transform': None}",0.5312340192119025,0.507534170706216,0.4831085558330331,0.5072922485837171,0.019647882856137302,23,0.5210748155953635,0.6213119072708114,0.6575342465753424,0.5999736564805058,0.05771646088674872,23,0.5649717514124294,0.6101694915254238,0.5965909090909091,0.5905773840095874,0.018935518490537102,11
0.001108090082804362,3.413431024742007e-05,0.0025037924448649087,9.915334128887536e-06,,1,0.3,lsqr,True,0.0001,,,"{'balance': None, 'classify__n_components': 1, 'classify__shrinkage': 0.3, 'classify__solver': 'lsqr', 'classify__store_covariance': True, 'classify__tol': 0.0001, 'select': None, 'transform': None}",0.5312340192119025,0.507534170706216,0.4831085558330331,0.5072922485837171,0.019647882856137302,23,0.5210748155953635,0.6213119072708114,0.6575342465753424,0.5999736564805058,0.05771646088674872,23,0.5649717514124294,0.6101694915254238,0.5965909090909091,0.5905773840095874,0.018935518490537102,11
0.0013170242309570312,3.14881058081109e-05,0.0025490125020345054,2.1612819169567034e-05,,1,0.3,eigen,True,0.0001,,,"{'balance': None, 'classify__n_components': 1, 'classify__shrinkage': 0.3, 'classify__solver': 'eigen', 'classify__store_covariance': True, 'classify__tol': 0.0001, 'select': None, 'transform': None}",0.5312340192119025,0.507534170706216,0.4831085558330331,0.5072922485837171,0.019647882856137302,23,0.5210748155953635,0.6213119072708114,0.6575342465753424,0.5999736564805058,0.05771646088674872,23,0.5649717514124294,0.6101694915254238,0.5965909090909091,0.5905773840095874,0.018935518490537102,11
0.0011209646860758464,5.245943210696665e-05,0.002452850341796875,7.963418481131102e-05,,1,0.7,lsqr,True,0.0001,,,"{'balance': None, 'classify__n_components': 1, 'classify__shrinkage': 0.7, 'classify__solver': 'lsqr', 'classify__store_covariance': True, 'classify__tol': 0.0001, 'select': None, 'transform': None}",0.5167464172831051,0.5306918234661321,0.47179144385026733,0.5064098948665015,0.025132269448857388,27,0.5051369863013699,0.5974710221285563,0.6510174225295917,0.5845418103198393,0.060253070776683626,43,0.5423728813559322,0.5988700564971752,0.5909090909090909,0.5773840095873993,0.024969028392575296,43
0.001285235087076823,2.3181294574901615e-05,0.0025316874186197915,2.26696941749362e-05,,1,0.7,eigen,True,0.0001,,,"{'balance': None, 'classify__n_components': 1, 'classify__shrinkage': 0.7, 'classify__solver': 'eigen', 'classify__store_covariance': True, 'classify__tol': 0.0001, 'select': None, 'transform': None}",0.5167464172831051,0.5306918234661321,0.47179144385026733,0.5064098948665015,0.025132269448857388,27,0.5051369863013699,0.5974710221285563,0.6510174225295917,0.5845418103198393,0.060253070776683626,43,0.5423728813559322,0.5988700564971752,0.5909090909090909,0.5773840095873993,0.024969028392575296,43
0.001824776331583659,0.0006150078712491488,0.0034813880920410156,0.0012892629372314745,,,0.7,eigen,True,0.0001,,,"{'balance': None, 'classify__n_components': None, 'classify__shrinkage': 0.7, 'classify__solver': 'eigen', 'classify__store_covariance': True, 'classify__tol': 0.0001, 'select': None, 'transform': None}",0.5167464172831051,0.5306918234661321,0.47179144385026733,0.5064098948665015,0.025132269448857388,27,0.5051369863013699,0.5974710221285563,0.6510174225295917,0.5845418103198393,0.060253070776683626,43,0.5423728813559322,0.5988700564971752,0.5909090909090909,0.5773840095873993,0.024969028392575296,43
0.0022905667622884116,9.923146877019864e-05,0.005291302998860677,0.00015835018648473545,,,0.7,lsqr,True,0.0001,,,"{'balance': None, 'classify__n_components': None, 'classify__shrinkage': 0.7, 'classify__solver': 'lsqr', 'classify__store_covariance': True, 'classify__tol': 0.0001, 'select': None, 'transform': None}",0.5167464172831051,0.5306918234661321,0.47179144385026733,0.5064098948665015,0.025132269448857388,27,0.5051369863013699,0.5974710221285563,0.6510174225295917,0.5845418103198393,0.060253070776683626,43,0.5423728813559322,0.5988700564971752,0.5909090909090909,0.5773840095873993,0.024969028392575296,43
0.0012649695078531902,9.842449776842898e-06,0.0025583108266194663,2.628618146346605e-06,,,0.1,eigen,True,0.0001,,,"{'balance': None, 'classify__n_components': None, 'classify__shrinkage': 0.1, 'classify__solver': 'eigen', 'classify__store_covariance': True, 'classify__tol': 0.0001, 'select': None, 'transform': None}",0.5301116355367396,0.5181478492212955,0.4652972817606964,0.5045189221729105,0.028160680072507372,31,0.5434668071654373,0.6413329820864067,0.6535443543024337,0.6127813811847592,0.049265688069619916,15,0.559322033898305,0.615819209039548,0.5795454545454546,0.5848955658277691,0.023373068088221156,31
0.0010877450307210286,1.6112032087911234e-05,0.002485513687133789,2.047162864684807e-05,,,0.1,lsqr,True,0.0001,,,"{'balance': None, 'classify__n_components': None, 'classify__shrinkage': 0.1, 'classify__solver': 'lsqr', 'classify__store_covariance': True, 'classify__tol': 0.0001, 'select': None, 'transform': None}",0.5301116355367396,0.5181478492212955,0.4652972817606964,0.5045189221729105,0.028160680072507372,31,0.5434668071654373,0.6413329820864067,0.6535443543024337,0.6127813811847592,0.049265688069619916,15,0.559322033898305,0.615819209039548,0.5795454545454546,0.5848955658277691,0.023373068088221156,31
0.0019713242848714194,0.0007879579861252007,0.003866910934448242,0.0017772190744377622,,1,0.1,eigen,True,0.0001,,,"{'balance': None, 'classify__n_components': 1, 'classify__shrinkage': 0.1, 'classify__solver': 'eigen', 'classify__store_covariance': True, 'classify__tol': 0.0001, 'select': None, 'transform': None}",0.5301116355367396,0.5181478492212955,0.4652972817606964,0.5045189221729105,0.028160680072507372,31,0.5434668071654373,0.6413329820864067,0.6535443543024337,0.6127813811847592,0.049265688069619916,15,0.559322033898305,0.615819209039548,0.5795454545454546,0.5848955658277691,0.023373068088221156,31
0.001722256342569987,0.0006641966013540382,0.003294070561726888,0.000593322580552081,,1,0.1,lsqr,True,0.0001,,,"{'balance': None, 'classify__n_components': 1, 'classify__shrinkage': 0.1, 'classify__solver': 'lsqr', 'classify__store_covariance': True, 'classify__tol': 0.0001, 'select': None, 'transform': None}",0.5301116355367396,0.5181478492212955,0.4652972817606964,0.5045189221729105,0.028160680072507372,31,0.5434668071654373,0.6413329820864067,0.6535443543024337,0.6127813811847592,0.049265688069619916,15,0.559322033898305,0.615819209039548,0.5795454545454546,0.5848955658277691,0.023373068088221156,31
0.0012539227803548176,1.9410585052498894e-05,0.0024503072102864585,1.5564105738623334e-05,,,0.4,eigen,True,0.0001,,,"{'balance': None, 'classify__n_components': None, 'classify__shrinkage': 0.4, 'classify__solver': 'eigen', 'classify__store_covariance': True, 'classify__tol': 0.0001, 'select': None, 'transform': None}",0.5074052556686621,0.507534170706216,0.4831085558330331,0.49934932740263704,0.011484080304310241,35,0.5113277133825078,0.6120916754478398,0.6516824045750764,0.5917005978018081,0.0590858520607384,27,0.5480225988700564,0.6101694915254238,0.5965909090909091,0.5849276664954631,0.026678111971672035,23
0.0010682741800944011,1.271516083700855e-05,0.0024939378102620444,4.297725897170944e-05,,,0.4,lsqr,True,0.0001,,,"{'balance': None, 'classify__n_components': None, 'classify__shrinkage': 0.4, 'classify__solver': 'lsqr', 'classify__store_covariance': True, 'classify__tol': 0.0001, 'select': None, 'transform': None}",0.5074052556686621,0.507534170706216,0.4831085558330331,0.49934932740263704,0.011484080304310241,35,0.5113277133825078,0.6120916754478398,0.6516824045750764,0.5917005978018081,0.0590858520607384,27,0.5480225988700564,0.6101694915254238,0.5965909090909091,0.5849276664954631,0.026678111971672035,23
0.0012412071228027344,7.440799014247529e-06,0.0024582544962565103,9.509551170907939e-06,,,0.5,eigen,True,0.0001,,,"{'balance': None, 'classify__n_components': None, 'classify__shrinkage': 0.5, 'classify__solver': 'eigen', 'classify__store_covariance': True, 'classify__tol': 0.0001, 'select': None, 'transform': None}",0.5074052556686621,0.507534170706216,0.4831085558330331,0.49934932740263704,0.011484080304310241,35,0.5071127502634352,0.6068229715489988,0.6480915015294587,0.587342407780631,0.059179790191595645,31,0.5480225988700564,0.6101694915254238,0.5965909090909091,0.5849276664954631,0.026678111971672035,23
0.001077890396118164,1.6822735648570248e-05,0.002464453379313151,4.9094290735219565e-05,,,0.5,lsqr,True,0.0001,,,"{'balance': None, 'classify__n_components': None, 'classify__shrinkage': 0.5, 'classify__solver': 'lsqr', 'classify__store_covariance': True, 'classify__tol': 0.0001, 'select': None, 'transform': None}",0.5074052556686621,0.507534170706216,0.4831085558330331,0.49934932740263704,0.011484080304310241,35,0.5071127502634352,0.6068229715489988,0.6480915015294587,0.587342407780631,0.059179790191595645,31,0.5480225988700564,0.6101694915254238,0.5965909090909091,0.5849276664954631,0.026678111971672035,23
0.0010968844095865886,5.924860261159198e-06,0.0025282700856526694,1.546885676649331e-05,,1,0.5,lsqr,True,0.0001,,,"{'balance': None, 'classify__n_components': 1, 'classify__shrinkage': 0.5, 'classify__solver': 'lsqr', 'classify__store_covariance': True, 'classify__tol': 0.0001, 'select': None, 'transform': None}",0.5074052556686621,0.507534170706216,0.4831085558330331,0.49934932740263704,0.011484080304310241,35,0.5071127502634352,0.6068229715489988,0.6480915015294587,0.587342407780631,0.059179790191595645,31,0.5480225988700564,0.6101694915254238,0.5965909090909091,0.5849276664954631,0.026678111971672035,23
0.0022560755411783853,0.0006972992640161924,0.004355986913045247,0.0013108483935743652,,1,0.5,eigen,True,0.0001,,,"{'balance': None, 'classify__n_components': 1, 'classify__shrinkage': 0.5, 'classify__solver': 'eigen', 'classify__store_covariance': True, 'classify__tol': 0.0001, 'select': None, 'transform': None}",0.5074052556686621,0.507534170706216,0.4831085558330331,0.49934932740263704,0.011484080304310241,35,0.5071127502634352,0.6068229715489988,0.6480915015294587,0.587342407780631,0.059179790191595645,31,0.5480225988700564,0.6101694915254238,0.5965909090909091,0.5849276664954631,0.026678111971672035,23
0.0017926692962646484,0.0007867501955911761,0.0031704107920328775,0.0010979604735692002,,1,0.4,eigen,True,0.0001,,,"{'balance': None, 'classify__n_components': 1, 'classify__shrinkage': 0.4, 'classify__solver': 'eigen', 'classify__store_covariance': True, 'classify__tol': 0.0001, 'select': None, 'transform': None}",0.5074052556686621,0.507534170706216,0.4831085558330331,0.49934932740263704,0.011484080304310241,35,0.5113277133825078,0.6120916754478398,0.6516824045750764,0.5917005978018081,0.0590858520607384,27,0.5480225988700564,0.6101694915254238,0.5965909090909091,0.5849276664954631,0.026678111971672035,23
0.001086870829264323,2.5587052090795274e-05,0.0024550755818684897,4.574172267524999e-05,,1,0.4,lsqr,True,0.0001,,,"{'balance': None, 'classify__n_components': 1, 'classify__shrinkage': 0.4, 'classify__solver': 'lsqr', 'classify__store_covariance': True, 'classify__tol': 0.0001, 'select': None, 'transform': None}",0.5074052556686621,0.507534170706216,0.4831085558330331,0.49934932740263704,0.011484080304310241,35,0.5113277133825078,0.6120916754478398,0.6516824045750764,0.5917005978018081,0.0590858520607384,27,0.5480225988700564,0.6101694915254238,0.5965909090909091,0.5849276664954631,0.026678111971672035,23
0.0012436707814534504,1.4949349792515433e-05,0.0024410088857014975,9.04385779439691e-06,,,0.6,eigen,True,0.0001,,,"{'balance': None, 'classify__n_components': None, 'classify__shrinkage': 0.6, 'classify__solver': 'eigen', 'classify__store_covariance': True, 'classify__tol': 0.0001, 'select': None, 'transform': None}",0.5068825396904428,0.507534170706216,0.47179144385026733,0.4954027180823087,0.01669781141129331,43,0.506322444678609,0.6005005268703898,0.6484904907567496,0.5851044874352495,0.05905204966318767,35,0.5423728813559322,0.6101694915254238,0.5909090909090909,0.5811504879301489,0.028525051407420378,35
0.0010839303334554036,1.544679282686073e-05,0.002447366714477539,5.751771012217912e-06,,,0.6,lsqr,True,0.0001,,,"{'balance': None, 'classify__n_components': None, 'classify__shrinkage': 0.6, 'classify__solver': 'lsqr', 'classify__store_covariance': True, 'classify__tol': 0.0001, 'select': None, 'transform': None}",0.5068825396904428,0.507534170706216,0.47179144385026733,0.4954027180823087,0.01669781141129331,43,0.506322444678609,0.6005005268703898,0.6484904907567496,0.5851044874352495,0.05905204966318767,35,0.5423728813559322,0.6101694915254238,0.5909090909090909,0.5811504879301489,0.028525051407420378,35
0.0014448960622151692,0.0005557781128934625,0.002443393071492513,6.920064747082045e-05,,1,0.6,lsqr,True,0.0001,,,"{'balance': None, 'classify__n_components': 1, 'classify__shrinkage': 0.6, 'classify__solver': 'lsqr', 'classify__store_covariance': True, 'classify__tol': 0.0001, 'select': None, 'transform': None}",0.5068825396904428,0.507534170706216,0.47179144385026733,0.4954027180823087,0.01669781141129331,43,0.506322444678609,0.6005005268703898,0.6484904907567496,0.5851044874352495,0.05905204966318767,35,0.5423728813559322,0.6101694915254238,0.5909090909090909,0.5811504879301489,0.028525051407420378,35
0.0012135505676269531,2.439182480688541e-06,0.0023958683013916016,9.178341176471785e-06,,1,0.6,eigen,True,0.0001,,,"{'balance': None, 'classify__n_components': 1, 'classify__shrinkage': 0.6, 'classify__solver': 'eigen', 'classify__store_covariance': True, 'classify__tol': 0.0001, 'select': None, 'transform': None}",0.5068825396904428,0.507534170706216,0.47179144385026733,0.4954027180823087,0.01669781141129331,43,0.506322444678609,0.6005005268703898,0.6484904907567496,0.5851044874352495,0.05905204966318767,35,0.5423728813559322,0.6101694915254238,0.5909090909090909,0.5811504879301489,0.028525051407420378,35
0.001252889633178711,1.768266663563553e-05,0.0024592081705729165,1.275087486460317e-05,,1,0.9,eigen,True,0.0001,,,"{'balance': None, 'classify__n_components': 1, 'classify__shrinkage': 0.9, 'classify__solver': 'eigen', 'classify__store_covariance': True, 'classify__tol': 0.0001, 'select': None, 'transform': None}",0.42851935744226616,0.5836472065285625,0.47179144385026733,0.4946526692736986,0.06536124800639846,47,0.48722339304531087,0.5989199157007377,0.6681739593030989,0.5847724226830492,0.07454703448726265,39,0.4350282485875706,0.6045197740112994,0.5909090909090909,0.5434857045026537,0.07689203461697153,47
0.0015638669331868489,0.0006619226976550317,0.002550204594930013,8.309411013088059e-05,,1,0.9,lsqr,True,0.0001,,,"{'balance': None, 'classify__n_components': 1, 'classify__shrinkage': 0.9, 'classify__solver': 'lsqr', 'classify__store_covariance': True, 'classify__tol': 0.0001, 'select': None, 'transform': None}",0.42851935744226616,0.5836472065285625,0.47179144385026733,0.4946526692736986,0.06536124800639846,47,0.48722339304531087,0.5989199157007377,0.6681739593030989,0.5847724226830492,0.07454703448726265,39,0.4350282485875706,0.6045197740112994,0.5909090909090909,0.5434857045026537,0.07689203461697153,47
0.0011680920918782551,5.553236800546903e-05,0.002561807632446289,9.661474728830779e-05,,,0.9,lsqr,True,0.0001,,,"{'balance': None, 'classify__n_components': None, 'classify__shrinkage': 0.9, 'classify__solver': 'lsqr', 'classify__store_covariance': True, 'classify__tol': 0.0001, 'select': None, 'transform': None}",0.42851935744226616,0.5836472065285625,0.47179144385026733,0.4946526692736986,0.06536124800639846,47,0.48722339304531087,0.5989199157007377,0.6681739593030989,0.5847724226830492,0.07454703448726265,39,0.4350282485875706,0.6045197740112994,0.5909090909090909,0.5434857045026537,0.07689203461697153,47
0.0013086795806884766,3.872718242831684e-05,0.0025544166564941406,7.986227631762667e-05,,,0.9,eigen,True,0.0001,,,"{'balance': None, 'classify__n_components': None, 'classify__shrinkage': 0.9, 'classify__solver': 'eigen', 'classify__store_covariance': True, 'classify__tol': 0.0001, 'select': None, 'transform': None}",0.42851935744226616,0.5836472065285625,0.47179144385026733,0.4946526692736986,0.06536124800639846,47,0.48722339304531087,0.5989199157007377,0.6681739593030989,0.5847724226830492,0.07454703448726265,39,0.4350282485875706,0.6045197740112994,0.5909090909090909,0.5434857045026537,0.07689203461697153,47
0.0012436707814534504,8.153621056035744e-06,0.0024710496266682944,2.9654347432502338e-05,,1,1.0,eigen,True,0.0001,,,"{'balance': None, 'classify__n_components': 1, 'classify__shrinkage': 1.0, 'classify__solver': 'eigen', 'classify__store_covariance': True, 'classify__tol': 0.0001, 'select': None, 'transform': None}",0.35392598961525207,0.5061130107500431,0.508387114721264,0.45614203836218636,0.07228362356391531,51,0.47760800842992623,0.5957586933614331,0.6689719377576806,0.5807795465163467,0.07883873621553658,51,0.4124293785310734,0.519774011299435,0.6022727272727273,0.5114920390344119,0.07772415996677079,51
0.0010522206624348958,6.949218825880424e-06,0.0024383862813313804,2.4129666874116345e-05,,1,1.0,lsqr,True,0.0001,,,"{'balance': None, 'classify__n_components': 1, 'classify__shrinkage': 1.0, 'classify__solver': 'lsqr', 'classify__store_covariance': True, 'classify__tol': 0.0001, 'select': None, 'transform': None}",0.35392598961525207,0.5061130107500431,0.508387114721264,0.45614203836218636,0.07228362356391531,51,0.47760800842992623,0.5957586933614331,0.6689719377576806,0.5807795465163467,0.07883873621553658,51,0.4124293785310734,0.519774011299435,0.6022727272727273,0.5114920390344119,0.07772415996677079,51
0.0011840661366780598,0.00010269492647809685,0.002597808837890625,4.2449667531091316e-05,,,1.0,lsqr,True,0.0001,,,"{'balance': None, 'classify__n_components': None, 'classify__shrinkage': 1.0, 'classify__solver': 'lsqr', 'classify__store_covariance': True, 'classify__tol': 0.0001, 'select': None, 'transform': None}",0.35392598961525207,0.5061130107500431,0.508387114721264,0.45614203836218636,0.07228362356391531,51,0.47760800842992623,0.5957586933614331,0.6689719377576806,0.5807795465163467,0.07883873621553658,51,0.4124293785310734,0.519774011299435,0.6022727272727273,0.5114920390344119,0.07772415996677079,51
0.0012610753377278645,3.9169075900818315e-05,0.0025312105814615884,6.87457233284983e-05,,,1.0,eigen,True,0.0001,,,"{'balance': None, 'classify__n_components': None, 'classify__shrinkage': 1.0, 'classify__solver': 'eigen', 'classify__store_covariance': True, 'classify__tol': 0.0001, 'select': None, 'transform': None}",0.35392598961525207,0.5061130107500431,0.508387114721264,0.45614203836218636,0.07228362356391531,51,0.47760800842992623,0.5957586933614331,0.6689719377576806,0.5807795465163467,0.07883873621553658,51,0.4124293785310734,0.519774011299435,0.6022727272727273,0.5114920390344119,0.07772415996677079,51
0.0008680025736490885,0.0002685853695335873,0.0,0.0,,1,0.4,svd,True,0.0001,,,"{'balance': None, 'classify__n_components': 1, 'classify__shrinkage': 0.4, 'classify__solver': 'svd', 'classify__store_covariance': True, 'classify__tol': 0.0001, 'select': None, 'transform': None}",,,,,,55,,,,,,55,,,,,,55
0.0005055268605550131,1.1485959221610812e-05,0.0,0.0,,1,0.1,svd,True,0.0001,,,"{'balance': None, 'classify__n_components': 1, 'classify__shrinkage': 0.1, 'classify__solver': 'svd', 'classify__store_covariance': True, 'classify__tol': 0.0001, 'select': None, 'transform': None}",,,,,,55,,,,,,55,,,,,,55
0.0004932085673014323,1.3151737818935178e-05,0.0,0.0,,1,0.8,svd,True,0.0001,,,"{'balance': None, 'classify__n_components': 1, 'classify__shrinkage': 0.8, 'classify__solver': 'svd', 'classify__store_covariance': True, 'classify__tol': 0.0001, 'select': None, 'transform': None}",,,,,,55,,,,,,55,,,,,,55
0.0004833539326985677,1.5545833951719663e-05,0.0,0.0,,1,0.7,svd,True,0.0001,,,"{'balance': None, 'classify__n_components': 1, 'classify__shrinkage': 0.7, 'classify__solver': 'svd', 'classify__store_covariance': True, 'classify__tol': 0.0001, 'select': None, 'transform': None}",,,,,,55,,,,,,55,,,,,,55
0.000896612803141276,9.199648620915593e-07,0.0,0.0,,1,0.6,svd,True,0.0001,,,"{'balance': None, 'classify__n_components': 1, 'classify__shrinkage': 0.6, 'classify__solver': 'svd', 'classify__store_covariance': True, 'classify__tol': 0.0001, 'select': None, 'transform': None}",,,,,,55,,,,,,55,,,,,,55
0.0005025068918863932,6.209063525080557e-06,0.0,0.0,,1,0.5,svd,True,0.0001,,,"{'balance': None, 'classify__n_components': 1, 'classify__shrinkage': 0.5, 'classify__solver': 'svd', 'classify__store_covariance': True, 'classify__tol': 0.0001, 'select': None, 'transform': None}",,,,,,55,,,,,,55,,,,,,55
0.0011308987935384114,8.369031739596135e-05,0.0,0.0,,1,0.0,svd,True,0.0001,,,"{'balance': None, 'classify__n_components': 1, 'classify__shrinkage': 0.0, 'classify__solver': 'svd', 'classify__store_covariance': True, 'classify__tol': 0.0001, 'select': None, 'transform': None}",,,,,,55,,,,,,55,,,,,,55
0.0011084874471028645,1.2586353420655364e-05,0.0,0.0,,1,auto,svd,True,0.0001,,,"{'balance': None, 'classify__n_components': 1, 'classify__shrinkage': 'auto', 'classify__solver': 'svd', 'classify__store_covariance': True, 'classify__tol': 0.0001, 'select': None, 'transform': None}",,,,,,55,,,,,,55,,,,,,55
0.0007112026214599609,0.00029250497491354347,0.0,0.0,,1,0.2,svd,True,0.0001,,,"{'balance': None, 'classify__n_components': 1, 'classify__shrinkage': 0.2, 'classify__solver': 'svd', 'classify__store_covariance': True, 'classify__tol': 0.0001, 'select': None, 'transform': None}",,,,,,55,,,,,,55,,,,,,55
0.0007374286651611328,0.00029179557594117097,0.0,0.0,,1,0.3,svd,True,0.0001,,,"{'balance': None, 'classify__n_components': 1, 'classify__shrinkage': 0.3, 'classify__solver': 'svd', 'classify__store_covariance': True, 'classify__tol': 0.0001, 'select': None, 'transform': None}",,,,,,55,,,,,,55,,,,,,55
0.00047270456949869793,5.458807869299062e-06,0.0,0.0,,,0.6,svd,True,0.0001,,,"{'balance': None, 'classify__n_components': None, 'classify__shrinkage': 0.6, 'classify__solver': 'svd', 'classify__store_covariance': True, 'classify__tol': 0.0001, 'select': None, 'transform': None}",,,,,,55,,,,,,55,,,,,,55
0.00047842661539713543,7.605349213454084e-06,0.0,0.0,,,0.5,svd,True,0.0001,,,"{'balance': None, 'classify__n_components': None, 'classify__shrinkage': 0.5, 'classify__solver': 'svd', 'classify__store_covariance': True, 'classify__tol': 0.0001, 'select': None, 'transform': None}",,,,,,55,,,,,,55,,,,,,55
0.0004774729410807292,9.469617268962835e-06,0.0,0.0,,,0.4,svd,True,0.0001,,,"{'balance': None, 'classify__n_components': None, 'classify__shrinkage': 0.4, 'classify__solver': 'svd', 'classify__store_covariance': True, 'classify__tol': 0.0001, 'select': None, 'transform': None}",,,,,,55,,,,,,55,,,,,,55
0.0004947185516357422,1.770194397159102e-05,0.0,0.0,,,0.3,svd,True,0.0001,,,"{'balance': None, 'classify__n_components': None, 'classify__shrinkage': 0.3, 'classify__solver': 'svd', 'classify__store_covariance': True, 'classify__tol': 0.0001, 'select': None, 'transform': None}",,,,,,55,,,,,,55,,,,,,55
0.0004810492197672526,8.206895601543162e-06,0.0,0.0,,,0.2,svd,True,0.0001,,,"{'balance': None, 'classify__n_components': None, 'classify__shrinkage': 0.2, 'classify__solver': 'svd', 'classify__store_covariance': True, 'classify__tol': 0.0001, 'select': None, 'transform': None}",,,,,,55,,,,,,55,,,,,,55
0.0004843870798746745,7.989295553755565e-06,0.0,0.0,,,0.1,svd,True,0.0001,,,"{'balance': None, 'classify__n_components': None, 'classify__shrinkage': 0.1, 'classify__solver': 'svd', 'classify__store_covariance': True, 'classify__tol': 0.0001, 'select': None, 'transform': None}",,,,,,55,,,,,,55,,,,,,55
0.0004763603210449219,1.2030101596396316e-05,0.0,0.0,,,auto,svd,True,0.0001,,,"{'balance': None, 'classify__n_components': None, 'classify__shrinkage': 'auto', 'classify__solver': 'svd', 'classify__store_covariance': True, 'classify__tol': 0.0001, 'select': None, 'transform': None}",,,,,,55,,,,,,55,,,,,,55
0.0009287993113199869,1.882383089162674e-05,0.0,0.0,,,0.0,svd,True,0.0001,,,"{'balance': None, 'classify__n_components': None, 'classify__shrinkage': 0.0, 'classify__solver': 'svd', 'classify__store_covariance': True, 'classify__tol': 0.0001, 'select': None, 'transform': None}",,,,,,55,,,,,,55,,,,,,55
0.0004764397939046224,4.777634418865565e-06,0.0,0.0,,1,1.0,svd,True,0.0001,,,"{'balance': None, 'classify__n_components': 1, 'classify__shrinkage': 1.0, 'classify__solver': 'svd', 'classify__store_covariance': True, 'classify__tol': 0.0001, 'select': None, 'transform': None}",,,,,,55,,,,,,55,,,,,,55
0.0005009174346923828,1.3664248356622745e-05,0.0,0.0,,1,0.9,svd,True,0.0001,,,"{'balance': None, 'classify__n_components': 1, 'classify__shrinkage': 0.9, 'classify__solver': 'svd', 'classify__store_covariance': True, 'classify__tol': 0.0001, 'select': None, 'transform': None}",,,,,,55,,,,,,55,,,,,,55
0.0004989306131998698,7.289875218371472e-06,0.0,0.0,,,0.8,svd,True,0.0001,,,"{'balance': None, 'classify__n_components': None, 'classify__shrinkage': 0.8, 'classify__solver': 'svd', 'classify__store_covariance': True, 'classify__tol': 0.0001, 'select': None, 'transform': None}",,,,,,55,,,,,,55,,,,,,55
0.0010441939036051433,6.476838161449435e-05,0.0,0.0,,,0.7,svd,True,0.0001,,,"{'balance': None, 'classify__n_components': None, 'classify__shrinkage': 0.7, 'classify__solver': 'svd', 'classify__store_covariance': True, 'classify__tol': 0.0001, 'select': None, 'transform': None}",,,,,,55,,,,,,55,,,,,,55
0.0005141894022623698,1.5144532979525363e-05,0.0,0.0,,,1.0,svd,True,0.0001,,,"{'balance': None, 'classify__n_components': None, 'classify__shrinkage': 1.0, 'classify__solver': 'svd', 'classify__store_covariance': True, 'classify__tol': 0.0001, 'select': None, 'transform': None}",,,,,,55,,,,,,55,,,,,,55
0.0005399386088053385,1.4105481129110273e-05,0.0,0.0,,,0.9,svd,True,0.0001,,,"{'balance': None, 'classify__n_components': None, 'classify__shrinkage': 0.9, 'classify__solver': 'svd', 'classify__store_covariance': True, 'classify__tol': 0.0001, 'select': None, 'transform': None}",,,,,,55,,,,,,55,,,,,,55
0.00037550926208496094,0.00015432675813761138,0.0,0.0,RandomUnderSampler(random_state=42),1,,svd,True,0.0001,,,"{'balance': RandomUnderSampler(random_state=42), 'classify__n_components': 1, 'classify__shrinkage': None, 'classify__solver': 'svd', 'classify__store_covariance': True, 'classify__tol': 0.0001, 'select': None, 'transform': None}",,,,,,55,,,,,,55,,,,,,55
0.00024398167928059897,3.4071526702604324e-06,0.0,0.0,RandomUnderSampler(random_state=42),1,,lsqr,True,0.0001,,,"{'balance': RandomUnderSampler(random_state=42), 'classify__n_components': 1, 'classify__shrinkage': None, 'classify__solver': 'lsqr', 'classify__store_covariance': True, 'classify__tol': 0.0001, 'select': None, 'transform': None}",,,,,,55,,,,,,55,,,,,,55
0.00023833910624186197,1.2774628746619246e-05,0.0,0.0,RandomUnderSampler(random_state=42),1,,eigen,True,0.0001,,,"{'balance': RandomUnderSampler(random_state=42), 'classify__n_components': 1, 'classify__shrinkage': None, 'classify__solver': 'eigen', 'classify__store_covariance': True, 'classify__tol': 0.0001, 'select': None, 'transform': None}",,,,,,55,,,,,,55,,,,,,55
0.00024096171061197916,1.037661154680218e-05,0.0,0.0,RandomUnderSampler(random_state=42),1,auto,svd,True,0.0001,,,"{'balance': RandomUnderSampler(random_state=42), 'classify__n_components': 1, 'classify__shrinkage': 'auto', 'classify__solver': 'svd', 'classify__store_covariance': True, 'classify__tol': 0.0001, 'select': None, 'transform': None}",,,,,,55,,,,,,55,,,,,,55
0.0002350012461344401,8.80608058088274e-06,0.0,0.0,RandomUnderSampler(random_state=42),1,auto,lsqr,True,0.0001,,,"{'balance': RandomUnderSampler(random_state=42), 'classify__n_components': 1, 'classify__shrinkage': 'auto', 'classify__solver': 'lsqr', 'classify__store_covariance': True, 'classify__tol': 0.0001, 'select': None, 'transform': None}",,,,,,55,,,,,,55,,,,,,55
0.00023516019185384115,1.195637413681519e-05,0.0,0.0,RandomUnderSampler(random_state=42),1,auto,eigen,True,0.0001,,,"{'balance': RandomUnderSampler(random_state=42), 'classify__n_components': 1, 'classify__shrinkage': 'auto', 'classify__solver': 'eigen', 'classify__store_covariance': True, 'classify__tol': 0.0001, 'select': None, 'transform': None}",,,,,,55,,,,,,55,,,,,,55
0.00024406115214029947,8.654152894236909e-06,0.0,0.0,RandomUnderSampler(random_state=42),1,0.0,svd,True,0.0001,,,"{'balance': RandomUnderSampler(random_state=42), 'classify__n_components': 1, 'classify__shrinkage': 0.0, 'classify__solver': 'svd', 'classify__store_covariance': True, 'classify__tol': 0.0001, 'select': None, 'transform': None}",,,,,,55,,,,,,55,,,,,,55
0.000240325927734375,8.611719561566525e-06,0.0,0.0,RandomUnderSampler(random_state=42),1,0.0,lsqr,True,0.0001,,,"{'balance': RandomUnderSampler(random_state=42), 'classify__n_components': 1, 'classify__shrinkage': 0.0, 'classify__solver': 'lsqr', 'classify__store_covariance': True, 'classify__tol': 0.0001, 'select': None, 'transform': None}",,,,,,55,,,,,,55,,,,,,55
0.00024509429931640625,1.0815902921880488e-05,0.0,0.0,RandomUnderSampler(random_state=42),1,0.0,eigen,True,0.0001,,,"{'balance': RandomUnderSampler(random_state=42), 'classify__n_components': 1, 'classify__shrinkage': 0.0, 'classify__solver': 'eigen', 'classify__store_covariance': True, 'classify__tol': 0.0001, 'select': None, 'transform': None}",,,,,,55,,,,,,55,,,,,,55
0.00035182634989420575,0.00013478367394165018,0.0,0.0,RandomUnderSampler(random_state=42),1,0.1,svd,True,0.0001,,,"{'balance': RandomUnderSampler(random_state=42), 'classify__n_components': 1, 'classify__shrinkage': 0.1, 'classify__solver': 'svd', 'classify__store_covariance': True, 'classify__tol': 0.0001, 'select': None, 'transform': None}",,,,,,55,,,,,,55,,,,,,55
0.00023857752482096353,2.3548654540426023e-06,0.0,0.0,RandomUnderSampler(random_state=42),1,0.1,lsqr,True,0.0001,,,"{'balance': RandomUnderSampler(random_state=42), 'classify__n_components': 1, 'classify__shrinkage': 0.1, 'classify__solver': 'lsqr', 'classify__store_covariance': True, 'classify__tol': 0.0001, 'select': None, 'transform': None}",,,,,,55,,,,,,55,,,,,,55
0.0002304712931315104,8.296448897269814e-06,0.0,0.0,RandomUnderSampler(random_state=42),1,0.1,eigen,True,0.0001,,,"{'balance': RandomUnderSampler(random_state=42), 'classify__n_components': 1, 'classify__shrinkage': 0.1, 'classify__solver': 'eigen', 'classify__store_covariance': True, 'classify__tol': 0.0001, 'select': None, 'transform': None}",,,,,,55,,,,,,55,,,,,,55
0.00023317337036132812,8.697105420624067e-06,0.0,0.0,RandomUnderSampler(random_state=42),1,0.2,svd,True,0.0001,,,"{'balance': RandomUnderSampler(random_state=42), 'classify__n_components': 1, 'classify__shrinkage': 0.2, 'classify__solver': 'svd', 'classify__store_covariance': True, 'classify__tol': 0.0001, 'select': None, 'transform': None}",,,,,,55,,,,,,55,,,,,,55
0.00023063023885091147,5.314589658514813e-06,0.0,0.0,RandomUnderSampler(random_state=42),1,0.2,lsqr,True,0.0001,,,"{'balance': RandomUnderSampler(random_state=42), 'classify__n_components': 1, 'classify__shrinkage': 0.2, 'classify__solver': 'lsqr', 'classify__store_covariance': True, 'classify__tol': 0.0001, 'select': None, 'transform': None}",,,,,,55,,,,,,55,,,,,,55
0.00022713343302408853,1.0301473053777289e-05,0.0,0.0,RandomUnderSampler(random_state=42),1,0.2,eigen,True,0.0001,,,"{'balance': RandomUnderSampler(random_state=42), 'classify__n_components': 1, 'classify__shrinkage': 0.2, 'classify__solver': 'eigen', 'classify__store_covariance': True, 'classify__tol': 0.0001, 'select': None, 'transform': None}",,,,,,55,,,,,,55,,,,,,55
0.0002330938975016276,7.216730807461097e-06,0.0,0.0,RandomUnderSampler(random_state=42),1,0.3,svd,True,0.0001,,,"{'balance': RandomUnderSampler(random_state=42), 'classify__n_components': 1, 'classify__shrinkage': 0.3, 'classify__solver': 'svd', 'classify__store_covariance': True, 'classify__tol': 0.0001, 'select': None, 'transform': None}",,,,,,55,,,,,,55,,,,,,55
0.00023667017618815103,7.545319208410849e-06,0.0,0.0,RandomUnderSampler(random_state=42),1,0.3,lsqr,True,0.0001,,,"{'balance': RandomUnderSampler(random_state=42), 'classify__n_components': 1, 'classify__shrinkage': 0.3, 'classify__solver': 'lsqr', 'classify__store_covariance': True, 'classify__tol': 0.0001, 'select': None, 'transform': None}",,,,,,55,,,,,,55,,,,,,55
0.00022880236307779947,8.278157971699897e-06,0.0,0.0,RandomUnderSampler(random_state=42),1,0.3,eigen,True,0.0001,,,"{'balance': RandomUnderSampler(random_state=42), 'classify__n_components': 1, 'classify__shrinkage': 0.3, 'classify__solver': 'eigen', 'classify__store_covariance': True, 'classify__tol': 0.0001, 'select': None, 'transform': None}",,,,,,55,,,,,,55,,,,,,55
0.00023436546325683594,8.642467956729821e-06,0.0,0.0,RandomUnderSampler(random_state=42),1,0.4,svd,True,0.0001,,,"{'balance': RandomUnderSampler(random_state=42), 'classify__n_components': 1, 'classify__shrinkage': 0.4, 'classify__solver': 'svd', 'classify__store_covariance': True, 'classify__tol': 0.0001, 'select': None, 'transform': None}",,,,,,55,,,,,,55,,,,,,55
0.00023571650187174478,8.512875137819258e-06,0.0,0.0,RandomUnderSampler(random_state=42),1,0.4,lsqr,True,0.0001,,,"{'balance': RandomUnderSampler(random_state=42), 'classify__n_components': 1, 'classify__shrinkage': 0.4, 'classify__solver': 'lsqr', 'classify__store_covariance': True, 'classify__tol': 0.0001, 'select': None, 'transform': None}",,,,,,55,,,,,,55,,,,,,55
0.00023659070332845053,1.1703306187263128e-05,0.0,0.0,RandomUnderSampler(random_state=42),1,0.4,eigen,True,0.0001,,,"{'balance': RandomUnderSampler(random_state=42), 'classify__n_components': 1, 'classify__shrinkage': 0.4, 'classify__solver': 'eigen', 'classify__store_covariance': True, 'classify__tol': 0.0001, 'select': None, 'transform': None}",,,,,,55,,,,,,55,,,,,,55
0.00024350484212239584,1.225686909914953e-05,0.0,0.0,RandomUnderSampler(random_state=42),1,0.5,svd,True,0.0001,,,"{'balance': RandomUnderSampler(random_state=42), 'classify__n_components': 1, 'classify__shrinkage': 0.5, 'classify__solver': 'svd', 'classify__store_covariance': True, 'classify__tol': 0.0001, 'select': None, 'transform': None}",,,,,,55,,,,,,55,,,,,,55
0.00023905436197916666,5.224698357230377e-06,0.0,0.0,RandomUnderSampler(random_state=42),1,0.5,lsqr,True,0.0001,,,"{'balance': RandomUnderSampler(random_state=42), 'classify__n_components': 1, 'classify__shrinkage': 0.5, 'classify__solver': 'lsqr', 'classify__store_covariance': True, 'classify__tol': 0.0001, 'select': None, 'transform': None}",,,,,,55,,,,,,55,,,,,,55
0.0002429485321044922,3.7293015183290056e-06,0.0,0.0,RandomUnderSampler(random_state=42),1,0.5,eigen,True,0.0001,,,"{'balance': RandomUnderSampler(random_state=42), 'classify__n_components': 1, 'classify__shrinkage': 0.5, 'classify__solver': 'eigen', 'classify__store_covariance': True, 'classify__tol': 0.0001, 'select': None, 'transform': None}",,,,,,55,,,,,,55,,,,,,55
0.00023698806762695312,8.86327280780845e-06,0.0,0.0,RandomUnderSampler(random_state=42),1,0.6,svd,True,0.0001,,,"{'balance': RandomUnderSampler(random_state=42), 'classify__n_components': 1, 'classify__shrinkage': 0.6, 'classify__solver': 'svd', 'classify__store_covariance': True, 'classify__tol': 0.0001, 'select': None, 'transform': None}",,,,,,55,,,,,,55,,,,,,55
0.0002361933390299479,5.1221475742092185e-06,0.0,0.0,RandomUnderSampler(random_state=42),1,0.6,lsqr,True,0.0001,,,"{'balance': RandomUnderSampler(random_state=42), 'classify__n_components': 1, 'classify__shrinkage': 0.6, 'classify__solver': 'lsqr', 'classify__store_covariance': True, 'classify__tol': 0.0001, 'select': None, 'transform': None}",,,,,,55,,,,,,55,,,,,,55
0.0002319812774658203,7.481431665905194e-06,0.0,0.0,RandomUnderSampler(random_state=42),1,0.6,eigen,True,0.0001,,,"{'balance': RandomUnderSampler(random_state=42), 'classify__n_components': 1, 'classify__shrinkage': 0.6, 'classify__solver': 'eigen', 'classify__store_covariance': True, 'classify__tol': 0.0001, 'select': None, 'transform': None}",,,,,,55,,,,,,55,,,,,,55
0.00023404757181803385,7.5302369339464005e-06,0.0,0.0,RandomUnderSampler(random_state=42),1,0.7,svd,True,0.0001,,,"{'balance': RandomUnderSampler(random_state=42), 'classify__n_components': 1, 'classify__shrinkage': 0.7, 'classify__solver': 'svd', 'classify__store_covariance': True, 'classify__tol': 0.0001, 'select': None, 'transform': None}",,,,,,55,,,,,,55,,,,,,55
0.00023349126180013022,8.5617023183901e-06,0.0,0.0,RandomUnderSampler(random_state=42),1,0.7,lsqr,True,0.0001,,,"{'balance': RandomUnderSampler(random_state=42), 'classify__n_components': 1, 'classify__shrinkage': 0.7, 'classify__solver': 'lsqr', 'classify__store_covariance': True, 'classify__tol': 0.0001, 'select': None, 'transform': None}",,,,,,55,,,,,,55,,,,,,55
0.00023086865743001303,6.163118988781387e-06,0.0,0.0,RandomUnderSampler(random_state=42),1,0.7,eigen,True,0.0001,,,"{'balance': RandomUnderSampler(random_state=42), 'classify__n_components': 1, 'classify__shrinkage': 0.7, 'classify__solver': 'eigen', 'classify__store_covariance': True, 'classify__tol': 0.0001, 'select': None, 'transform': None}",,,,,,55,,,,,,55,,,,,,55
0.00024890899658203125,2.6197851807455436e-05,0.0,0.0,RandomUnderSampler(random_state=42),1,0.8,svd,True,0.0001,,,"{'balance': RandomUnderSampler(random_state=42), 'classify__n_components': 1, 'classify__shrinkage': 0.8, 'classify__solver': 'svd', 'classify__store_covariance': True, 'classify__tol': 0.0001, 'select': None, 'transform': None}",,,,,,55,,,,,,55,,,,,,55
0.00025383631388346356,7.370009816086851e-07,0.0,0.0,RandomUnderSampler(random_state=42),1,0.8,lsqr,True,0.0001,,,"{'balance': RandomUnderSampler(random_state=42), 'classify__n_components': 1, 'classify__shrinkage': 0.8, 'classify__solver': 'lsqr', 'classify__store_covariance': True, 'classify__tol': 0.0001, 'select': None, 'transform': None}",,,,,,55,,,,,,55,,,,,,55
0.00023849805196126303,1.035650594819101e-05,0.0,0.0,RandomUnderSampler(random_state=42),1,0.8,eigen,True,0.0001,,,"{'balance': RandomUnderSampler(random_state=42), 'classify__n_components': 1, 'classify__shrinkage': 0.8, 'classify__solver': 'eigen', 'classify__store_covariance': True, 'classify__tol': 0.0001, 'select': None, 'transform': None}",,,,,,55,,,,,,55,,,,,,55
0.000247955322265625,1.0060774382959402e-05,0.0,0.0,RandomUnderSampler(random_state=42),1,0.9,svd,True,0.0001,,,"{'balance': RandomUnderSampler(random_state=42), 'classify__n_components': 1, 'classify__shrinkage': 0.9, 'classify__solver': 'svd', 'classify__store_covariance': True, 'classify__tol': 0.0001, 'select': None, 'transform': None}",,,,,,55,,,,,,55,,,,,,55
0.0002449353535970052,5.455335712982977e-06,0.0,0.0,RandomUnderSampler(random_state=42),1,0.9,lsqr,True,0.0001,,,"{'balance': RandomUnderSampler(random_state=42), 'classify__n_components': 1, 'classify__shrinkage': 0.9, 'classify__solver': 'lsqr', 'classify__store_covariance': True, 'classify__tol': 0.0001, 'select': None, 'transform': None}",,,,,,55,,,,,,55,,,,,,55
0.00023984909057617188,6.432884961715718e-06,0.0,0.0,RandomUnderSampler(random_state=42),1,0.9,eigen,True,0.0001,,,"{'balance': RandomUnderSampler(random_state=42), 'classify__n_components': 1, 'classify__shrinkage': 0.9, 'classify__solver': 'eigen', 'classify__store_covariance': True, 'classify__tol': 0.0001, 'select': None, 'transform': None}",,,,,,55,,,,,,55,,,,,,55
0.00024358431498209635,7.398236034861901e-06,0.0,0.0,RandomUnderSampler(random_state=42),1,1.0,svd,True,0.0001,,,"{'balance': RandomUnderSampler(random_state=42), 'classify__n_components': 1, 'classify__shrinkage': 1.0, 'classify__solver': 'svd', 'classify__store_covariance': True, 'classify__tol': 0.0001, 'select': None, 'transform': None}",,,,,,55,,,,,,55,,,,,,55
0.0002467632293701172,1.7302466278932287e-06,0.0,0.0,RandomUnderSampler(random_state=42),1,1.0,lsqr,True,0.0001,,,"{'balance': RandomUnderSampler(random_state=42), 'classify__n_components': 1, 'classify__shrinkage': 1.0, 'classify__solver': 'lsqr', 'classify__store_covariance': True, 'classify__tol': 0.0001, 'select': None, 'transform': None}",,,,,,55,,,,,,55,,,,,,55
0.00024573008219401043,4.545958724363674e-06,0.0,0.0,RandomUnderSampler(random_state=42),1,1.0,eigen,True,0.0001,,,"{'balance': RandomUnderSampler(random_state=42), 'classify__n_components': 1, 'classify__shrinkage': 1.0, 'classify__solver': 'eigen', 'classify__store_covariance': True, 'classify__tol': 0.0001, 'select': None, 'transform': None}",,,,,,55,,,,,,55,,,,,,55
0.00026686986287434894,2.2876038684690504e-05,0.0,0.0,RandomUnderSampler(random_state=42),,,svd,True,0.0001,,,"{'balance': RandomUnderSampler(random_state=42), 'classify__n_components': None, 'classify__shrinkage': None, 'classify__solver': 'svd', 'classify__store_covariance': True, 'classify__tol': 0.0001, 'select': None, 'transform': None}",,,,,,55,,,,,,55,,,,,,55
0.000257412592569987,5.458807869299062e-06,0.0,0.0,RandomUnderSampler(random_state=42),,,lsqr,True,0.0001,,,"{'balance': RandomUnderSampler(random_state=42), 'classify__n_components': None, 'classify__shrinkage': None, 'classify__solver': 'lsqr', 'classify__store_covariance': True, 'classify__tol': 0.0001, 'select': None, 'transform': None}",,,,,,55,,,,,,55,,,,,,55
0.0002594788869222005,2.032797066547368e-05,0.0,0.0,RandomUnderSampler(random_state=42),,,eigen,True,0.0001,,,"{'balance': RandomUnderSampler(random_state=42), 'classify__n_components': None, 'classify__shrinkage': None, 'classify__solver': 'eigen', 'classify__store_covariance': True, 'classify__tol': 0.0001, 'select': None, 'transform': None}",,,,,,55,,,,,,55,,,,,,55
0.000246127446492513,9.892376030893463e-06,0.0,0.0,RandomUnderSampler(random_state=42),,auto,svd,True,0.0001,,,"{'balance': RandomUnderSampler(random_state=42), 'classify__n_components': None, 'classify__shrinkage': 'auto', 'classify__solver': 'svd', 'classify__store_covariance': True, 'classify__tol': 0.0001, 'select': None, 'transform': None}",,,,,,55,,,,,,55,,,,,,55
0.00024040540059407553,1.3487459813672982e-05,0.0,0.0,RandomUnderSampler(random_state=42),,auto,lsqr,True,0.0001,,,"{'balance': RandomUnderSampler(random_state=42), 'classify__n_components': None, 'classify__shrinkage': 'auto', 'classify__solver': 'lsqr', 'classify__store_covariance': True, 'classify__tol': 0.0001, 'select': None, 'transform': None}",,,,,,55,,,,,,55,,,,,,55
0.00024890899658203125,5.237978952180252e-06,0.0,0.0,RandomUnderSampler(random_state=42),,auto,eigen,True,0.0001,,,"{'balance': RandomUnderSampler(random_state=42), 'classify__n_components': None, 'classify__shrinkage': 'auto', 'classify__solver': 'eigen', 'classify__store_covariance': True, 'classify__tol': 0.0001, 'select': None, 'transform': None}",,,,,,55,,,,,,55,,,,,,55
0.00024215380350748697,1.1326485793634965e-05,0.0,0.0,RandomUnderSampler(random_state=42),,0.0,svd,True,0.0001,,,"{'balance': RandomUnderSampler(random_state=42), 'classify__n_components': None, 'classify__shrinkage': 0.0, 'classify__solver': 'svd', 'classify__store_covariance': True, 'classify__tol': 0.0001, 'select': None, 'transform': None}",,,,,,55,,,,,,55,,,,,,55
0.00023547808329264322,8.427871014336544e-06,0.0,0.0,RandomUnderSampler(random_state=42),,0.0,lsqr,True,0.0001,,,"{'balance': RandomUnderSampler(random_state=42), 'classify__n_components': None, 'classify__shrinkage': 0.0, 'classify__solver': 'lsqr', 'classify__store_covariance': True, 'classify__tol': 0.0001, 'select': None, 'transform': None}",,,,,,55,,,,,,55,,,,,,55
0.00024819374084472656,5.965230943296816e-06,0.0,0.0,RandomUnderSampler(random_state=42),,0.0,eigen,True,0.0001,,,"{'balance': RandomUnderSampler(random_state=42), 'classify__n_components': None, 'classify__shrinkage': 0.0, 'classify__solver': 'eigen', 'classify__store_covariance': True, 'classify__tol': 0.0001, 'select': None, 'transform': None}",,,,,,55,,,,,,55,,,,,,55
0.00024048487345377603,1.3825993696420825e-05,0.0,0.0,RandomUnderSampler(random_state=42),,0.1,svd,True,0.0001,,,"{'balance': RandomUnderSampler(random_state=42), 'classify__n_components': None, 'classify__shrinkage': 0.1, 'classify__solver': 'svd', 'classify__store_covariance': True, 'classify__tol': 0.0001, 'select': None, 'transform': None}",,,,,,55,,,,,,55,,,,,,55
0.000246127446492513,1.7692664913207416e-05,0.0,0.0,RandomUnderSampler(random_state=42),,0.1,lsqr,True,0.0001,,,"{'balance': RandomUnderSampler(random_state=42), 'classify__n_components': None, 'classify__shrinkage': 0.1, 'classify__solver': 'lsqr', 'classify__store_covariance': True, 'classify__tol': 0.0001, 'select': None, 'transform': None}",,,,,,55,,,,,,55,,,,,,55
0.0002323786417643229,7.235086235517528e-06,0.0,0.0,RandomUnderSampler(random_state=42),,0.1,eigen,True,0.0001,,,"{'balance': RandomUnderSampler(random_state=42), 'classify__n_components': None, 'classify__shrinkage': 0.1, 'classify__solver': 'eigen', 'classify__store_covariance': True, 'classify__tol': 0.0001, 'select': None, 'transform': None}",,,,,,55,,,,,,55,,,,,,55
0.0002486705780029297,7.735449066094606e-06,0.0,0.0,RandomUnderSampler(random_state=42),,0.2,svd,True,0.0001,,,"{'balance': RandomUnderSampler(random_state=42), 'classify__n_components': None, 'classify__shrinkage': 0.2, 'classify__solver': 'svd', 'classify__store_covariance': True, 'classify__tol': 0.0001, 'select': None, 'transform': None}",,,,,,55,,,,,,55,,,,,,55
0.0006003379821777344,6.948528050466434e-05,0.0,0.0,RandomUnderSampler(random_state=42),,0.2,lsqr,True,0.0001,,,"{'balance': RandomUnderSampler(random_state=42), 'classify__n_components': None, 'classify__shrinkage': 0.2, 'classify__solver': 'lsqr', 'classify__store_covariance': True, 'classify__tol': 0.0001, 'select': None, 'transform': None}",,,,,,55,,,,,,55,,,,,,55
0.0005095799763997396,2.9438875586929894e-05,0.0,0.0,RandomUnderSampler(random_state=42),,0.2,eigen,True,0.0001,,,"{'balance': RandomUnderSampler(random_state=42), 'classify__n_components': None, 'classify__shrinkage': 0.2, 'classify__solver': 'eigen', 'classify__store_covariance': True, 'classify__tol': 0.0001, 'select': None, 'transform': None}",,,,,,55,,,,,,55,,,,,,55
0.0004150867462158203,9.781924288855495e-05,0.0,0.0,RandomUnderSampler(random_state=42),,0.3,svd,True,0.0001,,,"{'balance': RandomUnderSampler(random_state=42), 'classify__n_components': None, 'classify__shrinkage': 0.3, 'classify__solver': 'svd', 'classify__store_covariance': True, 'classify__tol': 0.0001, 'select': None, 'transform': None}",,,,,,55,,,,,,55,,,,,,55
0.0002510547637939453,1.4310411955957254e-05,0.0,0.0,RandomUnderSampler(random_state=42),,0.3,lsqr,True,0.0001,,,"{'balance': RandomUnderSampler(random_state=42), 'classify__n_components': None, 'classify__shrinkage': 0.3, 'classify__solver': 'lsqr', 'classify__store_covariance': True, 'classify__tol': 0.0001, 'select': None, 'transform': None}",,,,,,55,,,,,,55,,,,,,55
0.0002570947011311849,2.1531132354965316e-06,0.0,0.0,RandomUnderSampler(random_state=42),,0.3,eigen,True,0.0001,,,"{'balance': RandomUnderSampler(random_state=42), 'classify__n_components': None, 'classify__shrinkage': 0.3, 'classify__solver': 'eigen', 'classify__store_covariance': True, 'classify__tol': 0.0001, 'select': None, 'transform': None}",,,,,,55,,,,,,55,,,,,,55
0.00025455156962076825,8.976564164696303e-06,0.0,0.0,RandomUnderSampler(random_state=42),,0.4,svd,True,0.0001,,,"{'balance': RandomUnderSampler(random_state=42), 'classify__n_components': None, 'classify__shrinkage': 0.4, 'classify__solver': 'svd', 'classify__store_covariance': True, 'classify__tol': 0.0001, 'select': None, 'transform': None}",,,,,,55,,,,,,55,,,,,,55
0.0002472400665283203,6.779924634692243e-06,0.0,0.0,RandomUnderSampler(random_state=42),,0.4,lsqr,True,0.0001,,,"{'balance': RandomUnderSampler(random_state=42), 'classify__n_components': None, 'classify__shrinkage': 0.4, 'classify__solver': 'lsqr', 'classify__store_covariance': True, 'classify__tol': 0.0001, 'select': None, 'transform': None}",,,,,,55,,,,,,55,,,,,,55
0.00023754437764485678,6.3269580960258305e-06,0.0,0.0,RandomUnderSampler(random_state=42),,0.4,eigen,True,0.0001,,,"{'balance': RandomUnderSampler(random_state=42), 'classify__n_components': None, 'classify__shrinkage': 0.4, 'classify__solver': 'eigen', 'classify__store_covariance': True, 'classify__tol': 0.0001, 'select': None, 'transform': None}",,,,,,55,,,,,,55,,,,,,55
0.00023969014485677084,5.886358956381863e-06,0.0,0.0,RandomUnderSampler(random_state=42),,0.5,svd,True,0.0001,,,"{'balance': RandomUnderSampler(random_state=42), 'classify__n_components': None, 'classify__shrinkage': 0.5, 'classify__solver': 'svd', 'classify__store_covariance': True, 'classify__tol': 0.0001, 'select': None, 'transform': None}",,,,,,55,,,,,,55,,,,,,55
0.000240325927734375,1.7841612752790171e-06,0.0,0.0,RandomUnderSampler(random_state=42),,0.5,lsqr,True,0.0001,,,"{'balance': RandomUnderSampler(random_state=42), 'classify__n_components': None, 'classify__shrinkage': 0.5, 'classify__solver': 'lsqr', 'classify__store_covariance': True, 'classify__tol': 0.0001, 'select': None, 'transform': None}",,,,,,55,,,,,,55,,,,,,55
0.0002449353535970052,1.5808108716192775e-05,0.0,0.0,RandomUnderSampler(random_state=42),,0.5,eigen,True,0.0001,,,"{'balance': RandomUnderSampler(random_state=42), 'classify__n_components': None, 'classify__shrinkage': 0.5, 'classify__solver': 'eigen', 'classify__store_covariance': True, 'classify__tol': 0.0001, 'select': None, 'transform': None}",,,,,,55,,,,,,55,,,,,,55
0.00024636586507161457,2.044785869958974e-06,0.0,0.0,RandomUnderSampler(random_state=42),,0.6,svd,True,0.0001,,,"{'balance': RandomUnderSampler(random_state=42), 'classify__n_components': None, 'classify__shrinkage': 0.6, 'classify__solver': 'svd', 'classify__store_covariance': True, 'classify__tol': 0.0001, 'select': None, 'transform': None}",,,,,,55,,,,,,55,,,,,,55
0.0002437432607014974,4.9490602737872646e-06,0.0,0.0,RandomUnderSampler(random_state=42),,0.6,lsqr,True,0.0001,,,"{'balance': RandomUnderSampler(random_state=42), 'classify__n_components': None, 'classify__shrinkage': 0.6, 'classify__solver': 'lsqr', 'classify__store_covariance': True, 'classify__tol': 0.0001, 'select': None, 'transform': None}",,,,,,55,,,,,,55,,,,,,55
0.00023984909057617188,1.129577476476169e-05,0.0,0.0,RandomUnderSampler(random_state=42),,0.6,eigen,True,0.0001,,,"{'balance': RandomUnderSampler(random_state=42), 'classify__n_components': None, 'classify__shrinkage': 0.6, 'classify__solver': 'eigen', 'classify__store_covariance': True, 'classify__tol': 0.0001, 'select': None, 'transform': None}",,,,,,55,,,,,,55,,,,,,55
0.0002543926239013672,8.755730936760396e-06,0.0,0.0,RandomUnderSampler(random_state=42),,0.7,svd,True,0.0001,,,"{'balance': RandomUnderSampler(random_state=42), 'classify__n_components': None, 'classify__shrinkage': 0.7, 'classify__solver': 'svd', 'classify__store_covariance': True, 'classify__tol': 0.0001, 'select': None, 'transform': None}",,,,,,55,,,,,,55,,,,,,55
0.00023730595906575522,9.07314181423987e-06,0.0,0.0,RandomUnderSampler(random_state=42),,0.7,lsqr,True,0.0001,,,"{'balance': RandomUnderSampler(random_state=42), 'classify__n_components': None, 'classify__shrinkage': 0.7, 'classify__solver': 'lsqr', 'classify__store_covariance': True, 'classify__tol': 0.0001, 'select': None, 'transform': None}",,,,,,55,,,,,,55,,,,,,55
0.00023182233174641928,3.311263188679959e-06,0.0,0.0,RandomUnderSampler(random_state=42),,0.7,eigen,True,0.0001,,,"{'balance': RandomUnderSampler(random_state=42), 'classify__n_components': None, 'classify__shrinkage': 0.7, 'classify__solver': 'eigen', 'classify__store_covariance': True, 'classify__tol': 0.0001, 'select': None, 'transform': None}",,,,,,55,,,,,,55,,,,,,55
0.0002399285634358724,6.733185316713694e-06,0.0,0.0,RandomUnderSampler(random_state=42),,0.8,svd,True,0.0001,,,"{'balance': RandomUnderSampler(random_state=42), 'classify__n_components': None, 'classify__shrinkage': 0.8, 'classify__solver': 'svd', 'classify__store_covariance': True, 'classify__tol': 0.0001, 'select': None, 'transform': None}",,,,,,55,,,,,,55,,,,,,55
0.00024358431498209635,1.1346542547591366e-05,0.0,0.0,RandomUnderSampler(random_state=42),,0.8,lsqr,True,0.0001,,,"{'balance': RandomUnderSampler(random_state=42), 'classify__n_components': None, 'classify__shrinkage': 0.8, 'classify__solver': 'lsqr', 'classify__store_covariance': True, 'classify__tol': 0.0001, 'select': None, 'transform': None}",,,,,,55,,,,,,55,,,,,,55
0.0002418359120686849,7.505032455335004e-06,0.0,0.0,RandomUnderSampler(random_state=42),,0.8,eigen,True,0.0001,,,"{'balance': RandomUnderSampler(random_state=42), 'classify__n_components': None, 'classify__shrinkage': 0.8, 'classify__solver': 'eigen', 'classify__store_covariance': True, 'classify__tol': 0.0001, 'select': None, 'transform': None}",,,,,,55,,,,,,55,,,,,,55
0.0002445379892985026,5.381902997759824e-06,0.0,0.0,RandomUnderSampler(random_state=42),,0.9,svd,True,0.0001,,,"{'balance': RandomUnderSampler(random_state=42), 'classify__n_components': None, 'classify__shrinkage': 0.9, 'classify__solver': 'svd', 'classify__store_covariance': True, 'classify__tol': 0.0001, 'select': None, 'transform': None}",,,,,,55,,,,,,55,,,,,,55
0.00025725364685058594,1.8403072829630767e-05,0.0,0.0,RandomUnderSampler(random_state=42),,0.9,lsqr,True,0.0001,,,"{'balance': RandomUnderSampler(random_state=42), 'classify__n_components': None, 'classify__shrinkage': 0.9, 'classify__solver': 'lsqr', 'classify__store_covariance': True, 'classify__tol': 0.0001, 'select': None, 'transform': None}",,,,,,55,,,,,,55,,,,,,55
0.00024286905924479166,1.3250773748185687e-06,0.0,0.0,RandomUnderSampler(random_state=42),,0.9,eigen,True,0.0001,,,"{'balance': RandomUnderSampler(random_state=42), 'classify__n_components': None, 'classify__shrinkage': 0.9, 'classify__solver': 'eigen', 'classify__store_covariance': True, 'classify__tol': 0.0001, 'select': None, 'transform': None}",,,,,,55,,,,,,55,,,,,,55
0.0002368291219075521,6.254670578623135e-06,0.0,0.0,RandomUnderSampler(random_state=42),,1.0,svd,True,0.0001,,,"{'balance': RandomUnderSampler(random_state=42), 'classify__n_components': None, 'classify__shrinkage': 1.0, 'classify__solver': 'svd', 'classify__store_covariance': True, 'classify__tol': 0.0001, 'select': None, 'transform': None}",,,,,,55,,,,,,55,,,,,,55
0.00024700164794921875,5.571041796468698e-06,0.0,0.0,RandomUnderSampler(random_state=42),,1.0,lsqr,True,0.0001,,,"{'balance': RandomUnderSampler(random_state=42), 'classify__n_components': None, 'classify__shrinkage': 1.0, 'classify__solver': 'lsqr', 'classify__store_covariance': True, 'classify__tol': 0.0001, 'select': None, 'transform': None}",,,,,,55,,,,,,55,,,,,,55
0.00023865699768066406,4.577802284213597e-06,0.0,0.0,RandomUnderSampler(random_state=42),,1.0,eigen,True,0.0001,,,"{'balance': RandomUnderSampler(random_state=42), 'classify__n_components': None, 'classify__shrinkage': 1.0, 'classify__solver': 'eigen', 'classify__store_covariance': True, 'classify__tol': 0.0001, 'select': None, 'transform': None}",,,,,,55,,,,,,55,,,,,,55
0.00023547808329264322,9.248947477961321e-06,0.0,0.0,SMOTE(random_state=42),1,,svd,True,0.0001,,,"{'balance': SMOTE(random_state=42), 'classify__n_components': 1, 'classify__shrinkage': None, 'classify__solver': 'svd', 'classify__store_covariance': True, 'classify__tol': 0.0001, 'select': None, 'transform': None}",,,,,,55,,,,,,55,,,,,,55
0.00023984909057617188,3.3717478808715227e-06,0.0,0.0,SMOTE(random_state=42),1,,lsqr,True,0.0001,,,"{'balance': SMOTE(random_state=42), 'classify__n_components': 1, 'classify__shrinkage': None, 'classify__solver': 'lsqr', 'classify__store_covariance': True, 'classify__tol': 0.0001, 'select': None, 'transform': None}",,,,,,55,,,,,,55,,,,,,55
0.00023261706034342447,8.371476543594165e-06,0.0,0.0,SMOTE(random_state=42),1,,eigen,True,0.0001,,,"{'balance': SMOTE(random_state=42), 'classify__n_components': 1, 'classify__shrinkage': None, 'classify__solver': 'eigen', 'classify__store_covariance': True, 'classify__tol': 0.0001, 'select': None, 'transform': None}",,,,,,55,,,,,,55,,,,,,55
0.00024016698201497397,1.287950806928183e-05,0.0,0.0,SMOTE(random_state=42),1,auto,svd,True,0.0001,,,"{'balance': SMOTE(random_state=42), 'classify__n_components': 1, 'classify__shrinkage': 'auto', 'classify__solver': 'svd', 'classify__store_covariance': True, 'classify__tol': 0.0001, 'select': None, 'transform': None}",,,,,,55,,,,,,55,,,,,,55
0.00023706754048665365,6.2060111380750775e-06,0.0,0.0,SMOTE(random_state=42),1,auto,lsqr,True,0.0001,,,"{'balance': SMOTE(random_state=42), 'classify__n_components': 1, 'classify__shrinkage': 'auto', 'classify__solver': 'lsqr', 'classify__store_covariance': True, 'classify__tol': 0.0001, 'select': None, 'transform': None}",,,,,,55,,,,,,55,,,,,,55
0.0002399285634358724,8.125686984775073e-06,0.0,0.0,SMOTE(random_state=42),1,auto,eigen,True,0.0001,,,"{'balance': SMOTE(random_state=42), 'classify__n_components': 1, 'classify__shrinkage': 'auto', 'classify__solver': 'eigen', 'classify__store_covariance': True, 'classify__tol': 0.0001, 'select': None, 'transform': None}",,,,,,55,,,,,,55,,,,,,55
0.00023818016052246094,6.097179342529498e-06,0.0,0.0,SMOTE(random_state=42),1,0.0,svd,True,0.0001,,,"{'balance': SMOTE(random_state=42), 'classify__n_components': 1, 'classify__shrinkage': 0.0, 'classify__solver': 'svd', 'classify__store_covariance': True, 'classify__tol': 0.0001, 'select': None, 'transform': None}",,,,,,55,,,,,,55,,,,,,55
0.00023762385050455728,1.0832241153130118e-05,0.0,0.0,SMOTE(random_state=42),1,0.0,lsqr,True,0.0001,,,"{'balance': SMOTE(random_state=42), 'classify__n_components': 1, 'classify__shrinkage': 0.0, 'classify__solver': 'lsqr', 'classify__store_covariance': True, 'classify__tol': 0.0001, 'select': None, 'transform': None}",,,,,,55,,,,,,55,,,,,,55
0.0002505779266357422,9.272817529214925e-06,0.0,0.0,SMOTE(random_state=42),1,0.0,eigen,True,0.0001,,,"{'balance': SMOTE(random_state=42), 'classify__n_components': 1, 'classify__shrinkage': 0.0, 'classify__solver': 'eigen', 'classify__store_covariance': True, 'classify__tol': 0.0001, 'select': None, 'transform': None}",,,,,,55,,,,,,55,,,,,,55
0.00024167696634928385,5.723149581714895e-06,0.0,0.0,SMOTE(random_state=42),1,0.1,svd,True,0.0001,,,"{'balance': SMOTE(random_state=42), 'classify__n_components': 1, 'classify__shrinkage': 0.1, 'classify__solver': 'svd', 'classify__store_covariance': True, 'classify__tol': 0.0001, 'select': None, 'transform': None}",,,,,,55,,,,,,55,,,,,,55
0.0002369085947672526,5.159006871260796e-06,0.0,0.0,SMOTE(random_state=42),1,0.1,lsqr,True,0.0001,,,"{'balance': SMOTE(random_state=42), 'classify__n_components': 1, 'classify__shrinkage': 0.1, 'classify__solver': 'lsqr', 'classify__store_covariance': True, 'classify__tol': 0.0001, 'select': None, 'transform': None}",,,,,,55,,,,,,55,,,,,,55
0.00023412704467773438,3.0594470588239285e-06,0.0,0.0,SMOTE(random_state=42),1,0.1,eigen,True,0.0001,,,"{'balance': SMOTE(random_state=42), 'classify__n_components': 1, 'classify__shrinkage': 0.1, 'classify__solver': 'eigen', 'classify__store_covariance': True, 'classify__tol': 0.0001, 'select': None, 'transform': None}",,,,,,55,,,,,,55,,,,,,55
0.0002346038818359375,4.400529289216083e-06,0.0,0.0,SMOTE(random_state=42),1,0.2,svd,True,0.0001,,,"{'balance': SMOTE(random_state=42), 'classify__n_components': 1, 'classify__shrinkage': 0.2, 'classify__solver': 'svd', 'classify__store_covariance': True, 'classify__tol': 0.0001, 'select': None, 'transform': None}",,,,,,55,,,,,,55,,,,,,55
0.0002334117889404297,1.0621451813778424e-05,0.0,0.0,SMOTE(random_state=42),1,0.2,lsqr,True,0.0001,,,"{'balance': SMOTE(random_state=42), 'classify__n_components': 1, 'classify__shrinkage': 0.2, 'classify__solver': 'lsqr', 'classify__store_covariance': True, 'classify__tol': 0.0001, 'select': None, 'transform': None}",,,,,,55,,,,,,55,,,,,,55
0.0002349217732747396,4.84849581485419e-06,0.0,0.0,SMOTE(random_state=42),1,0.2,eigen,True,0.0001,,,"{'balance': SMOTE(random_state=42), 'classify__n_components': 1, 'classify__shrinkage': 0.2, 'classify__solver': 'eigen', 'classify__store_covariance': True, 'classify__tol': 0.0001, 'select': None, 'transform': None}",,,,,,55,,,,,,55,,,,,,55
0.00023357073465983072,1.1166431714692786e-05,0.0,0.0,SMOTE(random_state=42),1,0.3,svd,True,0.0001,,,"{'balance': SMOTE(random_state=42), 'classify__n_components': 1, 'classify__shrinkage': 0.3, 'classify__solver': 'svd', 'classify__store_covariance': True, 'classify__tol': 0.0001, 'select': None, 'transform': None}",,,,,,55,,,,,,55,,,,,,55
0.00036756197611490887,0.0001869491889267664,0.0,0.0,SMOTE(random_state=42),1,0.3,lsqr,True,0.0001,,,"{'balance': SMOTE(random_state=42), 'classify__n_components': 1, 'classify__shrinkage': 0.3, 'classify__solver': 'lsqr', 'classify__store_covariance': True, 'classify__tol': 0.0001, 'select': None, 'transform': None}",,,,,,55,,,,,,55,,,,,,55
0.0005452632904052734,2.4672195378079065e-05,0.0,0.0,SMOTE(random_state=42),1,0.3,eigen,True,0.0001,,,"{'balance': SMOTE(random_state=42), 'classify__n_components': 1, 'classify__shrinkage': 0.3, 'classify__solver': 'eigen', 'classify__store_covariance': True, 'classify__tol': 0.0001, 'select': None, 'transform': None}",,,,,,55,,,,,,55,,,,,,55
0.0004965464274088541,9.695037444696155e-06,0.0,0.0,SMOTE(random_state=42),1,0.4,svd,True,0.0001,,,"{'balance': SMOTE(random_state=42), 'classify__n_components': 1, 'classify__shrinkage': 0.4, 'classify__solver': 'svd', 'classify__store_covariance': True, 'classify__tol': 0.0001, 'select': None, 'transform': None}",,,,,,55,,,,,,55,,,,,,55
0.0005226929982503256,5.928728599411329e-05,0.0,0.0,SMOTE(random_state=42),1,0.4,lsqr,True,0.0001,,,"{'balance': SMOTE(random_state=42), 'classify__n_components': 1, 'classify__shrinkage': 0.4, 'classify__solver': 'lsqr', 'classify__store_covariance': True, 'classify__tol': 0.0001, 'select': None, 'transform': None}",,,,,,55,,,,,,55,,,,,,55
0.0005198319753011068,1.7040211718516446e-05,0.0,0.0,SMOTE(random_state=42),1,0.4,eigen,True,0.0001,,,"{'balance': SMOTE(random_state=42), 'classify__n_components': 1, 'classify__shrinkage': 0.4, 'classify__solver': 'eigen', 'classify__store_covariance': True, 'classify__tol': 0.0001, 'select': None, 'transform': None}",,,,,,55,,,,,,55,,,,,,55
0.0004907449086507162,3.81635259105141e-06,0.0,0.0,SMOTE(random_state=42),1,0.5,svd,True,0.0001,,,"{'balance': SMOTE(random_state=42), 'classify__n_components': 1, 'classify__shrinkage': 0.5, 'classify__solver': 'svd', 'classify__store_covariance': True, 'classify__tol': 0.0001, 'select': None, 'transform': None}",,,,,,55,,,,,,55,,,,,,55
0.0004012584686279297,9.54341654940939e-05,0.0,0.0,SMOTE(random_state=42),1,0.5,lsqr,True,0.0001,,,"{'balance': SMOTE(random_state=42), 'classify__n_components': 1, 'classify__shrinkage': 0.5, 'classify__solver': 'lsqr', 'classify__store_covariance': True, 'classify__tol': 0.0001, 'select': None, 'transform': None}",,,,,,55,,,,,,55,,,,,,55
0.00024016698201497397,1.0943617665301247e-05,0.0,0.0,SMOTE(random_state=42),1,0.5,eigen,True,0.0001,,,"{'balance': SMOTE(random_state=42), 'classify__n_components': 1, 'classify__shrinkage': 0.5, 'classify__solver': 'eigen', 'classify__store_covariance': True, 'classify__tol': 0.0001, 'select': None, 'transform': None}",,,,,,55,,,,,,55,,,,,,55
0.00023380915323893228,4.6936108462757745e-06,0.0,0.0,SMOTE(random_state=42),1,0.6,svd,True,0.0001,,,"{'balance': SMOTE(random_state=42), 'classify__n_components': 1, 'classify__shrinkage': 0.6, 'classify__solver': 'svd', 'classify__store_covariance': True, 'classify__tol': 0.0001, 'select': None, 'transform': None}",,,,,,55,,,,,,55,,,,,,55
0.0002492268880208333,1.7430483581231757e-05,0.0,0.0,SMOTE(random_state=42),1,0.6,lsqr,True,0.0001,,,"{'balance': SMOTE(random_state=42), 'classify__n_components': 1, 'classify__shrinkage': 0.6, 'classify__solver': 'lsqr', 'classify__store_covariance': True, 'classify__tol': 0.0001, 'select': None, 'transform': None}",,,,,,55,,,,,,55,,,,,,55
0.0002453327178955078,6.081621319360412e-06,0.0,0.0,SMOTE(random_state=42),1,0.6,eigen,True,0.0001,,,"{'balance': SMOTE(random_state=42), 'classify__n_components': 1, 'classify__shrinkage': 0.6, 'classify__solver': 'eigen', 'classify__store_covariance': True, 'classify__tol': 0.0001, 'select': None, 'transform': None}",,,,,,55,,,,,,55,,,,,,55
0.00024398167928059897,9.328502470411212e-06,0.0,0.0,SMOTE(random_state=42),1,0.7,svd,True,0.0001,,,"{'balance': SMOTE(random_state=42), 'classify__n_components': 1, 'classify__shrinkage': 0.7, 'classify__solver': 'svd', 'classify__store_covariance': True, 'classify__tol': 0.0001, 'select': None, 'transform': None}",,,,,,55,,,,,,55,,,,,,55
0.0003509521484375,0.00015294671089161472,0.0,0.0,SMOTE(random_state=42),1,0.7,lsqr,True,0.0001,,,"{'balance': SMOTE(random_state=42), 'classify__n_components': 1, 'classify__shrinkage': 0.7, 'classify__solver': 'lsqr', 'classify__store_covariance': True, 'classify__tol': 0.0001, 'select': None, 'transform': None}",,,,,,55,,,,,,55,,,,,,55
0.0005312760670979818,2.099648287077412e-05,0.0,0.0,SMOTE(random_state=42),1,0.7,eigen,True,0.0001,,,"{'balance': SMOTE(random_state=42), 'classify__n_components': 1, 'classify__shrinkage': 0.7, 'classify__solver': 'eigen', 'classify__store_covariance': True, 'classify__tol': 0.0001, 'select': None, 'transform': None}",,,,,,55,,,,,,55,,,,,,55
0.00048033396402994793,1.1889628537990603e-05,0.0,0.0,SMOTE(random_state=42),1,0.8,svd,True,0.0001,,,"{'balance': SMOTE(random_state=42), 'classify__n_components': 1, 'classify__shrinkage': 0.8, 'classify__solver': 'svd', 'classify__store_covariance': True, 'classify__tol': 0.0001, 'select': None, 'transform': None}",,,,,,55,,,,,,55,,,,,,55
0.0005133152008056641,3.914326771728177e-05,0.0,0.0,SMOTE(random_state=42),1,0.8,lsqr,True,0.0001,,,"{'balance': SMOTE(random_state=42), 'classify__n_components': 1, 'classify__shrinkage': 0.8, 'classify__solver': 'lsqr', 'classify__store_covariance': True, 'classify__tol': 0.0001, 'select': None, 'transform': None}",,,,,,55,,,,,,55,,,,,,55
0.0005196730295817057,1.685012051215976e-05,0.0,0.0,SMOTE(random_state=42),1,0.8,eigen,True,0.0001,,,"{'balance': SMOTE(random_state=42), 'classify__n_components': 1, 'classify__shrinkage': 0.8, 'classify__solver': 'eigen', 'classify__store_covariance': True, 'classify__tol': 0.0001, 'select': None, 'transform': None}",,,,,,55,,,,,,55,,,,,,55
0.00026671091715494793,2.08152148782552e-06,0.0,0.0,SMOTE(random_state=42),1,0.9,svd,True,0.0001,,,"{'balance': SMOTE(random_state=42), 'classify__n_components': 1, 'classify__shrinkage': 0.9, 'classify__solver': 'svd', 'classify__store_covariance': True, 'classify__tol': 0.0001, 'select': None, 'transform': None}",,,,,,55,,,,,,55,,,,,,55
0.00034991900126139325,0.00015808060771595832,0.0,0.0,SMOTE(random_state=42),1,0.9,lsqr,True,0.0001,,,"{'balance': SMOTE(random_state=42), 'classify__n_components': 1, 'classify__shrinkage': 0.9, 'classify__solver': 'lsqr', 'classify__store_covariance': True, 'classify__tol': 0.0001, 'select': None, 'transform': None}",,,,,,55,,,,,,55,,,,,,55
0.000482479731241862,7.714191053625585e-06,0.0,0.0,SMOTE(random_state=42),1,0.9,eigen,True,0.0001,,,"{'balance': SMOTE(random_state=42), 'classify__n_components': 1, 'classify__shrinkage': 0.9, 'classify__solver': 'eigen', 'classify__store_covariance': True, 'classify__tol': 0.0001, 'select': None, 'transform': None}",,,,,,55,,,,,,55,,,,,,55
0.0004009405771891276,9.907687340504163e-05,0.0,0.0,SMOTE(random_state=42),1,1.0,svd,True,0.0001,,,"{'balance': SMOTE(random_state=42), 'classify__n_components': 1, 'classify__shrinkage': 1.0, 'classify__solver': 'svd', 'classify__store_covariance': True, 'classify__tol': 0.0001, 'select': None, 'transform': None}",,,,,,55,,,,,,55,,,,,,55
0.0003394285837809245,0.000134013912399257,0.0,0.0,SMOTE(random_state=42),1,1.0,lsqr,True,0.0001,,,"{'balance': SMOTE(random_state=42), 'classify__n_components': 1, 'classify__shrinkage': 1.0, 'classify__solver': 'lsqr', 'classify__store_covariance': True, 'classify__tol': 0.0001, 'select': None, 'transform': None}",,,,,,55,,,,,,55,,,,,,55
0.0004870891571044922,2.676241912918526e-06,0.0,0.0,SMOTE(random_state=42),1,1.0,eigen,True,0.0001,,,"{'balance': SMOTE(random_state=42), 'classify__n_components': 1, 'classify__shrinkage': 1.0, 'classify__solver': 'eigen', 'classify__store_covariance': True, 'classify__tol': 0.0001, 'select': None, 'transform': None}",,,,,,55,,,,,,55,,,,,,55
0.00035643577575683594,0.00012762692998350634,0.0,0.0,SMOTE(random_state=42),,,svd,True,0.0001,,,"{'balance': SMOTE(random_state=42), 'classify__n_components': None, 'classify__shrinkage': None, 'classify__solver': 'svd', 'classify__store_covariance': True, 'classify__tol': 0.0001, 'select': None, 'transform': None}",,,,,,55,,,,,,55,,,,,,55
0.00035389264424641925,0.0001479027284891185,0.0,0.0,SMOTE(random_state=42),,,lsqr,True,0.0001,,,"{'balance': SMOTE(random_state=42), 'classify__n_components': None, 'classify__shrinkage': None, 'classify__solver': 'lsqr', 'classify__store_covariance': True, 'classify__tol': 0.0001, 'select': None, 'transform': None}",,,,,,55,,,,,,55,,,,,,55
0.00047095616658528644,5.716524285747033e-06,0.0,0.0,SMOTE(random_state=42),,,eigen,True,0.0001,,,"{'balance': SMOTE(random_state=42), 'classify__n_components': None, 'classify__shrinkage': None, 'classify__solver': 'eigen', 'classify__store_covariance': True, 'classify__tol': 0.0001, 'select': None, 'transform': None}",,,,,,55,,,,,,55,,,,,,55
0.000471035639444987,5.268037611381706e-06,0.0,0.0,SMOTE(random_state=42),,auto,svd,True,0.0001,,,"{'balance': SMOTE(random_state=42), 'classify__n_components': None, 'classify__shrinkage': 'auto', 'classify__solver': 'svd', 'classify__store_covariance': True, 'classify__tol': 0.0001, 'select': None, 'transform': None}",,,,,,55,,,,,,55,,,,,,55
0.00039498011271158856,8.83570233169915e-05,0.0,0.0,SMOTE(random_state=42),,auto,lsqr,True,0.0001,,,"{'balance': SMOTE(random_state=42), 'classify__n_components': None, 'classify__shrinkage': 'auto', 'classify__solver': 'lsqr', 'classify__store_covariance': True, 'classify__tol': 0.0001, 'select': None, 'transform': None}",,,,,,55,,,,,,55,,,,,,55
0.00023937225341796875,1.249974442307019e-05,0.0,0.0,SMOTE(random_state=42),,auto,eigen,True,0.0001,,,"{'balance': SMOTE(random_state=42), 'classify__n_components': None, 'classify__shrinkage': 'auto', 'classify__solver': 'eigen', 'classify__store_covariance': True, 'classify__tol': 0.0001, 'select': None, 'transform': None}",,,,,,55,,,,,,55,,,,,,55
0.00024135907491048178,1.0179353449400607e-05,0.0,0.0,SMOTE(random_state=42),,0.0,svd,True,0.0001,,,"{'balance': SMOTE(random_state=42), 'classify__n_components': None, 'classify__shrinkage': 0.0, 'classify__solver': 'svd', 'classify__store_covariance': True, 'classify__tol': 0.0001, 'select': None, 'transform': None}",,,,,,55,,,,,,55,,,,,,55
0.0003329912821451823,0.00013256678083348674,0.0,0.0,SMOTE(random_state=42),,0.0,lsqr,True,0.0001,,,"{'balance': SMOTE(random_state=42), 'classify__n_components': None, 'classify__shrinkage': 0.0, 'classify__solver': 'lsqr', 'classify__store_covariance': True, 'classify__tol': 0.0001, 'select': None, 'transform': None}",,,,,,55,,,,,,55,,,,,,55
0.00024628639221191406,1.3614236706433746e-05,0.0,0.0,SMOTE(random_state=42),,0.0,eigen,True,0.0001,,,"{'balance': SMOTE(random_state=42), 'classify__n_components': None, 'classify__shrinkage': 0.0, 'classify__solver': 'eigen', 'classify__store_covariance': True, 'classify__tol': 0.0001, 'select': None, 'transform': None}",,,,,,55,,,,,,55,,,,,,55
0.00024739901224772137,1.283086797109837e-05,0.0,0.0,SMOTE(random_state=42),,0.1,svd,True,0.0001,,,"{'balance': SMOTE(random_state=42), 'classify__n_components': None, 'classify__shrinkage': 0.1, 'classify__solver': 'svd', 'classify__store_covariance': True, 'classify__tol': 0.0001, 'select': None, 'transform': None}",,,,,,55,,,,,,55,,,,,,55
0.0003379980723063151,0.00014440719404758403,0.0,0.0,SMOTE(random_state=42),,0.1,lsqr,True,0.0001,,,"{'balance': SMOTE(random_state=42), 'classify__n_components': None, 'classify__shrinkage': 0.1, 'classify__solver': 'lsqr', 'classify__store_covariance': True, 'classify__tol': 0.0001, 'select': None, 'transform': None}",,,,,,55,,,,,,55,,,,,,55
0.00048502286275227863,8.314699586010338e-06,0.0,0.0,SMOTE(random_state=42),,0.1,eigen,True,0.0001,,,"{'balance': SMOTE(random_state=42), 'classify__n_components': None, 'classify__shrinkage': 0.1, 'classify__solver': 'eigen', 'classify__store_covariance': True, 'classify__tol': 0.0001, 'select': None, 'transform': None}",,,,,,55,,,,,,55,,,,,,55
0.0004932085673014323,1.782602993666214e-05,0.0,0.0,SMOTE(random_state=42),,0.2,svd,True,0.0001,,,"{'balance': SMOTE(random_state=42), 'classify__n_components': None, 'classify__shrinkage': 0.2, 'classify__solver': 'svd', 'classify__store_covariance': True, 'classify__tol': 0.0001, 'select': None, 'transform': None}",,,,,,55,,,,,,55,,,,,,55
0.0003458658854166667,0.00013882900926415458,0.0,0.0,SMOTE(random_state=42),,0.2,lsqr,True,0.0001,,,"{'balance': SMOTE(random_state=42), 'classify__n_components': None, 'classify__shrinkage': 0.2, 'classify__solver': 'lsqr', 'classify__store_covariance': True, 'classify__tol': 0.0001, 'select': None, 'transform': None}",,,,,,55,,,,,,55,,,,,,55
0.0004916191101074219,4.400529289216083e-06,0.0,0.0,SMOTE(random_state=42),,0.2,eigen,True,0.0001,,,"{'balance': SMOTE(random_state=42), 'classify__n_components': None, 'classify__shrinkage': 0.2, 'classify__solver': 'eigen', 'classify__store_covariance': True, 'classify__tol': 0.0001, 'select': None, 'transform': None}",,,,,,55,,,,,,55,,,,,,55
0.00047516822814941406,1.3829647741729795e-05,0.0,0.0,SMOTE(random_state=42),,0.3,svd,True,0.0001,,,"{'balance': SMOTE(random_state=42), 'classify__n_components': None, 'classify__shrinkage': 0.3, 'classify__solver': 'svd', 'classify__store_covariance': True, 'classify__tol': 0.0001, 'select': None, 'transform': None}",,,,,,55,,,,,,55,,,,,,55
0.0003941853841145833,7.679332115346424e-05,0.0,0.0,SMOTE(random_state=42),,0.3,lsqr,True,0.0001,,,"{'balance': SMOTE(random_state=42), 'classify__n_components': None, 'classify__shrinkage': 0.3, 'classify__solver': 'lsqr', 'classify__store_covariance': True, 'classify__tol': 0.0001, 'select': None, 'transform': None}",,,,,,55,,,,,,55,,,,,,55
0.0002368291219075521,1.0216513539329427e-05,0.0,0.0,SMOTE(random_state=42),,0.3,eigen,True,0.0001,,,"{'balance': SMOTE(random_state=42), 'classify__n_components': None, 'classify__shrinkage': 0.3, 'classify__solver': 'eigen', 'classify__store_covariance': True, 'classify__tol': 0.0001, 'select': None, 'transform': None}",,,,,,55,,,,,,55,,,,,,55
0.00024175643920898438,3.520208134706831e-06,0.0,0.0,SMOTE(random_state=42),,0.4,svd,True,0.0001,,,"{'balance': SMOTE(random_state=42), 'classify__n_components': None, 'classify__shrinkage': 0.4, 'classify__solver': 'svd', 'classify__store_covariance': True, 'classify__tol': 0.0001, 'select': None, 'transform': None}",,,,,,55,,,,,,55,,,,,,55
0.0003228187561035156,0.00013710388175341883,0.0,0.0,SMOTE(random_state=42),,0.4,lsqr,True,0.0001,,,"{'balance': SMOTE(random_state=42), 'classify__n_components': None, 'classify__shrinkage': 0.4, 'classify__solver': 'lsqr', 'classify__store_covariance': True, 'classify__tol': 0.0001, 'select': None, 'transform': None}",,,,,,55,,,,,,55,,,,,,55
0.00048732757568359375,1.4032305688440476e-05,0.0,0.0,SMOTE(random_state=42),,0.4,eigen,True,0.0001,,,"{'balance': SMOTE(random_state=42), 'classify__n_components': None, 'classify__shrinkage': 0.4, 'classify__solver': 'eigen', 'classify__store_covariance': True, 'classify__tol': 0.0001, 'select': None, 'transform': None}",,,,,,55,,,,,,55,,,,,,55
0.0004590352376302083,1.0634525837633383e-05,0.0,0.0,SMOTE(random_state=42),,0.5,svd,True,0.0001,,,"{'balance': SMOTE(random_state=42), 'classify__n_components': None, 'classify__shrinkage': 0.5, 'classify__solver': 'svd', 'classify__store_covariance': True, 'classify__tol': 0.0001, 'select': None, 'transform': None}",,,,,,55,,,,,,55,,,,,,55
0.0003459453582763672,0.00012660782343065246,0.0,0.0,SMOTE(random_state=42),,0.5,lsqr,True,0.0001,,,"{'balance': SMOTE(random_state=42), 'classify__n_components': None, 'classify__shrinkage': 0.5, 'classify__solver': 'lsqr', 'classify__store_covariance': True, 'classify__tol': 0.0001, 'select': None, 'transform': None}",,,,,,55,,,,,,55,,,,,,55
0.0004685719807942708,0.00013461628052448247,0.0,0.0,SMOTE(random_state=42),,0.5,eigen,True,0.0001,,,"{'balance': SMOTE(random_state=42), 'classify__n_components': None, 'classify__shrinkage': 0.5, 'classify__solver': 'eigen', 'classify__store_covariance': True, 'classify__tol': 0.0001, 'select': None, 'transform': None}",,,,,,55,,,,,,55,,,,,,55
0.000247955322265625,1.1102901769483762e-05,0.0,0.0,SMOTE(random_state=42),,0.6,svd,True,0.0001,,,"{'balance': SMOTE(random_state=42), 'classify__n_components': None, 'classify__shrinkage': 0.6, 'classify__solver': 'svd', 'classify__store_covariance': True, 'classify__tol': 0.0001, 'select': None, 'transform': None}",,,,,,55,,,,,,55,,,,,,55
0.00035389264424641925,0.00014935109356471973,0.0,0.0,SMOTE(random_state=42),,0.6,lsqr,True,0.0001,,,"{'balance': SMOTE(random_state=42), 'classify__n_components': None, 'classify__shrinkage': 0.6, 'classify__solver': 'lsqr', 'classify__store_covariance': True, 'classify__tol': 0.0001, 'select': None, 'transform': None}",,,,,,55,,,,,,55,,,,,,55
0.0005104541778564453,1.9475553554440627e-05,0.0,0.0,SMOTE(random_state=42),,0.6,eigen,True,0.0001,,,"{'balance': SMOTE(random_state=42), 'classify__n_components': None, 'classify__shrinkage': 0.6, 'classify__solver': 'eigen', 'classify__store_covariance': True, 'classify__tol': 0.0001, 'select': None, 'transform': None}",,,,,,55,,,,,,55,,,,,,55
0.00040872891743977863,9.371383542600912e-05,0.0,0.0,SMOTE(random_state=42),,0.7,svd,True,0.0001,,,"{'balance': SMOTE(random_state=42), 'classify__n_components': None, 'classify__shrinkage': 0.7, 'classify__solver': 'svd', 'classify__store_covariance': True, 'classify__tol': 0.0001, 'select': None, 'transform': None}",,,,,,55,,,,,,55,,,,,,55
0.0003387133280436198,0.000143720377135032,0.0,0.0,SMOTE(random_state=42),,0.7,lsqr,True,0.0001,,,"{'balance': SMOTE(random_state=42), 'classify__n_components': None, 'classify__shrinkage': 0.7, 'classify__solver': 'lsqr', 'classify__store_covariance': True, 'classify__tol': 0.0001, 'select': None, 'transform': None}",,,,,,55,,,,,,55,,,,,,55
0.0004930496215820312,1.0204760818020198e-05,0.0,0.0,SMOTE(random_state=42),,0.7,eigen,True,0.0001,,,"{'balance': SMOTE(random_state=42), 'classify__n_components': None, 'classify__shrinkage': 0.7, 'classify__solver': 'eigen', 'classify__store_covariance': True, 'classify__tol': 0.0001, 'select': None, 'transform': None}",,,,,,55,,,,,,55,,,,,,55
0.0004726250966389974,1.5105698102972313e-05,0.0,0.0,SMOTE(random_state=42),,0.8,svd,True,0.0001,,,"{'balance': SMOTE(random_state=42), 'classify__n_components': None, 'classify__shrinkage': 0.8, 'classify__solver': 'svd', 'classify__store_covariance': True, 'classify__tol': 0.0001, 'select': None, 'transform': None}",,,,,,55,,,,,,55,,,,,,55
0.00034046173095703125,0.00012734156305336055,0.0,0.0,SMOTE(random_state=42),,0.8,lsqr,True,0.0001,,,"{'balance': SMOTE(random_state=42), 'classify__n_components': None, 'classify__shrinkage': 0.8, 'classify__solver': 'lsqr', 'classify__store_covariance': True, 'classify__tol': 0.0001, 'select': None, 'transform': None}",,,,,,55,,,,,,55,,,,,,55
0.0004870096842447917,9.938239192048479e-06,0.0,0.0,SMOTE(random_state=42),,0.8,eigen,True,0.0001,,,"{'balance': SMOTE(random_state=42), 'classify__n_components': None, 'classify__shrinkage': 0.8, 'classify__solver': 'eigen', 'classify__store_covariance': True, 'classify__tol': 0.0001, 'select': None, 'transform': None}",,,,,,55,,,,,,55,,,,,,55
0.00047016143798828125,3.3941517677406665e-06,0.0,0.0,SMOTE(random_state=42),,0.9,svd,True,0.0001,,,"{'balance': SMOTE(random_state=42), 'classify__n_components': None, 'classify__shrinkage': 0.9, 'classify__solver': 'svd', 'classify__store_covariance': True, 'classify__tol': 0.0001, 'select': None, 'transform': None}",,,,,,55,,,,,,55,,,,,,55
0.0004839897155761719,3.773094853780713e-05,0.0,0.0,SMOTE(random_state=42),,0.9,lsqr,True,0.0001,,,"{'balance': SMOTE(random_state=42), 'classify__n_components': None, 'classify__shrinkage': 0.9, 'classify__solver': 'lsqr', 'classify__store_covariance': True, 'classify__tol': 0.0001, 'select': None, 'transform': None}",,,,,,55,,,,,,55,,,,,,55
0.0004787445068359375,1.663585461065909e-05,0.0,0.0,SMOTE(random_state=42),,0.9,eigen,True,0.0001,,,"{'balance': SMOTE(random_state=42), 'classify__n_components': None, 'classify__shrinkage': 0.9, 'classify__solver': 'eigen', 'classify__store_covariance': True, 'classify__tol': 0.0001, 'select': None, 'transform': None}",,,,,,55,,,,,,55,,,,,,55
0.0005041758219401041,4.6323747575934896e-05,0.0,0.0,SMOTE(random_state=42),,1.0,svd,True,0.0001,,,"{'balance': SMOTE(random_state=42), 'classify__n_components': None, 'classify__shrinkage': 1.0, 'classify__solver': 'svd', 'classify__store_covariance': True, 'classify__tol': 0.0001, 'select': None, 'transform': None}",,,,,,55,,,,,,55,,,,,,55
0.0003466606140136719,0.000126649870197251,0.0,0.0,SMOTE(random_state=42),,1.0,lsqr,True,0.0001,,,"{'balance': SMOTE(random_state=42), 'classify__n_components': None, 'classify__shrinkage': 1.0, 'classify__solver': 'lsqr', 'classify__store_covariance': True, 'classify__tol': 0.0001, 'select': None, 'transform': None}",,,,,,55,,,,,,55,,,,,,55
0.0005043347676595052,2.3813495720416156e-05,0.0,0.0,SMOTE(random_state=42),,1.0,eigen,True,0.0001,,,"{'balance': SMOTE(random_state=42), 'classify__n_components': None, 'classify__shrinkage': 1.0, 'classify__solver': 'eigen', 'classify__store_covariance': True, 'classify__tol': 0.0001, 'select': None, 'transform': None}",,,,,,55,,,,,,55,,,,,,55
