mean_fit_time,std_fit_time,mean_score_time,std_score_time,param_balance,param_classify__shrinkage,param_classify__solver,param_select,param_transform,param_select__k,param_transform__n_components,params,split0_test_f1_weighted_scorer,split1_test_f1_weighted_scorer,split2_test_f1_weighted_scorer,split3_test_f1_weighted_scorer,split4_test_f1_weighted_scorer,split5_test_f1_weighted_scorer,split6_test_f1_weighted_scorer,mean_test_f1_weighted_scorer,std_test_f1_weighted_scorer,rank_test_f1_weighted_scorer,split0_test_roc_auc_scorer,split1_test_roc_auc_scorer,split2_test_roc_auc_scorer,split3_test_roc_auc_scorer,split4_test_roc_auc_scorer,split5_test_roc_auc_scorer,split6_test_roc_auc_scorer,mean_test_roc_auc_scorer,std_test_roc_auc_scorer,rank_test_roc_auc_scorer,split0_test_accuracy_scorer,split1_test_accuracy_scorer,split2_test_accuracy_scorer,split3_test_accuracy_scorer,split4_test_accuracy_scorer,split5_test_accuracy_scorer,split6_test_accuracy_scorer,mean_test_accuracy_scorer,std_test_accuracy_scorer,rank_test_accuracy_scorer
0.20187861578805105,0.018261544576673176,0.008670670645577567,0.00015337852325192795,,,svd,SelectKBest(score_func=<function mutual_info_classif at 0x751a8baab380>),,30.0,,"{'balance': None, 'classify__shrinkage': None, 'classify__solver': 'svd', 'select': SelectKBest(score_func=<function mutual_info_classif at 0x751a8baab380>), 'select__k': 30, 'transform': None}",0.7251719824890557,0.7333333333333333,0.8559829059829059,0.8994949494949495,0.8294172932330827,0.8138714185883998,0.7606918238993711,0.802566243860157,0.06051426542168307,1,0.8471177944862155,0.6888888888888889,0.9373040752351096,0.9598997493734336,0.9266666666666667,0.8388746803069054,0.907928388746803,0.8723828919577176,0.0857865669381183,5,0.725,0.7333333333333333,0.85,0.9,0.8285714285714286,0.825,0.775,0.8052721088435374,0.059089768335316935,1
0.18109205790928432,0.03976012537703428,0.008336578096662248,0.0014062932484757134,,,svd,SelectKBest(score_func=<function mutual_info_classif at 0x751a8baab380>),"PCA(random_state=42, svd_solver='full')",10.0,10.0,"{'balance': None, 'classify__shrinkage': None, 'classify__solver': 'svd', 'select': SelectKBest(score_func=<function mutual_info_classif at 0x751a8baab380>), 'select__k': 10, 'transform': PCA(random_state=42, svd_solver='full'), 'transform__n_components': 10}",0.7728571428571429,0.6666666666666666,0.9023809523809525,0.89846547314578,0.798990748528175,0.752909090909091,0.73005698005698,0.7889038649349697,0.0801253929221746,2,0.8671679197994987,0.6888888888888889,0.9811912225705329,0.9949874686716792,0.91,0.8286445012787724,0.928388746803069,0.8856098211446345,0.0969598355449963,1,0.775,0.6666666666666666,0.9,0.9,0.8,0.775,0.75,0.7952380952380953,0.07687563948077593,2
0.2056722640991211,0.017518032077186056,0.010718345642089844,0.0031839437861566483,,,svd,SelectKBest(score_func=<function mutual_info_classif at 0x751a8baab380>),LinearDiscriminantAnalysis(),30.0,1.0,"{'balance': None, 'classify__shrinkage': None, 'classify__solver': 'svd', 'select': SelectKBest(score_func=<function mutual_info_classif at 0x751a8baab380>), 'select__k': 30, 'transform': LinearDiscriminantAnalysis(), 'transform__n_components': 1}",0.796969696969697,0.5982142857142857,0.8559829059829059,0.89846547314578,0.8578448578448579,0.752909090909091,0.7606918238993711,0.7887254477808554,0.09240833118179273,3,0.8721804511278196,0.6533333333333333,0.9435736677115988,0.9573934837092732,0.9299999999999999,0.877237851662404,0.8900255754475703,0.8748206232845712,0.09553656419976897,3,0.8,0.6,0.85,0.9,0.8571428571428571,0.775,0.775,0.7938775510204082,0.09004198659664679,3
0.3612556116921561,0.10588868649519145,0.014266252517700195,0.0068194683997236175,,,svd,SelectKBest(score_func=<function mutual_info_classif at 0x751a8baab380>),,50.0,,"{'balance': None, 'classify__shrinkage': None, 'classify__solver': 'svd', 'select': SelectKBest(score_func=<function mutual_info_classif at 0x751a8baab380>), 'select__k': 50, 'transform': None}",0.7423273657289002,0.6329254727474972,0.8806778476589798,0.8251094434021263,0.8564219632344108,0.8184922244759972,0.6980000000000001,0.779136331035416,0.08388919662602151,4,0.8671679197994987,0.6488888888888888,0.896551724137931,0.9323308270676691,0.9366666666666666,0.8337595907928389,0.9053708439897699,0.8601052087633233,0.09243671985731826,7,0.75,0.6333333333333333,0.875,0.825,0.8571428571428571,0.825,0.725,0.7843537414965985,0.07957875350344995,4
0.2194873264857701,0.048718650036014804,0.008908373968941825,0.0003531775104066998,,,svd,SelectKBest(score_func=<function mutual_info_classif at 0x751a8baab380>),LinearDiscriminantAnalysis(),10.0,1.0,"{'balance': None, 'classify__shrinkage': None, 'classify__solver': 'svd', 'select': SelectKBest(score_func=<function mutual_info_classif at 0x751a8baab380>), 'select__k': 10, 'transform': LinearDiscriminantAnalysis(), 'transform__n_components': 1}",0.8233500942803269,0.5622895622895623,0.9023809523809525,0.8246700188560654,0.8294172932330827,0.7202380952380952,0.73005698005698,0.7703432851907236,0.10289014102317666,5,0.9072681704260652,0.6711111111111111,0.9843260188087773,0.8796992481203008,0.9033333333333333,0.8337595907928389,0.928388746803069,0.8725551741993566,0.09250346893777259,4,0.825,0.5666666666666667,0.9,0.825,0.8285714285714286,0.75,0.75,0.7778911564625849,0.0986256734448298,5
0.28216818400791716,0.08428719824950735,0.01187436921255929,0.006225739945193041,,,svd,SelectKBest(score_func=<function mutual_info_classif at 0x751a8baab380>),LinearDiscriminantAnalysis(),50.0,1.0,"{'balance': None, 'classify__shrinkage': None, 'classify__solver': 'svd', 'select': SelectKBest(score_func=<function mutual_info_classif at 0x751a8baab380>), 'select__k': 50, 'transform': LinearDiscriminantAnalysis(), 'transform__n_components': 1}",0.7138297872340426,0.6329254727474972,0.8806778476589798,0.8251094434021263,0.8564219632344108,0.8138714185883998,0.6492163009404389,0.7674360334008422,0.09347826112593119,6,0.8596491228070176,0.6711111111111111,0.896551724137931,0.9273182957393484,0.9366666666666666,0.8414322250639386,0.8951406649616368,0.8611242586410928,0.08366213993928613,6,0.725,0.6333333333333333,0.875,0.825,0.8571428571428571,0.825,0.7,0.7772108843537415,0.08443736254649441,6
0.33183349881853375,0.13418804252574046,0.017654929842267717,0.006802709065529296,,,svd,,,,,"{'balance': None, 'classify__shrinkage': None, 'classify__solver': 'svd', 'select': None, 'transform': None}",0.7423273657289002,0.6329254727474972,0.8559829059829059,0.7989974937343358,0.8564219632344108,0.8184922244759972,0.6492163009404389,0.7649091038349265,0.08620295688433971,7,0.8671679197994987,0.6400000000000001,0.8871473354231975,0.9197994987468672,0.9433333333333334,0.8337595907928389,0.8976982097186701,0.8555579839734866,0.0938694952248265,8,0.75,0.6333333333333333,0.85,0.8,0.8571428571428571,0.825,0.7,0.7736394557823129,0.07727865706099704,7
0.023480960300990512,0.029135698501870002,0.005901813507080078,0.0006520032096177719,,,svd,,LinearDiscriminantAnalysis(),,1.0,"{'balance': None, 'classify__shrinkage': None, 'classify__solver': 'svd', 'select': None, 'transform': LinearDiscriminantAnalysis(), 'transform__n_components': 1}",0.7423273657289002,0.6329254727474972,0.8559829059829059,0.7989974937343358,0.8564219632344108,0.8184922244759972,0.6492163009404389,0.7649091038349265,0.08620295688433971,7,0.8671679197994987,0.6400000000000001,0.8871473354231975,0.9197994987468672,0.9433333333333334,0.8337595907928389,0.8976982097186701,0.8555579839734866,0.0938694952248265,8,0.75,0.6333333333333333,0.85,0.8,0.8571428571428571,0.825,0.7,0.7736394557823129,0.07727865706099704,7
0.2010828767504011,0.009931022279902597,0.009197269167218889,0.0008484650930561576,,,svd,SelectKBest(score_func=<function mutual_info_classif at 0x751a8baab380>),,10.0,,"{'balance': None, 'classify__shrinkage': None, 'classify__solver': 'svd', 'select': SelectKBest(score_func=<function mutual_info_classif at 0x751a8baab380>), 'select__k': 10, 'transform': None}",0.7989974937343358,0.5622895622895623,0.9023809523809525,0.8453125,0.8294172932330827,0.752909090909091,0.6286422578184592,0.7599927357664976,0.11356853035411912,9,0.9122807017543859,0.6755555555555556,0.9843260188087775,0.987468671679198,0.9066666666666667,0.8260869565217391,0.8772378516624041,0.8813746318069609,0.09920047357774318,2,0.8,0.5666666666666667,0.9,0.85,0.8285714285714286,0.775,0.675,0.770748299319728,0.10557403429837356,9
0.18164917400905065,0.05954467901185933,0.007525069372994559,0.0018500887889470253,,,svd,SelectKBest(score_func=<function mutual_info_classif at 0x751a8baab380>),"PCA(random_state=42, svd_solver='full')",30.0,10.0,"{'balance': None, 'classify__shrinkage': None, 'classify__solver': 'svd', 'select': SelectKBest(score_func=<function mutual_info_classif at 0x751a8baab380>), 'select__k': 30, 'transform': PCA(random_state=42, svd_solver='full'), 'transform__n_components': 10}",0.6532454361054767,0.5542857142857142,0.8062091503267974,0.7728571428571429,0.8294172932330827,0.766632860040568,0.6102098466505247,0.7132653490713297,0.09858024160640068,10,0.8095238095238095,0.6755555555555556,0.8150470219435737,0.9197994987468672,0.88,0.8005115089514067,0.9104859335038363,0.8301319040321499,0.07783438198206123,10,0.675,0.5666666666666667,0.825,0.775,0.8285714285714286,0.775,0.675,0.7314625850340136,0.08904583909707724,10
0.1603841781616211,0.03534555157578948,0.007393836975097656,0.0016859434355440048,,,svd,SelectKBest(score_func=<function mutual_info_classif at 0x751a8baab380>),"PCA(random_state=42, svd_solver='full')",10.0,5.0,"{'balance': None, 'classify__shrinkage': None, 'classify__solver': 'svd', 'select': SelectKBest(score_func=<function mutual_info_classif at 0x751a8baab380>), 'select__k': 10, 'transform': PCA(random_state=42, svd_solver='full'), 'transform__n_components': 5}",0.690625,0.5927601809954751,0.771875,0.7421875,0.8009828009828011,0.6642857142857143,0.6492163009404389,0.7017046424577756,0.06820740422061125,11,0.8471177944862156,0.6266666666666667,0.8244514106583072,0.8947368421052632,0.8533333333333333,0.7774936061381075,0.8746803069053708,0.8140685657561806,0.08398990618647324,11,0.7,0.6,0.8,0.75,0.8,0.7,0.7,0.7214285714285714,0.06468132241526729,11
0.1848757607596261,0.012595882272393477,0.008496250425066267,0.0013778455388987142,,,svd,SelectKBest(score_func=<function mutual_info_classif at 0x751a8baab380>),"PCA(random_state=42, svd_solver='full')",30.0,5.0,"{'balance': None, 'classify__shrinkage': None, 'classify__solver': 'svd', 'select': SelectKBest(score_func=<function mutual_info_classif at 0x751a8baab380>), 'select__k': 30, 'transform': PCA(random_state=42, svd_solver='full'), 'transform__n_components': 5}",0.5875262054507338,0.6,0.7933333333333333,0.7487373737373737,0.7399087399087401,0.73005698005698,0.6083333333333334,0.6868422808314991,0.07876168893136264,12,0.8320802005012532,0.64,0.7021943573667712,0.7894736842105263,0.82,0.8005115089514067,0.782608695652174,0.7666954923831616,0.06463554289169052,12,0.625,0.6,0.8,0.75,0.7428571428571429,0.75,0.65,0.7025510204081634,0.07062595714448003,13
0.003742013658796038,0.00022453383283735202,0.004692520414079938,0.00015533255626703398,,,svd,,"PCA(random_state=42, svd_solver='full')",,10.0,"{'balance': None, 'classify__shrinkage': None, 'classify__solver': 'svd', 'select': None, 'transform': PCA(random_state=42, svd_solver='full'), 'transform__n_components': 10}",0.6081196581196581,0.5982142857142857,0.771875,0.7728571428571429,0.682110682110682,0.7606918238993711,0.6102098466505247,0.6862969199073807,0.07561923766961322,13,0.7468671679197996,0.56,0.6990595611285266,0.794486215538847,0.8133333333333334,0.6956521739130435,0.8567774936061381,0.7380251350628126,0.0910621569844942,14,0.65,0.6,0.8,0.775,0.6857142857142857,0.775,0.675,0.7086734693877551,0.06974696934953088,12
0.41227848189217703,0.11275099202433737,0.016647679465157644,0.005656769039495123,,,svd,SelectKBest(score_func=<function mutual_info_classif at 0x751a8baab380>),"PCA(random_state=42, svd_solver='full')",50.0,10.0,"{'balance': None, 'classify__shrinkage': None, 'classify__solver': 'svd', 'select': SelectKBest(score_func=<function mutual_info_classif at 0x751a8baab380>), 'select__k': 50, 'transform': PCA(random_state=42, svd_solver='full'), 'transform__n_components': 10}",0.6081196581196581,0.4712103407755582,0.71484375,0.7728571428571429,0.650375939849624,0.7376373626373626,0.6642857142857143,0.6599042726464371,0.0927486332002185,14,0.7543859649122807,0.5511111111111111,0.6865203761755486,0.8395989974937343,0.8133333333333334,0.7135549872122762,0.8516624040920715,0.744309596332908,0.09789323588275103,13,0.65,0.5,0.75,0.775,0.6571428571428571,0.75,0.7,0.6831632653061225,0.08699540648613369,14
0.28299706322806223,0.08281863361550414,0.010329450879778181,0.003124847078986685,,,svd,SelectKBest(score_func=<function mutual_info_classif at 0x751a8baab380>),"PCA(random_state=42, svd_solver='full')",50.0,5.0,"{'balance': None, 'classify__shrinkage': None, 'classify__solver': 'svd', 'select': SelectKBest(score_func=<function mutual_info_classif at 0x751a8baab380>), 'select__k': 50, 'transform': PCA(random_state=42, svd_solver='full'), 'transform__n_components': 5}",0.509717868338558,0.3453145057766367,0.762769628990509,0.44230769230769235,0.6285714285714286,0.7,0.6543326345213138,0.5775733940723056,0.1386795244041622,15,0.7092731829573935,0.4488888888888889,0.677115987460815,0.6365914786967419,0.7466666666666667,0.7570332480818414,0.6930946291560102,0.666952011701194,0.09674721645772622,15,0.6,0.43333333333333335,0.775,0.5,0.6285714285714286,0.7,0.675,0.6159863945578231,0.10892667955469681,15
0.0038255623408726285,0.00046500861568948035,0.0048901694161551336,0.00045350806586481873,,,svd,,"PCA(random_state=42, svd_solver='full')",,5.0,"{'balance': None, 'classify__shrinkage': None, 'classify__solver': 'svd', 'select': None, 'transform': PCA(random_state=42, svd_solver='full'), 'transform__n_components': 5}",0.46420500403551246,0.3181818181818182,0.7416666666666667,0.5791666666666666,0.6019736842105263,0.5731394621638524,0.6326923076923077,0.5587179442310501,0.12434396691631924,16,0.7167919799498746,0.5511111111111111,0.5893416927899687,0.7117794486215538,0.7866666666666666,0.5294117647058824,0.7058823529411765,0.6558550023980334,0.0908990662412168,16,0.575,0.4666666666666667,0.75,0.6,0.6,0.575,0.65,0.6023809523809524,0.07927177054564997,16
0.20326927730015346,0.09661747404124826,0.00762455804007394,0.002100747037591821,,,svd,SelectKBest(score_func=<function mutual_info_classif at 0x751a8baab380>),"PCA(random_state=42, svd_solver='full')",10.0,2.0,"{'balance': None, 'classify__shrinkage': None, 'classify__solver': 'svd', 'select': SelectKBest(score_func=<function mutual_info_classif at 0x751a8baab380>), 'select__k': 10, 'transform': PCA(random_state=42, svd_solver='full'), 'transform__n_components': 2}",0.642522711390636,0.3333333333333333,0.6954715219421101,0.5655555555555555,0.5980392156862746,0.24285714285714283,0.692,0.5385399258235789,0.1659595490340263,17,0.7117794486215538,0.64,0.47962382445141066,0.6190476190476191,0.6566666666666666,0.5242966751918159,0.7135549872122762,0.6207098887416204,0.08261997660744154,20,0.675,0.5,0.725,0.575,0.6,0.4,0.7,0.5964285714285714,0.1080910425030111,17
0.07512361662728446,0.10618516619672984,0.00999804905482701,0.0039022509710139757,,,svd,,"PCA(random_state=42, svd_solver='full')",,2.0,"{'balance': None, 'classify__shrinkage': None, 'classify__solver': 'svd', 'select': None, 'transform': PCA(random_state=42, svd_solver='full'), 'transform__n_components': 2}",0.3614754098360656,0.3333333333333333,0.6954715219421101,0.460272536687631,0.6013071895424837,0.24285714285714283,0.692,0.4838167334569667,0.16825598520877677,18,0.7318295739348372,0.6622222222222223,0.48902821316614414,0.6190476190476191,0.6766666666666666,0.5242966751918158,0.7442455242966751,0.6353337849322829,0.09071493711269576,18,0.525,0.5,0.725,0.525,0.6,0.4,0.7,0.5678571428571428,0.10666560373620054,18
0.19315191677638463,0.011437797564894612,0.008864028113228934,0.00014517696718880854,,,svd,SelectKBest(score_func=<function mutual_info_classif at 0x751a8baab380>),"PCA(random_state=42, svd_solver='full')",30.0,2.0,"{'balance': None, 'classify__shrinkage': None, 'classify__solver': 'svd', 'select': SelectKBest(score_func=<function mutual_info_classif at 0x751a8baab380>), 'select__k': 30, 'transform': PCA(random_state=42, svd_solver='full'), 'transform__n_components': 2}",0.3614754098360656,0.3333333333333333,0.6954715219421101,0.44230769230769235,0.6013071895424837,0.24285714285714283,0.692,0.48125032711697546,0.1687318676459946,19,0.7343358395989975,0.6622222222222223,0.48589341692789967,0.6240601503759399,0.6666666666666667,0.49104859335038364,0.7442455242966751,0.6297817733483979,0.0974165374961063,19,0.525,0.5,0.725,0.5,0.6,0.4,0.7,0.5642857142857143,0.10844447464777837,19
0.23043898173740932,0.08916712373439768,0.007078000477382115,0.0010816911316617885,,,svd,SelectKBest(score_func=<function mutual_info_classif at 0x751a8baab380>),"PCA(random_state=42, svd_solver='full')",50.0,2.0,"{'balance': None, 'classify__shrinkage': None, 'classify__solver': 'svd', 'select': SelectKBest(score_func=<function mutual_info_classif at 0x751a8baab380>), 'select__k': 50, 'transform': PCA(random_state=42, svd_solver='full'), 'transform__n_components': 2}",0.3614754098360656,0.3333333333333333,0.6578125,0.4202279202279202,0.6013071895424837,0.24285714285714283,0.692,0.472716213685278,0.1631274569111937,20,0.7293233082706767,0.6622222222222223,0.49216300940438873,0.6290726817042607,0.6666666666666667,0.5242966751918159,0.7442455242966751,0.6354271553938151,0.08885524833645947,17,0.525,0.5,0.7,0.5,0.6,0.4,0.7,0.5607142857142857,0.10338653447235803,20
0.0008182185036795479,3.204540035019626e-05,0.0,0.0,SMOTE(random_state=42),,svd,,,,,"{'balance': SMOTE(random_state=42), 'classify__shrinkage': None, 'classify__solver': 'svd', 'select': None, 'transform': None}",,,,,,,,,,21,,,,,,,,,,21,,,,,,,,,,21
0.0008447170257568359,4.839939101142783e-05,0.0,0.0,SMOTE(random_state=42),,svd,SelectKBest(score_func=<function mutual_info_classif at 0x751a8baab380>),,10.0,,"{'balance': SMOTE(random_state=42), 'classify__shrinkage': None, 'classify__solver': 'svd', 'select': SelectKBest(score_func=<function mutual_info_classif at 0x751a8baab380>), 'select__k': 10, 'transform': None}",,,,,,,,,,21,,,,,,,,,,21,,,,,,,,,,21
0.0008653572627476283,2.3777690485555332e-05,0.0,0.0,SMOTE(random_state=42),,svd,SelectKBest(score_func=<function mutual_info_classif at 0x751a8baab380>),,30.0,,"{'balance': SMOTE(random_state=42), 'classify__shrinkage': None, 'classify__solver': 'svd', 'select': SelectKBest(score_func=<function mutual_info_classif at 0x751a8baab380>), 'select__k': 30, 'transform': None}",,,,,,,,,,21,,,,,,,,,,21,,,,,,,,,,21
0.0011148452758789062,0.0006998288216080523,0.0,0.0,SMOTE(random_state=42),,svd,SelectKBest(score_func=<function mutual_info_classif at 0x751a8baab380>),,50.0,,"{'balance': SMOTE(random_state=42), 'classify__shrinkage': None, 'classify__solver': 'svd', 'select': SelectKBest(score_func=<function mutual_info_classif at 0x751a8baab380>), 'select__k': 50, 'transform': None}",,,,,,,,,,21,,,,,,,,,,21,,,,,,,,,,21
0.0007763249533517021,4.349432077991708e-05,0.0,0.0,SMOTE(random_state=42),,svd,SelectKBest(score_func=<function mutual_info_classif at 0x751a8baab380>),"PCA(random_state=42, svd_solver='full')",50.0,2.0,"{'balance': SMOTE(random_state=42), 'classify__shrinkage': None, 'classify__solver': 'svd', 'select': SelectKBest(score_func=<function mutual_info_classif at 0x751a8baab380>), 'select__k': 50, 'transform': PCA(random_state=42, svd_solver='full'), 'transform__n_components': 2}",,,,,,,,,,21,,,,,,,,,,21,,,,,,,,,,21
0.000732421875,1.3875177086911289e-05,0.0,0.0,SMOTE(random_state=42),,svd,SelectKBest(score_func=<function mutual_info_classif at 0x751a8baab380>),"PCA(random_state=42, svd_solver='full')",30.0,10.0,"{'balance': SMOTE(random_state=42), 'classify__shrinkage': None, 'classify__solver': 'svd', 'select': SelectKBest(score_func=<function mutual_info_classif at 0x751a8baab380>), 'select__k': 30, 'transform': PCA(random_state=42, svd_solver='full'), 'transform__n_components': 10}",,,,,,,,,,21,,,,,,,,,,21,,,,,,,,,,21
0.0007634844098772321,2.5714718175400647e-05,0.0,0.0,SMOTE(random_state=42),,svd,SelectKBest(score_func=<function mutual_info_classif at 0x751a8baab380>),"PCA(random_state=42, svd_solver='full')",30.0,5.0,"{'balance': SMOTE(random_state=42), 'classify__shrinkage': None, 'classify__solver': 'svd', 'select': SelectKBest(score_func=<function mutual_info_classif at 0x751a8baab380>), 'select__k': 30, 'transform': PCA(random_state=42, svd_solver='full'), 'transform__n_components': 5}",,,,,,,,,,21,,,,,,,,,,21,,,,,,,,,,21
0.0008190018790108817,7.541282100267549e-05,0.0,0.0,SMOTE(random_state=42),,svd,SelectKBest(score_func=<function mutual_info_classif at 0x751a8baab380>),"PCA(random_state=42, svd_solver='full')",50.0,5.0,"{'balance': SMOTE(random_state=42), 'classify__shrinkage': None, 'classify__solver': 'svd', 'select': SelectKBest(score_func=<function mutual_info_classif at 0x751a8baab380>), 'select__k': 50, 'transform': PCA(random_state=42, svd_solver='full'), 'transform__n_components': 5}",,,,,,,,,,21,,,,,,,,,,21,,,,,,,,,,21
0.0007467269897460938,1.9684028650966877e-05,0.0,0.0,SMOTE(random_state=42),,svd,SelectKBest(score_func=<function mutual_info_classif at 0x751a8baab380>),"PCA(random_state=42, svd_solver='full')",30.0,2.0,"{'balance': SMOTE(random_state=42), 'classify__shrinkage': None, 'classify__solver': 'svd', 'select': SelectKBest(score_func=<function mutual_info_classif at 0x751a8baab380>), 'select__k': 30, 'transform': PCA(random_state=42, svd_solver='full'), 'transform__n_components': 2}",,,,,,,,,,21,,,,,,,,,,21,,,,,,,,,,21
0.0007915156228201729,6.0725227284522975e-05,0.0,0.0,SMOTE(random_state=42),,svd,SelectKBest(score_func=<function mutual_info_classif at 0x751a8baab380>),"PCA(random_state=42, svd_solver='full')",10.0,2.0,"{'balance': SMOTE(random_state=42), 'classify__shrinkage': None, 'classify__solver': 'svd', 'select': SelectKBest(score_func=<function mutual_info_classif at 0x751a8baab380>), 'select__k': 10, 'transform': PCA(random_state=42, svd_solver='full'), 'transform__n_components': 2}",,,,,,,,,,21,,,,,,,,,,21,,,,,,,,,,21
0.0011794907706124441,0.0008756859577520117,0.0,0.0,SMOTE(random_state=42),,svd,SelectKBest(score_func=<function mutual_info_classif at 0x751a8baab380>),"PCA(random_state=42, svd_solver='full')",10.0,5.0,"{'balance': SMOTE(random_state=42), 'classify__shrinkage': None, 'classify__solver': 'svd', 'select': SelectKBest(score_func=<function mutual_info_classif at 0x751a8baab380>), 'select__k': 10, 'transform': PCA(random_state=42, svd_solver='full'), 'transform__n_components': 5}",,,,,,,,,,21,,,,,,,,,,21,,,,,,,,,,21
0.0007651192801339286,1.6797178622913202e-05,0.0,0.0,SMOTE(random_state=42),,svd,SelectKBest(score_func=<function mutual_info_classif at 0x751a8baab380>),"PCA(random_state=42, svd_solver='full')",10.0,10.0,"{'balance': SMOTE(random_state=42), 'classify__shrinkage': None, 'classify__solver': 'svd', 'select': SelectKBest(score_func=<function mutual_info_classif at 0x751a8baab380>), 'select__k': 10, 'transform': PCA(random_state=42, svd_solver='full'), 'transform__n_components': 10}",,,,,,,,,,21,,,,,,,,,,21,,,,,,,,,,21
0.20256124223981584,0.016067801022648317,0.0,0.0,,,svd,SelectKBest(score_func=<function mutual_info_classif at 0x751a8baab380>),LinearDiscriminantAnalysis(),50.0,2.0,"{'balance': None, 'classify__shrinkage': None, 'classify__solver': 'svd', 'select': SelectKBest(score_func=<function mutual_info_classif at 0x751a8baab380>), 'select__k': 50, 'transform': LinearDiscriminantAnalysis(), 'transform__n_components': 2}",,,,,,,,,,21,,,,,,,,,,21,,,,,,,,,,21
0.20497138159615652,0.025960027413762018,0.0,0.0,,,svd,SelectKBest(score_func=<function mutual_info_classif at 0x751a8baab380>),LinearDiscriminantAnalysis(),30.0,2.0,"{'balance': None, 'classify__shrinkage': None, 'classify__solver': 'svd', 'select': SelectKBest(score_func=<function mutual_info_classif at 0x751a8baab380>), 'select__k': 30, 'transform': LinearDiscriminantAnalysis(), 'transform__n_components': 2}",,,,,,,,,,21,,,,,,,,,,21,,,,,,,,,,21
0.0008207389286586217,5.627903001795158e-05,0.0,0.0,SMOTE(random_state=42),,svd,SelectKBest(score_func=<function mutual_info_classif at 0x751a8baab380>),"PCA(random_state=42, svd_solver='full')",50.0,10.0,"{'balance': SMOTE(random_state=42), 'classify__shrinkage': None, 'classify__solver': 'svd', 'select': SelectKBest(score_func=<function mutual_info_classif at 0x751a8baab380>), 'select__k': 50, 'transform': PCA(random_state=42, svd_solver='full'), 'transform__n_components': 10}",,,,,,,,,,21,,,,,,,,,,21,,,,,,,,,,21
0.20128025327410018,0.041316328752907645,0.0,0.0,,,svd,SelectKBest(score_func=<function mutual_info_classif at 0x751a8baab380>),LinearDiscriminantAnalysis(),10.0,2.0,"{'balance': None, 'classify__shrinkage': None, 'classify__solver': 'svd', 'select': SelectKBest(score_func=<function mutual_info_classif at 0x751a8baab380>), 'select__k': 10, 'transform': LinearDiscriminantAnalysis(), 'transform__n_components': 2}",,,,,,,,,,21,,,,,,,,,,21,,,,,,,,,,21
0.0007433891296386719,2.727009511334211e-05,0.0,0.0,SMOTE(random_state=42),,svd,SelectKBest(score_func=<function mutual_info_classif at 0x751a8baab380>),LinearDiscriminantAnalysis(),30.0,2.0,"{'balance': SMOTE(random_state=42), 'classify__shrinkage': None, 'classify__solver': 'svd', 'select': SelectKBest(score_func=<function mutual_info_classif at 0x751a8baab380>), 'select__k': 30, 'transform': LinearDiscriminantAnalysis(), 'transform__n_components': 2}",,,,,,,,,,21,,,,,,,,,,21,,,,,,,,,,21
0.0007210118430001396,1.0595498675396225e-05,0.0,0.0,SMOTE(random_state=42),,svd,SelectKBest(score_func=<function mutual_info_classif at 0x751a8baab380>),LinearDiscriminantAnalysis(),30.0,1.0,"{'balance': SMOTE(random_state=42), 'classify__shrinkage': None, 'classify__solver': 'svd', 'select': SelectKBest(score_func=<function mutual_info_classif at 0x751a8baab380>), 'select__k': 30, 'transform': LinearDiscriminantAnalysis(), 'transform__n_components': 1}",,,,,,,,,,21,,,,,,,,,,21,,,,,,,,,,21
0.0007503373282296317,5.0741073434873804e-05,0.0,0.0,SMOTE(random_state=42),,svd,SelectKBest(score_func=<function mutual_info_classif at 0x751a8baab380>),LinearDiscriminantAnalysis(),10.0,1.0,"{'balance': SMOTE(random_state=42), 'classify__shrinkage': None, 'classify__solver': 'svd', 'select': SelectKBest(score_func=<function mutual_info_classif at 0x751a8baab380>), 'select__k': 10, 'transform': LinearDiscriminantAnalysis(), 'transform__n_components': 1}",,,,,,,,,,21,,,,,,,,,,21,,,,,,,,,,21
0.0007280962807791573,2.4149621051969094e-05,0.0,0.0,SMOTE(random_state=42),,svd,SelectKBest(score_func=<function mutual_info_classif at 0x751a8baab380>),LinearDiscriminantAnalysis(),10.0,2.0,"{'balance': SMOTE(random_state=42), 'classify__shrinkage': None, 'classify__solver': 'svd', 'select': SelectKBest(score_func=<function mutual_info_classif at 0x751a8baab380>), 'select__k': 10, 'transform': LinearDiscriminantAnalysis(), 'transform__n_components': 2}",,,,,,,,,,21,,,,,,,,,,21,,,,,,,,,,21
0.0008687291826520647,6.315138276428762e-05,0.0,0.0,SMOTE(random_state=42),,svd,SelectKBest(score_func=<function mutual_info_classif at 0x751a8baab380>),LinearDiscriminantAnalysis(),50.0,1.0,"{'balance': SMOTE(random_state=42), 'classify__shrinkage': None, 'classify__solver': 'svd', 'select': SelectKBest(score_func=<function mutual_info_classif at 0x751a8baab380>), 'select__k': 50, 'transform': LinearDiscriminantAnalysis(), 'transform__n_components': 1}",,,,,,,,,,21,,,,,,,,,,21,,,,,,,,,,21
0.0008464540754045759,5.86990933101527e-05,0.0,0.0,SMOTE(random_state=42),,svd,SelectKBest(score_func=<function mutual_info_classif at 0x751a8baab380>),LinearDiscriminantAnalysis(),50.0,2.0,"{'balance': SMOTE(random_state=42), 'classify__shrinkage': None, 'classify__solver': 'svd', 'select': SelectKBest(score_func=<function mutual_info_classif at 0x751a8baab380>), 'select__k': 50, 'transform': LinearDiscriminantAnalysis(), 'transform__n_components': 2}",,,,,,,,,,21,,,,,,,,,,21,,,,,,,,,,21
0.00044655799865722656,2.9277956834809784e-05,0.0,0.0,SMOTE(random_state=42),,svd,,"PCA(random_state=42, svd_solver='full')",,5.0,"{'balance': SMOTE(random_state=42), 'classify__shrinkage': None, 'classify__solver': 'svd', 'select': None, 'transform': PCA(random_state=42, svd_solver='full'), 'transform__n_components': 5}",,,,,,,,,,21,,,,,,,,,,21,,,,,,,,,,21
0.000463587897164481,2.945020483525816e-05,0.0,0.0,SMOTE(random_state=42),,svd,,"PCA(random_state=42, svd_solver='full')",,2.0,"{'balance': SMOTE(random_state=42), 'classify__shrinkage': None, 'classify__solver': 'svd', 'select': None, 'transform': PCA(random_state=42, svd_solver='full'), 'transform__n_components': 2}",,,,,,,,,,21,,,,,,,,,,21,,,,,,,,,,21
0.0005459785461425781,1.6563290144143368e-05,0.0,0.0,SMOTE(random_state=42),,svd,,"PCA(random_state=42, svd_solver='full')",,10.0,"{'balance': SMOTE(random_state=42), 'classify__shrinkage': None, 'classify__solver': 'svd', 'select': None, 'transform': PCA(random_state=42, svd_solver='full'), 'transform__n_components': 10}",,,,,,,,,,21,,,,,,,,,,21,,,,,,,,,,21
0.0013325554983956473,0.00010342714858349468,0.0,0.0,,,svd,,LinearDiscriminantAnalysis(),,2.0,"{'balance': None, 'classify__shrinkage': None, 'classify__solver': 'svd', 'select': None, 'transform': LinearDiscriminantAnalysis(), 'transform__n_components': 2}",,,,,,,,,,21,,,,,,,,,,21,,,,,,,,,,21
0.0007279259817940849,2.4549152473780487e-05,0.0,0.0,SMOTE(random_state=42),,svd,,LinearDiscriminantAnalysis(),,1.0,"{'balance': SMOTE(random_state=42), 'classify__shrinkage': None, 'classify__solver': 'svd', 'select': None, 'transform': LinearDiscriminantAnalysis(), 'transform__n_components': 1}",,,,,,,,,,21,,,,,,,,,,21,,,,,,,,,,21
0.0005852494921003069,2.4270132836682964e-05,0.0,0.0,SMOTE(random_state=42),,svd,,LinearDiscriminantAnalysis(),,2.0,"{'balance': SMOTE(random_state=42), 'classify__shrinkage': None, 'classify__solver': 'svd', 'select': None, 'transform': LinearDiscriminantAnalysis(), 'transform__n_components': 2}",,,,,,,,,,21,,,,,,,,,,21,,,,,,,,,,21
