Population Definition Reported,Cell Number Unit,Count,Unique_Studies,Unique_Patients,Unique_Timepoints,Timepoints_List,Study_IDs_List
"Singlets/WBC/Lymph/Lin1-DR+/pDC/CD40-,Freq. of Parent",cells/ul,489,2,77,9,"-7.0, 0.0, 1.0, 120.0, 240.0, 28.0, 3.0, 7.0, -5.0","296, 301"
"Singlets/WBC/Lymph/Lin1-DR+/mDC/CD2+,Freq. of Parent",cells/ul,489,2,77,9,"-7.0, 0.0, 1.0, 120.0, 240.0, 28.0, 3.0, 7.0, -5.0","296, 301"
"Singlets/WBC/Lymph/Lin1-DR+/mDC/CD86-,Freq. of Parent",cells/ul,489,2,77,9,"-7.0, 0.0, 1.0, 120.0, 240.0, 28.0, 3.0, 7.0, -5.0","296, 301"
"Singlets/WBC/Lymph/Lin1-DR+/mDC/CD40+,Freq. of Parent",cells/ul,489,2,77,9,"-7.0, 0.0, 1.0, 120.0, 240.0, 28.0, 3.0, 7.0, -5.0","296, 301"
"Singlets/WBC/Lymph/Lin1-DR+/pDC,Freq. of,WBC",cells/ul,489,2,77,9,"-7.0, 0.0, 1.0, 120.0, 240.0, 28.0, 3.0, 7.0, -5.0","296, 301"
"Singlets/WBC/Lymph/Lin1-DR+/mDC/CD2,Freq. of Parent",cells/ul,489,2,77,9,"-7.0, 0.0, 1.0, 120.0, 240.0, 28.0, 3.0, 7.0, -5.0","296, 301"
"Singlets/WBC/Lymph/Lin1-DR+/pDC/CD2+,Freq. of,pDC",cells/ul,489,2,77,9,"-7.0, 0.0, 1.0, 120.0, 240.0, 28.0, 3.0, 7.0, -5.0","296, 301"
"Singlets/WBC/Lymph/Lin1-DR+/pDC/CD2,Freq. of Parent",cells/ul,489,2,77,9,"-7.0, 0.0, 1.0, 120.0, 240.0, 28.0, 3.0, 7.0, -5.0","296, 301"
"Singlets/WBC/Lymph/Lin1-DR+/pDC/CD40+,Freq. of,pDC",cells/ul,489,2,77,9,"-7.0, 0.0, 1.0, 120.0, 240.0, 28.0, 3.0, 7.0, -5.0","296, 301"
"Singlets/WBC/Lymph/Lin1-DR+/mDC/CD40-,Freq. of Parent",cells/ul,489,2,77,9,"-7.0, 0.0, 1.0, 120.0, 240.0, 28.0, 3.0, 7.0, -5.0","296, 301"
"Singlets/WBC/Lymph/Lin1-DR+/mDC/CD86+,Freq. of Parent",cells/ul,489,2,77,9,"-7.0, 0.0, 1.0, 120.0, 240.0, 28.0, 3.0, 7.0, -5.0","296, 301"
"Singlets/WBC/Lymph/Lin1-DR+/pDC/CD86+,Freq. of,pDC",cells/ul,489,2,77,9,"-7.0, 0.0, 1.0, 120.0, 240.0, 28.0, 3.0, 7.0, -5.0","296, 301"
"Singlets/WBC/Lymph/Lin1-DR+/pDC/CD86-,Freq. of Parent",cells/ul,489,2,77,9,"-7.0, 0.0, 1.0, 120.0, 240.0, 28.0, 3.0, 7.0, -5.0","296, 301"
"Singlets/WBC/Lymph/Lin1-DR+/mDC/BDCA3,Freq. of,WBC",cells/ul,489,2,77,9,"-7.0, 0.0, 1.0, 120.0, 240.0, 28.0, 3.0, 7.0, -5.0","296, 301"
"Singlets/WBC/Lymph/Lin1-DR+/mDC,Freq. of,WBC",cells/ul,489,2,77,9,"-7.0, 0.0, 1.0, 120.0, 240.0, 28.0, 3.0, 7.0, -5.0","296, 301"
CD14pCD16n_pmo,cells/ul,488,2,77,9,"-7.0, 0.0, 1.0, 120.0, 240.0, 28.0, 3.0, 7.0, -5.0","296, 301"
CD14pCD16p_CD86_pP,cells/ul,488,2,77,9,"-7.0, 0.0, 1.0, 120.0, 240.0, 28.0, 3.0, 7.0, -5.0","296, 301"
CD14nCD16n_CD86_pP,cells/ul,488,2,77,9,"-7.0, 0.0, 1.0, 120.0, 240.0, 28.0, 3.0, 7.0, -5.0","296, 301"
CD14pCD16p_pmo,cells/ul,488,2,77,9,"-7.0, 0.0, 1.0, 120.0, 240.0, 28.0, 3.0, 7.0, -5.0","296, 301"
"Singlets/WBC/mono/CD3-CD19-/mo2/mo3,Freq. of,WBC",cells/ul,488,2,77,9,"-7.0, 0.0, 1.0, 120.0, 240.0, 28.0, 3.0, 7.0, -5.0","296, 301"
"Singlets/WBC/mono/CD3-CD19-/mo2/mo3/Q1: CD14,, CD16+,Freq. of,mo3",cells/ul,488,2,77,9,"-7.0, 0.0, 1.0, 120.0, 240.0, 28.0, 3.0, 7.0, -5.0","296, 301"
CD14pCD16n_CD86_pP,cells/ul,488,2,77,9,"-7.0, 0.0, 1.0, 120.0, 240.0, 28.0, 3.0, 7.0, -5.0","296, 301"
CD14nCD16p_CD86_pP,cells/ul,488,2,77,9,"-7.0, 0.0, 1.0, 120.0, 240.0, 28.0, 3.0, 7.0, -5.0","296, 301"
CD14nCD16n_pmo,cells/ul,488,2,77,9,"-7.0, 0.0, 1.0, 120.0, 240.0, 28.0, 3.0, 7.0, -5.0","296, 301"
"Singlets/WBC/Lymph/Lin1-DR+/mDC/BDCA3/CD86-,Freq. of Parent",cells/ul,486,2,77,9,"-7.0, 0.0, 1.0, 120.0, 240.0, 28.0, 3.0, 7.0, -5.0","296, 301"
"Singlets/WBC/Lymph/Lin1-DR+/mDC/BDCA3/CD40+,Freq. of,BDCA3",cells/ul,486,2,77,9,"-7.0, 0.0, 1.0, 120.0, 240.0, 28.0, 3.0, 7.0, -5.0","296, 301"
"Singlets/WBC/Lymph/Lin1-DR+/mDC/BDCA3/CD86+,Freq. of,BDCA3",cells/ul,486,2,77,9,"-7.0, 0.0, 1.0, 120.0, 240.0, 28.0, 3.0, 7.0, -5.0","296, 301"
"Singlets/WBC/Lymph/Lin1-DR+/mDC/BDCA3/CD40-,Freq. of Parent",cells/ul,486,2,77,9,"-7.0, 0.0, 1.0, 120.0, 240.0, 28.0, 3.0, 7.0, -5.0","296, 301"
"Singlets/WBC/Lymph/Lin1-DR+/mDC/BDCA3/CD2,Freq. of Parent",cells/ul,486,2,77,9,"-7.0, 0.0, 1.0, 120.0, 240.0, 28.0, 3.0, 7.0, -5.0","296, 301"
"Singlets/WBC/Lymph/Lin1-DR+/mDC/BDCA3/CD2+,Freq. of,BDCA3",cells/ul,486,2,77,9,"-7.0, 0.0, 1.0, 120.0, 240.0, 28.0, 3.0, 7.0, -5.0","296, 301"
"Singlets/WBC/Lymph/CD3/CD8/ICOS+,Freq. of,CD8",cells/ul,485,2,77,9,"-7.0, 0.0, 1.0, 120.0, 240.0, 28.0, 3.0, 7.0, -5.0","296, 301"
"Singlets/WBC/Lymph/CD3/CD8/DR,Freq. of,CD8",cells/ul,485,2,77,9,"-7.0, 0.0, 1.0, 120.0, 240.0, 28.0, 3.0, 7.0, -5.0","296, 301"
"Singlets/WBC/Lymph/CD19/CD27/PB,Freq. of,CD19",cells/ul,485,2,77,9,"-7.0, 0.0, 1.0, 120.0, 240.0, 28.0, 3.0, 7.0, -5.0","296, 301"
"Singlets/WBC/Lymph/CD3/CD8,Freq. of,CD3",cells/ul,485,2,77,9,"-7.0, 0.0, 1.0, 120.0, 240.0, 28.0, 3.0, 7.0, -5.0","296, 301"
"Singlets/WBC/Lymph/CD3/CD4/TH/ICOS+,Freq. of,TH",cells/ul,485,2,77,9,"-7.0, 0.0, 1.0, 120.0, 240.0, 28.0, 3.0, 7.0, -5.0","296, 301"
"Singlets/WBC/Lymph/CD3/CD4/TH/DR,Freq. of Parent",cells/ul,485,2,77,9,"-7.0, 0.0, 1.0, 120.0, 240.0, 28.0, 3.0, 7.0, -5.0","296, 301"
"Singlets/WBC/Lymph/CD19,Freq. of,Lymph",cells/ul,485,2,77,9,"-7.0, 0.0, 1.0, 120.0, 240.0, 28.0, 3.0, 7.0, -5.0","296, 301"
"Singlets/WBC/Lymph/CD19/CD27,Freq. of,CD19",cells/ul,485,2,77,9,"-7.0, 0.0, 1.0, 120.0, 240.0, 28.0, 3.0, 7.0, -5.0","296, 301"
"Singlets/WBC/Lymph/CD19/CD27/CD138,Freq. of,CD19",cells/ul,485,2,77,9,"-7.0, 0.0, 1.0, 120.0, 240.0, 28.0, 3.0, 7.0, -5.0","296, 301"
"Singlets/WBC/Lymph/CD3-/NK,Freq. of,Lymph",cells/ul,485,2,77,9,"-7.0, 0.0, 1.0, 120.0, 240.0, 28.0, 3.0, 7.0, -5.0","296, 301"
"Singlets/WBC/Lymph/CD3/CD4/TH,Freq. of,CD4",cells/ul,485,2,77,9,"-7.0, 0.0, 1.0, 120.0, 240.0, 28.0, 3.0, 7.0, -5.0","296, 301"
"Singlets/WBC/Lymph/CD3/CD4/DR,Freq. of Parent",cells/ul,485,2,77,9,"-7.0, 0.0, 1.0, 120.0, 240.0, 28.0, 3.0, 7.0, -5.0","296, 301"
"Singlets/WBC/Lymph/CD3+/CD56/CD38,Freq. of Parent",cells/ul,485,2,77,9,"-7.0, 0.0, 1.0, 120.0, 240.0, 28.0, 3.0, 7.0, -5.0","296, 301"
"Singlets/WBC/Lymph/CD3+/CD56/CD27,Freq. of Parent",cells/ul,485,2,77,9,"-7.0, 0.0, 1.0, 120.0, 240.0, 28.0, 3.0, 7.0, -5.0","296, 301"
"Singlets/WBC/Lymph/CD3-/NK/CD27,Freq. of Parent",cells/ul,485,2,77,9,"-7.0, 0.0, 1.0, 120.0, 240.0, 28.0, 3.0, 7.0, -5.0","296, 301"
"Singlets/WBC/Lymph/CD3+/CD56,Freq. of,CD3+",cells/ul,485,2,77,9,"-7.0, 0.0, 1.0, 120.0, 240.0, 28.0, 3.0, 7.0, -5.0","296, 301"
"Singlets/WBC/Lymph/CD3-/NK/CD38,Freq. of Parent",cells/ul,485,2,77,9,"-7.0, 0.0, 1.0, 120.0, 240.0, 28.0, 3.0, 7.0, -5.0","296, 301"
"Singlets/WBC/Lymph/CD3-/NK/Q1: CD16,, CD20-CD56+,Freq. of,NK",cells/ul,485,2,77,9,"-7.0, 0.0, 1.0, 120.0, 240.0, 28.0, 3.0, 7.0, -5.0","296, 301"
"Singlets/WBC/Lymph/CD3+/CD38,Freq. of Parent",cells/ul,485,2,77,9,"-7.0, 0.0, 1.0, 120.0, 240.0, 28.0, 3.0, 7.0, -5.0","296, 301"
"Singlets/WBC/Lymph/CD3-/NK/Q2: CD16+,, CD20-CD56+,Freq. of,NK",cells/ul,485,2,77,9,"-7.0, 0.0, 1.0, 120.0, 240.0, 28.0, 3.0, 7.0, -5.0","296, 301"
"Singlets/WBC/Lymph/CD3/CD4,Freq. of,CD3",cells/ul,485,2,77,9,"-7.0, 0.0, 1.0, 120.0, 240.0, 28.0, 3.0, 7.0, -5.0","296, 301"
"Singlets/WBC/Lymph/CD3/CD4/ICOS+,Freq. of,CD3",cells/ul,485,2,77,9,"-7.0, 0.0, 1.0, 120.0, 240.0, 28.0, 3.0, 7.0, -5.0","296, 301"
"Singlets/WBC/Lymph/CD3/CD4/TFH/ICOS+,Freq. of,TFH",cells/ul,485,2,77,9,"-7.0, 0.0, 1.0, 120.0, 240.0, 28.0, 3.0, 7.0, -5.0","296, 301"
"Singlets/WBC/Lymph/CD3/CD4/TFH,Freq. of,CD4",cells/ul,485,2,77,9,"-7.0, 0.0, 1.0, 120.0, 240.0, 28.0, 3.0, 7.0, -5.0","296, 301"
"Singlets/WBC/Lymph/CD3+/CD27,Freq. of Parent",cells/ul,485,2,77,9,"-7.0, 0.0, 1.0, 120.0, 240.0, 28.0, 3.0, 7.0, -5.0","296, 301"
"Singlets/WBC/Lymph/CD3+,Freq. of,Lymph",cells/ul,485,2,77,9,"-7.0, 0.0, 1.0, 120.0, 240.0, 28.0, 3.0, 7.0, -5.0","296, 301"
"Singlets/WBC/Lymph/CD19/Q3: CD19+,, CD20-CD56/CD86,Freq. of Parent",cells/ul,485,2,77,9,"-7.0, 0.0, 1.0, 120.0, 240.0, 28.0, 3.0, 7.0, -5.0","296, 301"
"Singlets/WBC/Lymph/CD19/Q2: CD19+,, CD20-CD56+/CD86,Freq. of Parent",cells/ul,485,2,77,9,"-7.0, 0.0, 1.0, 120.0, 240.0, 28.0, 3.0, 7.0, -5.0","296, 301"
"Singlets/WBC/Lymph/CD19/Q2: CD19+,, CD20-CD56+,Freq. of,CD19",cells/ul,485,2,77,9,"-7.0, 0.0, 1.0, 120.0, 240.0, 28.0, 3.0, 7.0, -5.0","296, 301"
"Singlets/WBC/Lymph/CD19/CD86,Freq. of,CD19",cells/ul,485,2,77,9,"-7.0, 0.0, 1.0, 120.0, 240.0, 28.0, 3.0, 7.0, -5.0","296, 301"
"Singlets/WBC/Lymph/CD3/CD4/TFH/DR,Freq. of Parent",cells/ul,485,2,77,9,"-7.0, 0.0, 1.0, 120.0, 240.0, 28.0, 3.0, 7.0, -5.0","296, 301"
"Singlets/WBC/Lymph/CD19/CD27/PB/CD86,Freq. of Parent",cells/ul,485,2,77,9,"-7.0, 0.0, 1.0, 120.0, 240.0, 28.0, 3.0, 7.0, -5.0","296, 301"
"Singlets/WBC/Lymph/CD19/Q3: CD19+,, CD20-CD56,Freq. of,CD19",cells/ul,485,2,77,9,"-7.0, 0.0, 1.0, 120.0, 240.0, 28.0, 3.0, 7.0, -5.0","296, 301"
"Singlets/WBC/Lymph/CD3/CD8/CXCR5,Freq. of,CD8",cells/ul,485,2,77,9,"-7.0, 0.0, 1.0, 120.0, 240.0, 28.0, 3.0, 7.0, -5.0","296, 301"
"Singlets/WBC/Lymph/CD3,Freq. of,Lymph",cells/ul,485,2,77,9,"-7.0, 0.0, 1.0, 120.0, 240.0, 28.0, 3.0, 7.0, -5.0","296, 301"
"Singlets/WBC/Lymph/CD3/ICOS+,Freq. of Parent",cells/ul,485,2,77,9,"-7.0, 0.0, 1.0, 120.0, 240.0, 28.0, 3.0, 7.0, -5.0","296, 301"
"Singlets/WBC/Lymph/CD3/DR,Freq. of Parent",cells/ul,485,2,77,9,"-7.0, 0.0, 1.0, 120.0, 240.0, 28.0, 3.0, 7.0, -5.0","296, 301"
"Singlets/WBC/Lymph/CD3/CD4/TFH/2/ICOS+,Freq. of Parent",cells/ul,484,2,77,9,"-7.0, 0.0, 1.0, 120.0, 240.0, 28.0, 3.0, 7.0, -5.0","296, 301"
"Singlets/WBC/Lymph/CD3/CD4/TH/1-17/ICOS+,Freq. of Parent",cells/ul,484,2,77,9,"-7.0, 0.0, 1.0, 120.0, 240.0, 28.0, 3.0, 7.0, -5.0","296, 301"
"Singlets/WBC/Lymph/CD3/CD4/TH/1-17,Freq. of,TH",cells/ul,484,2,77,9,"-7.0, 0.0, 1.0, 120.0, 240.0, 28.0, 3.0, 7.0, -5.0","296, 301"
"Singlets/WBC/Lymph/CD3/CD4/TH/1/DR,Freq. of Parent",cells/ul,484,2,77,9,"-7.0, 0.0, 1.0, 120.0, 240.0, 28.0, 3.0, 7.0, -5.0","296, 301"
"Singlets/WBC/Lymph/CD3/CD4/TH/1/ICOS+,Freq. of Parent",cells/ul,484,2,77,9,"-7.0, 0.0, 1.0, 120.0, 240.0, 28.0, 3.0, 7.0, -5.0","296, 301"
"Singlets/WBC/Lymph/CD3/CD4/TH/1,Freq. of,TH",cells/ul,484,2,77,9,"-7.0, 0.0, 1.0, 120.0, 240.0, 28.0, 3.0, 7.0, -5.0","296, 301"
"Singlets/WBC/Lymph/CD3/CD4/TH/17,Freq. of,TH",cells/ul,484,2,77,9,"-7.0, 0.0, 1.0, 120.0, 240.0, 28.0, 3.0, 7.0, -5.0","296, 301"
"Singlets/WBC/Lymph/CD3/CD4/TH/17/DR,Freq. of Parent",cells/ul,484,2,77,9,"-7.0, 0.0, 1.0, 120.0, 240.0, 28.0, 3.0, 7.0, -5.0","296, 301"
"Singlets/WBC/Lymph/CD3/CD4/TH/17/ICOS+,Freq. of Parent",cells/ul,484,2,77,9,"-7.0, 0.0, 1.0, 120.0, 240.0, 28.0, 3.0, 7.0, -5.0","296, 301"
"Singlets/WBC/Lymph/CD3/CD4/TH/2,Freq. of,TH",cells/ul,484,2,77,9,"-7.0, 0.0, 1.0, 120.0, 240.0, 28.0, 3.0, 7.0, -5.0","296, 301"
"Singlets/WBC/Lymph/CD3/CD4/TH/2/DR,Freq. of Parent",cells/ul,484,2,77,9,"-7.0, 0.0, 1.0, 120.0, 240.0, 28.0, 3.0, 7.0, -5.0","296, 301"
"Singlets/WBC/Lymph/CD3/CD4/TH/2/ICOS+,Freq. of Parent",cells/ul,484,2,77,9,"-7.0, 0.0, 1.0, 120.0, 240.0, 28.0, 3.0, 7.0, -5.0","296, 301"
"Singlets/WBC/Lymph/CD3/CD4/TFH/2/DR,Freq. of Parent",cells/ul,484,2,77,9,"-7.0, 0.0, 1.0, 120.0, 240.0, 28.0, 3.0, 7.0, -5.0","296, 301"
"Singlets/WBC/Lymph/CD3/CD4/TFH/1/ICOS+,Freq. of Parent",cells/ul,484,2,77,9,"-7.0, 0.0, 1.0, 120.0, 240.0, 28.0, 3.0, 7.0, -5.0","296, 301"
"Singlets/WBC/Lymph/CD3/CD4/TFH/2,Freq. of,TFH",cells/ul,484,2,77,9,"-7.0, 0.0, 1.0, 120.0, 240.0, 28.0, 3.0, 7.0, -5.0","296, 301"
"Singlets/WBC/Lymph/CD3/CD4/TFH/1,Freq. of,TFH",cells/ul,484,2,77,9,"-7.0, 0.0, 1.0, 120.0, 240.0, 28.0, 3.0, 7.0, -5.0","296, 301"
"Singlets/WBC/Lymph/CD3/CD4/TFH/1-17,Freq. of,TFH",cells/ul,484,2,77,9,"-7.0, 0.0, 1.0, 120.0, 240.0, 28.0, 3.0, 7.0, -5.0","296, 301"
"Singlets/WBC/Lymph/CD3/CD4/TFH/1-17/DR,Freq. of Parent",cells/ul,484,2,77,9,"-7.0, 0.0, 1.0, 120.0, 240.0, 28.0, 3.0, 7.0, -5.0","296, 301"
"Singlets/WBC/Lymph/CD3/CD4/TFH/1-17/ICOS+,Freq. of Parent",cells/ul,484,2,77,9,"-7.0, 0.0, 1.0, 120.0, 240.0, 28.0, 3.0, 7.0, -5.0","296, 301"
"Singlets/WBC/Lymph/CD3/CD4/TFH/1/DR,Freq. of Parent",cells/ul,484,2,77,9,"-7.0, 0.0, 1.0, 120.0, 240.0, 28.0, 3.0, 7.0, -5.0","296, 301"
"Singlets/WBC/Lymph/CD3/CD4/TH/1-17/DR,Freq. of Parent",cells/ul,484,2,77,9,"-7.0, 0.0, 1.0, 120.0, 240.0, 28.0, 3.0, 7.0, -5.0","296, 301"
"Singlets/WBC/Lymph/CD3/CD4/TFH/17,Freq. of,TFH",cells/ul,484,2,77,9,"-7.0, 0.0, 1.0, 120.0, 240.0, 28.0, 3.0, 7.0, -5.0","296, 301"
"Singlets/WBC/Lymph/CD3/CD4/TFH/17/DR,Freq. of Parent",cells/ul,484,2,77,9,"-7.0, 0.0, 1.0, 120.0, 240.0, 28.0, 3.0, 7.0, -5.0","296, 301"
"Singlets/WBC/Lymph/CD3/CD4/TFH/17/ICOS+,Freq. of Parent",cells/ul,484,2,77,9,"-7.0, 0.0, 1.0, 120.0, 240.0, 28.0, 3.0, 7.0, -5.0","296, 301"
"Singlets/WBC/Lymph/CD3/CD8/CXCR3,Freq. of,CD8",cells/ul,484,2,77,9,"-7.0, 0.0, 1.0, 120.0, 240.0, 28.0, 3.0, 7.0, -5.0","296, 301"
"Singlets/WBC/Lymph/CD19/CD27/CD138/CD86,Freq. of Parent",cells/ul,480,2,77,9,"-7.0, 1.0, 120.0, 28.0, 3.0, 7.0, 0.0, 240.0, -5.0","296, 301"
"Singlets/WBC/Lymph/CD3/CD8/CCR6,Freq. of,CD8",cells/ul,477,2,77,9,"-7.0, 0.0, 1.0, 120.0, 240.0, 28.0, 3.0, 7.0, -5.0","296, 301"
"Singlets/WBC/Lymph/Lin1-DR+/mDC/CD1c/CD40-,Freq. of Parent",cells/ul,451,2,77,9,"-7.0, 0.0, 1.0, 120.0, 240.0, 28.0, 3.0, 7.0, -5.0","296, 301"
"Singlets/WBC/Lymph/Lin1-DR+/mDC/CD1c/CD40+,Freq. of,CD1c",cells/ul,451,2,77,9,"-7.0, 0.0, 1.0, 120.0, 240.0, 28.0, 3.0, 7.0, -5.0","296, 301"
"Singlets/WBC/Lymph/Lin1-DR+/mDC/CD1c/CD86-,Freq. of Parent",cells/ul,451,2,77,9,"-7.0, 0.0, 1.0, 120.0, 240.0, 28.0, 3.0, 7.0, -5.0","296, 301"
"Singlets/WBC/Lymph/Lin1-DR+/mDC/CD1c/CD86+,Freq. of,CD1c",cells/ul,451,2,77,9,"-7.0, 0.0, 1.0, 120.0, 240.0, 28.0, 3.0, 7.0, -5.0","296, 301"
"Singlets/WBC/Lymph/Lin1-DR+/mDC/CD1c,Freq. of,WBC",cells/ul,451,2,77,9,"-7.0, 0.0, 1.0, 120.0, 240.0, 28.0, 3.0, 7.0, -5.0","296, 301"
"Singlets/WBC/Lymph/Lin1-DR+/mDC/CD1c/CD2,Freq. of Parent",cells/ul,451,2,77,9,"-7.0, 0.0, 1.0, 120.0, 240.0, 28.0, 3.0, 7.0, -5.0","296, 301"
"Singlets/WBC/Lymph/Lin1-DR+/mDC/CD1c/CD2+,Freq. of,CD1c",cells/ul,451,2,77,9,"-7.0, 0.0, 1.0, 120.0, 240.0, 28.0, 3.0, 7.0, -5.0","296, 301"
CD3+,ul,324,5,69,6,"0.0, 1.0, 28.0, 7.0, 40.0, 90.0","144, 364, 369, 372, 376"
granulocyte,ul,324,5,69,6,"0.0, 1.0, 28.0, 7.0, 40.0, 90.0","144, 364, 369, 372, 376"
"Lin1-, HLA-DR+, BDCA2+, CD11c-",ul,324,5,69,6,"0.0, 1.0, 28.0, 7.0, 40.0, 90.0","144, 364, 369, 372, 376"
"Lin1-, HLA-DR+, BDCA2-, CD11c+",ul,324,5,69,6,"0.0, 1.0, 28.0, 7.0, 40.0, 90.0","144, 364, 369, 372, 376"
CD3+ AND CD4+ AND small lymphocyte,cells/ml,301,1,44,62,"0.0, 14.0, 294.0, 42.0, 54.0, 68.0, 84.0, 13.0, 285.0, 39.0, 67.0, 81.0, 56.0, 70.0, 279.0, 69.0, 15.0, 43.0, 72.0, 89.0, 295.0, 57.0, 71.0, 85.0, 297.0, 302.0, 78.0, 41.0, 55.0, 83.0, 292.0, 46.0, 62.0, 74.0, 95.0, 63.0, 92.0, 309.0, 82.0, 18.0, 122.0, 59.0, 58.0, 80.0, 47.0, 305.0, 88.0, 91.0, 300.0, 16.0, 293.0, 45.0, 60.0, 90.0, 301.0, 65.0, 79.0, 86.0, 44.0, 35.0, 308.0, 315.0",167
CD3+ AND CD8+ AND small lymphocyte,cells/ml,301,1,44,62,"0.0, 14.0, 294.0, 42.0, 54.0, 68.0, 84.0, 13.0, 285.0, 39.0, 67.0, 81.0, 56.0, 70.0, 279.0, 69.0, 15.0, 43.0, 72.0, 89.0, 295.0, 57.0, 71.0, 85.0, 297.0, 302.0, 78.0, 41.0, 55.0, 83.0, 292.0, 46.0, 62.0, 74.0, 95.0, 63.0, 92.0, 309.0, 82.0, 18.0, 122.0, 59.0, 58.0, 80.0, 47.0, 305.0, 88.0, 91.0, 300.0, 16.0, 293.0, 45.0, 60.0, 90.0, 301.0, 65.0, 79.0, 86.0, 44.0, 35.0, 308.0, 315.0",167
"Lin1-, HLA-DR+, BDCA2-, CD11c+, BDCA3-, CD1c+, CD86-",ul,264,5,69,6,"0.0, 1.0, 28.0, 7.0, 40.0, 90.0","144, 364, 369, 372, 376"
"CD3+, CD4+, CD8-, CXCR5-, CD45RA-, ICOS+",ul,264,5,69,6,"0.0, 1.0, 28.0, 7.0, 40.0, 90.0","144, 364, 369, 372, 376"
"CD3+, CD4+, CD8-, CXCR5-, CD45RA-, CXCR3-, CCR6-, ICOS+",ul,264,5,69,6,"0.0, 1.0, 28.0, 7.0, 40.0, 90.0","144, 364, 369, 372, 376"
"Lin1-, HLA-DR+, BDCA2-, CD11c+, CD2-",ul,264,5,69,6,"0.0, 1.0, 28.0, 7.0, 40.0, 90.0","144, 364, 369, 372, 376"
"Lin1-, HLA-DR+, BDCA2+, CD11c-, CD86-",ul,264,5,69,6,"0.0, 1.0, 28.0, 7.0, 40.0, 90.0","144, 364, 369, 372, 376"
"Lin1-, HLA-DR+, BDCA2-, CD11c+, CD2+",ul,264,5,69,6,"0.0, 1.0, 28.0, 7.0, 40.0, 90.0","144, 364, 369, 372, 376"
"CD3+, CD4+, CD8-, CXCR5-, CD45RA-, CXCR3+, CCR6+, ICOS+",ul,264,5,69,6,"0.0, 1.0, 28.0, 7.0, 40.0, 90.0","144, 364, 369, 372, 376"
"Lin1-, HLA-DR+, BDCA2-, CD11c+, BDCA3-, CD1c+, CD86+",ul,264,5,69,6,"0.0, 1.0, 28.0, 7.0, 40.0, 90.0","144, 364, 369, 372, 376"
"Lin1-, HLA-DR+, BDCA2-, CD11c+, BDCA3+, CD1c-",ul,264,5,69,6,"0.0, 1.0, 28.0, 7.0, 40.0, 90.0","144, 364, 369, 372, 376"
"CD3+, CD4+, CD8-, ICOS+",ul,264,5,69,6,"0.0, 1.0, 28.0, 7.0, 40.0, 90.0","144, 364, 369, 372, 376"
"CD3+, CD4+, CD8-, CXCR5+, CD45RA-, CXCR3-, CCR6+",ul,264,5,69,6,"0.0, 1.0, 28.0, 7.0, 40.0, 90.0","144, 364, 369, 372, 376"
"Lin1-, HLA-DR+, BDCA2-, CD11c+, BDCA3+, CD1c-, CD2+",ul,264,5,69,6,"0.0, 1.0, 28.0, 7.0, 40.0, 90.0","144, 364, 369, 372, 376"
"Lin1-, HLA-DR+, BDCA2-, CD11c+, BDCA3+, CD1c-, CD2-",ul,264,5,69,6,"0.0, 1.0, 28.0, 7.0, 40.0, 90.0","144, 364, 369, 372, 376"
"Lin1-, HLA-DR+, BDCA2-, CD11c+, BDCA3-, CD1c+, CD2-",ul,264,5,69,6,"0.0, 1.0, 28.0, 7.0, 40.0, 90.0","144, 364, 369, 372, 376"
"CD3+, CD4+, CD8-, CXCR5+, CD45RA-, CXCR3+, CCR6-, ICOS+",ul,264,5,69,6,"0.0, 1.0, 28.0, 7.0, 40.0, 90.0","144, 364, 369, 372, 376"
"Lin1-, HLA-DR+, BDCA2-, CD11c+, BDCA3-, CD1c+, CD2+",ul,264,5,69,6,"0.0, 1.0, 28.0, 7.0, 40.0, 90.0","144, 364, 369, 372, 376"
"Lin1-, HLA-DR+, BDCA2-, CD11c+, BDCA3-, CD1c+",ul,264,5,69,6,"0.0, 1.0, 28.0, 7.0, 40.0, 90.0","144, 364, 369, 372, 376"
"Lin1-, HLA-DR+, BDCA2+, CD11c-, CD86+",ul,264,5,69,6,"0.0, 1.0, 28.0, 7.0, 40.0, 90.0","144, 364, 369, 372, 376"
"CD3+, CD4-, CD8+",ul,264,5,69,6,"0.0, 1.0, 28.0, 7.0, 40.0, 90.0","144, 364, 369, 372, 376"
"CD3+, CD4+, CD8-, CXCR5+, CD45RA-, CXCR3-, CCR6+, ICOS+",ul,264,5,69,6,"0.0, 1.0, 28.0, 7.0, 40.0, 90.0","144, 364, 369, 372, 376"
"Lin1-, HLA-DR+, BDCA2-, CD11c+, CD86+",ul,264,5,69,6,"0.0, 1.0, 28.0, 7.0, 40.0, 90.0","144, 364, 369, 372, 376"
"CD3+, CD4+, CD8-, CXCR5-, CD45RA-, CXCR3+, CCR6+",ul,264,5,69,6,"0.0, 1.0, 28.0, 7.0, 40.0, 90.0","144, 364, 369, 372, 376"
"CD3+, CD4+, CD8-, CXCR5-, CD45RA-, CXCR3+, CCR6-",ul,264,5,69,6,"0.0, 1.0, 28.0, 7.0, 40.0, 90.0","144, 364, 369, 372, 376"
"CD14+, HLA-DR+",ul,264,5,69,6,"0.0, 1.0, 28.0, 7.0, 40.0, 90.0","144, 364, 369, 372, 376"
"CD3+, CD4+, CD8-, CXCR5-, CD45RA-",ul,264,5,69,6,"0.0, 1.0, 28.0, 7.0, 40.0, 90.0","144, 364, 369, 372, 376"
"CD3+, CD4-, CD8+, ICOS+",ul,264,5,69,6,"0.0, 1.0, 28.0, 7.0, 40.0, 90.0","144, 364, 369, 372, 376"
"CD3+, CD4+, CD8-, CXCR5+, CD45RA-, ICOS+",ul,264,5,69,6,"0.0, 1.0, 28.0, 7.0, 40.0, 90.0","144, 364, 369, 372, 376"
"CD3+, CD4-, CD8+, CXCR5+",ul,264,5,69,6,"0.0, 1.0, 28.0, 7.0, 40.0, 90.0","144, 364, 369, 372, 376"
"CD3+, CD4+, CD8-, CXCR5-, CD45RA-, CXCR3+, CCR6-, ICOS+",ul,264,5,69,6,"0.0, 1.0, 28.0, 7.0, 40.0, 90.0","144, 364, 369, 372, 376"
SLAN+,ul,264,5,69,6,"0.0, 1.0, 28.0, 7.0, 40.0, 90.0","144, 364, 369, 372, 376"
"CD3+, CD4+, CD8-, CXCR5-, CD45RA-, CXCR3-, CCR6+",ul,264,5,69,6,"0.0, 1.0, 28.0, 7.0, 40.0, 90.0","144, 364, 369, 372, 376"
"CD3+, CD4+, CD8-, CXCR5+, CD45RA-, CXCR3+, CCR6-",ul,264,5,69,6,"0.0, 1.0, 28.0, 7.0, 40.0, 90.0","144, 364, 369, 372, 376"
"CD3+, CD4+, CD8-, CXCR5+, CD45RA-, CXCR3-, CCR6-, ICOS+",ul,264,5,69,6,"0.0, 1.0, 28.0, 7.0, 40.0, 90.0","144, 364, 369, 372, 376"
"Lin1-, HLA-DR+, BDCA2+, CD11c-, CD2+",ul,264,5,69,6,"0.0, 1.0, 28.0, 7.0, 40.0, 90.0","144, 364, 369, 372, 376"
"CD3+, CD4-, CD8+, CXCR3+",ul,264,5,69,6,"0.0, 1.0, 28.0, 7.0, 40.0, 90.0","144, 364, 369, 372, 376"
"CD3+, CD4+, CD8-, CXCR5-, CD45RA-, CXCR3-, CCR6+, ICOS+",ul,264,5,69,6,"0.0, 1.0, 28.0, 7.0, 40.0, 90.0","144, 364, 369, 372, 376"
"Lin1-, HLA-DR+, BDCA2-, CD11c+, CD86-",ul,264,5,69,6,"0.0, 1.0, 28.0, 7.0, 40.0, 90.0","144, 364, 369, 372, 376"
"CD3+, CD4+, CD8-, CXCR5+, CD45RA-, CXCR3-, CCR6-",ul,264,5,69,6,"0.0, 1.0, 28.0, 7.0, 40.0, 90.0","144, 364, 369, 372, 376"
"CD3+, CD4-, CD8+, CCR6+",ul,264,5,69,6,"0.0, 1.0, 28.0, 7.0, 40.0, 90.0","144, 364, 369, 372, 376"
"CD3+, ICOS+",ul,264,5,69,6,"0.0, 1.0, 28.0, 7.0, 40.0, 90.0","144, 364, 369, 372, 376"
"CD3+, CD4+, CD8-, CXCR5-, CD45RA-, CXCR3-, CCR6-",ul,264,5,69,6,"0.0, 1.0, 28.0, 7.0, 40.0, 90.0","144, 364, 369, 372, 376"
"Lin1-, HLA-DR+, BDCA2+, CD11c-, CD2-",ul,264,5,69,6,"0.0, 1.0, 28.0, 7.0, 40.0, 90.0","144, 364, 369, 372, 376"
"CD3+, CD4+, CD8-, CXCR5+, CD45RA-, CXCR3+, CCR6+, ICOS+",ul,264,5,69,6,"0.0, 1.0, 28.0, 7.0, 40.0, 90.0","144, 364, 369, 372, 376"
"CD19+, CD3-, CD14-, CD20+",ul,264,5,69,6,"0.0, 1.0, 28.0, 7.0, 40.0, 90.0","144, 364, 369, 372, 376"
CD16- granulocyte,ul,264,5,69,6,"0.0, 1.0, 28.0, 7.0, 40.0, 90.0","144, 364, 369, 372, 376"
CD16+ granulocyte,ul,264,5,69,6,"0.0, 1.0, 28.0, 7.0, 40.0, 90.0","144, 364, 369, 372, 376"
"CD14lo, HLA-DR+, CD16-",ul,264,5,69,6,"0.0, 1.0, 28.0, 7.0, 40.0, 90.0","144, 364, 369, 372, 376"
"CD14lo, HLA-DR+, CD16+",ul,264,5,69,6,"0.0, 1.0, 28.0, 7.0, 40.0, 90.0","144, 364, 369, 372, 376"
"CD14+, HLA-DRlo, CD16-",ul,264,5,69,6,"0.0, 1.0, 28.0, 7.0, 40.0, 90.0","144, 364, 369, 372, 376"
"CD14+, HLA-DRlo, CD16+",ul,264,5,69,6,"0.0, 1.0, 28.0, 7.0, 40.0, 90.0","144, 364, 369, 372, 376"
"CD14+, HLA-DRhi, CD16-",ul,264,5,69,6,"0.0, 1.0, 28.0, 7.0, 40.0, 90.0","144, 364, 369, 372, 376"
"CD14+, HLA-DRhi CD16+",ul,264,5,69,6,"0.0, 1.0, 28.0, 7.0, 40.0, 90.0","144, 364, 369, 372, 376"
"CD14+, HLA-DR+, CD40+",ul,264,5,69,6,"0.0, 1.0, 28.0, 7.0, 40.0, 90.0","144, 364, 369, 372, 376"
"CD14+, HLA-DR+, CD16-, SLAN-",ul,264,5,69,6,"0.0, 1.0, 28.0, 7.0, 40.0, 90.0","144, 364, 369, 372, 376"
"CD14+, HLA-DR+, CD16-, SLAN+",ul,264,5,69,6,"0.0, 1.0, 28.0, 7.0, 40.0, 90.0","144, 364, 369, 372, 376"
"CD14+, HLA-DR+, CD16-, CX3CR1-",ul,264,5,69,6,"0.0, 1.0, 28.0, 7.0, 40.0, 90.0","144, 364, 369, 372, 376"
"CD14+, HLA-DR+, CD16-, CX3CR1+",ul,264,5,69,6,"0.0, 1.0, 28.0, 7.0, 40.0, 90.0","144, 364, 369, 372, 376"
"CD14+, HLA-DR+, CD16-, CD86-",ul,264,5,69,6,"0.0, 1.0, 28.0, 7.0, 40.0, 90.0","144, 364, 369, 372, 376"
"CD14+, HLA-DR+, CD16-, CD86+",ul,264,5,69,6,"0.0, 1.0, 28.0, 7.0, 40.0, 90.0","144, 364, 369, 372, 376"
"CD14+, HLA-DR+, CD16-, CD11b-",ul,264,5,69,6,"0.0, 1.0, 28.0, 7.0, 40.0, 90.0","144, 364, 369, 372, 376"
"CD14+, HLA-DR+, CD16-, CD11b+",ul,264,5,69,6,"0.0, 1.0, 28.0, 7.0, 40.0, 90.0","144, 364, 369, 372, 376"
"CD14+, HLA-DR+, CD16-",ul,264,5,69,6,"0.0, 1.0, 28.0, 7.0, 40.0, 90.0","144, 364, 369, 372, 376"
"CD14+, HLA-DR+, CD16+, SLAN-",ul,264,5,69,6,"0.0, 1.0, 28.0, 7.0, 40.0, 90.0","144, 364, 369, 372, 376"
"CD14+, HLA-DR+, CD16+, SLAN+",ul,264,5,69,6,"0.0, 1.0, 28.0, 7.0, 40.0, 90.0","144, 364, 369, 372, 376"
"CD14+, HLA-DR+, CD16+, CX3CR1-",ul,264,5,69,6,"0.0, 1.0, 28.0, 7.0, 40.0, 90.0","144, 364, 369, 372, 376"
"CD14+, HLA-DR+, CD16+, CX3CR1+",ul,264,5,69,6,"0.0, 1.0, 28.0, 7.0, 40.0, 90.0","144, 364, 369, 372, 376"
"CD14+, HLA-DR+, CD16+, CD86-",ul,264,5,69,6,"0.0, 1.0, 28.0, 7.0, 40.0, 90.0","144, 364, 369, 372, 376"
"CD14+, HLA-DR+, CD16+, CD86+",ul,264,5,69,6,"0.0, 1.0, 28.0, 7.0, 40.0, 90.0","144, 364, 369, 372, 376"
"CD14+, HLA-DR+, CD16+, CD11b-",ul,264,5,69,6,"0.0, 1.0, 28.0, 7.0, 40.0, 90.0","144, 364, 369, 372, 376"
"CD14+, HLA-DR+, CD16+, CD11b+",ul,264,5,69,6,"0.0, 1.0, 28.0, 7.0, 40.0, 90.0","144, 364, 369, 372, 376"
"CD14+, HLA-DR+, CD16+",ul,264,5,69,6,"0.0, 1.0, 28.0, 7.0, 40.0, 90.0","144, 364, 369, 372, 376"
"CD19+, CD3-, CD14-",ul,264,5,69,6,"0.0, 1.0, 28.0, 7.0, 40.0, 90.0","144, 364, 369, 372, 376"
"Lin1-, HLA-DR+, BDCA2-, CD11c+, BDCA3+, CD1c-, CD86+",ul,264,5,69,6,"0.0, 1.0, 28.0, 7.0, 40.0, 90.0","144, 364, 369, 372, 376"
"CD19+, CD3-, CD14-, CD27-, IgD-",ul,264,5,69,6,"0.0, 1.0, 28.0, 7.0, 40.0, 90.0","144, 364, 369, 372, 376"
"CD19+, CD3-, CD14-, CD27+, IgD-, CD86+",ul,264,5,69,6,"0.0, 1.0, 28.0, 7.0, 40.0, 90.0","144, 364, 369, 372, 376"
"CD19+, CD3-, CD14-, CD27-, IgD+, CD86+",ul,264,5,69,6,"0.0, 1.0, 28.0, 7.0, 40.0, 90.0","144, 364, 369, 372, 376"
"CD19+, CD3-, CD14-, CD38+, CD20-, CD86+",ul,264,5,69,6,"0.0, 1.0, 28.0, 7.0, 40.0, 90.0","144, 364, 369, 372, 376"
"CD19+, CD3-, CD14-, CD38+, CD24+",ul,264,5,69,6,"0.0, 1.0, 28.0, 7.0, 40.0, 90.0","144, 364, 369, 372, 376"
"CD19+, CD3-, CD14-, CD38+, CD24+, CD86+",ul,264,5,69,6,"0.0, 1.0, 28.0, 7.0, 40.0, 90.0","144, 364, 369, 372, 376"
"CD19+, CD3-, CD14-, CD27+, CD138+, CD86+",ul,264,5,69,6,"0.0, 1.0, 28.0, 7.0, 40.0, 90.0","144, 364, 369, 372, 376"
"CD19+, CD3-, CD14-, CD86+",ul,264,5,69,6,"0.0, 1.0, 28.0, 7.0, 40.0, 90.0","144, 364, 369, 372, 376"
"CD19+, CD3-, CD14-, CD27+, IgD+",ul,264,5,69,6,"0.0, 1.0, 28.0, 7.0, 40.0, 90.0","144, 364, 369, 372, 376"
"CD3+, CD4+, CD8-",ul,264,5,69,6,"0.0, 1.0, 28.0, 7.0, 40.0, 90.0","144, 364, 369, 372, 376"
"CD19+, CD3-, CD14-, CD27+, CD138+",ul,264,5,69,6,"0.0, 1.0, 28.0, 7.0, 40.0, 90.0","144, 364, 369, 372, 376"
"CD3+, CD4+, CD8-, CXCR5+, CD45RA-",ul,264,5,69,6,"0.0, 1.0, 28.0, 7.0, 40.0, 90.0","144, 364, 369, 372, 376"
"CD19+, CD3-, CD14-, CD27+, IgD+, CD86+",ul,264,5,69,6,"0.0, 1.0, 28.0, 7.0, 40.0, 90.0","144, 364, 369, 372, 376"
"CD19+, CD3-, CD14-, CD27+, IgD-",ul,264,5,69,6,"0.0, 1.0, 28.0, 7.0, 40.0, 90.0","144, 364, 369, 372, 376"
"CD19+, CD3-, CD14-, CD20-, CD86+",ul,264,5,69,6,"0.0, 1.0, 28.0, 7.0, 40.0, 90.0","144, 364, 369, 372, 376"
"CD19+, CD3-, CD14-, CD27-, IgD+",ul,264,5,69,6,"0.0, 1.0, 28.0, 7.0, 40.0, 90.0","144, 364, 369, 372, 376"
"CD19+, CD3-, CD14-, CD20-",ul,264,5,69,6,"0.0, 1.0, 28.0, 7.0, 40.0, 90.0","144, 364, 369, 372, 376"
"CD19+, CD3-, CD14-, CD20+, CD86+",ul,264,5,69,6,"0.0, 1.0, 28.0, 7.0, 40.0, 90.0","144, 364, 369, 372, 376"
"Lin1-, HLA-DR+, BDCA2-, CD11c+, BDCA3+, CD1c-, CD86-",ul,264,5,69,6,"0.0, 1.0, 28.0, 7.0, 40.0, 90.0","144, 364, 369, 372, 376"
"CD19+, CD3-, CD14-, CD38+, CD20-",ul,264,5,69,6,"0.0, 1.0, 28.0, 7.0, 40.0, 90.0","144, 364, 369, 372, 376"
"CD3+, CD4+, CD8-, CXCR5+, CD45RA-, CXCR3+, CCR6+",ul,264,5,69,6,"0.0, 1.0, 28.0, 7.0, 40.0, 90.0","144, 364, 369, 372, 376"
"CD19+, CD3-, CD14-, CD27+",ul,264,5,69,6,"0.0, 1.0, 28.0, 7.0, 40.0, 90.0","144, 364, 369, 372, 376"
"CD19+, CD3-, CD14-, CD27-, IgD-, CD86+",ul,264,5,69,6,"0.0, 1.0, 28.0, 7.0, 40.0, 90.0","144, 364, 369, 372, 376"
"CD3+, CD4-, CD8+, HLA-DR+",ul,117,3,30,5,"0.0, 28.0, 7.0, 90.0, 1.0","369, 372, 376"
"CD14+, HLA-DR+, CD16-, CD62L+",ul,117,3,30,5,"0.0, 28.0, 7.0, 90.0, 1.0","369, 372, 376"
"Lin1-, HLA-DR+, BDCA2-, CD11c+, CD40-",ul,117,3,30,5,"0.0, 28.0, 7.0, 90.0, 1.0","369, 372, 376"
"CD3+, HLA-DR+",ul,117,3,30,5,"0.0, 28.0, 7.0, 90.0, 1.0","369, 372, 376"
"CD3+, CD4+, CD8-, CXCR5+, CD45RA-, HLA-DR+",ul,117,3,30,5,"0.0, 28.0, 7.0, 90.0, 1.0","369, 372, 376"
"CD3+, CD4+, CD8-, CXCR5+, CD45RA-, CXCR3-, CCR6-, HLA-DR+",ul,117,3,30,5,"0.0, 28.0, 7.0, 90.0, 1.0","369, 372, 376"
"CD14+, HLA-DR+, CD16-, CD62L-",ul,117,3,30,5,"0.0, 28.0, 7.0, 90.0, 1.0","369, 372, 376"
"CD3+, CD4+, CD8-, CXCR5+, CD45RA-, CXCR3+, CCR6-, HLA-DR+",ul,117,3,30,5,"0.0, 28.0, 7.0, 90.0, 1.0","369, 372, 376"
"CD3+, CD4+, CD8-, CXCR5-, CD45RA-, CXCR3+, CCR6-, HLA-DR+",ul,117,3,30,5,"0.0, 28.0, 7.0, 90.0, 1.0","369, 372, 376"
"Lin1-, HLA-DR+, BDCA2+, CD11c-, CD40+",ul,117,3,30,5,"0.0, 28.0, 7.0, 90.0, 1.0","369, 372, 376"
"CD3+, CD4+, CD8-, CXCR5-, CD45RA-, CXCR3-, CCR6-, HLA-DR+",ul,117,3,30,5,"0.0, 28.0, 7.0, 90.0, 1.0","369, 372, 376"
"CD16+, CD62L- granulocyte",ul,117,3,30,5,"0.0, 28.0, 7.0, 90.0, 1.0","369, 372, 376"
"Lin1-, HLA-DR+, BDCA2-, CD11c+, BDCA3+, CD1c-, CD40-",ul,117,3,30,5,"0.0, 28.0, 7.0, 90.0, 1.0","369, 372, 376"
"Lin1-, HLA-DR+, BDCA2+, CD11c-, CD40-",ul,117,3,30,5,"0.0, 28.0, 7.0, 90.0, 1.0","369, 372, 376"
"Lin1-, HLA-DR+, BDCA2-, CD11c+, BDCA3+, CD1c-, CD40+",ul,117,3,30,5,"0.0, 28.0, 7.0, 90.0, 1.0","369, 372, 376"
"CD3+, CD4+, CD8-, CXCR5+, CD45RA-, CXCR3+, CCR6+, HLA-DR+",ul,117,3,30,5,"0.0, 28.0, 7.0, 90.0, 1.0","369, 372, 376"
"Lin1-, HLA-DR+, BDCA2-, CD11c+, BDCA3-, CD1c+, CD40+",ul,117,3,30,5,"0.0, 28.0, 7.0, 90.0, 1.0","369, 372, 376"
"Lin1-, HLA-DR+, BDCA2-, CD11c+, CD40+",ul,117,3,30,5,"0.0, 28.0, 7.0, 90.0, 1.0","369, 372, 376"
"CD14+, HLA-DR+, CD16+, CD62L+",ul,117,3,30,5,"0.0, 28.0, 7.0, 90.0, 1.0","369, 372, 376"
"CD3+, CD4+, CD8-, CXCR5+, CD45RA-, CXCR3-, CCR6+, HLA-DR+",ul,117,3,30,5,"0.0, 28.0, 7.0, 90.0, 1.0","369, 372, 376"
"Lin1-, HLA-DR+, BDCA2-, CD11c+, BDCA3-, CD1c+, CD40-",ul,117,3,30,5,"0.0, 28.0, 7.0, 90.0, 1.0","369, 372, 376"
"CD14+, HLA-DR+, CD16+, CD62L-",ul,117,3,30,5,"0.0, 28.0, 7.0, 90.0, 1.0","369, 372, 376"
"CD3+, CD4+, CD8-, HLA-DR+",ul,117,3,30,5,"0.0, 28.0, 7.0, 90.0, 1.0","369, 372, 376"
"CD3+, CD4+, CD8-, CXCR5-, CD45RA-, CXCR3+, CCR6+, HLA-DR+",ul,117,3,30,5,"0.0, 28.0, 7.0, 90.0, 1.0","369, 372, 376"
"Singlet/CD45+/B lym CD19+/Q3: CD19+,, CD20-,Freq. of,B lym CD19+",cells/ul,116,2,29,4,"0.0, 1.0, 30.0, 7.0","144, 522"
Sum of Plasma cells and Plasmablast,cells/ul,116,2,29,4,"0.0, 1.0, 30.0, 7.0","144, 522"
"Singlet/CD45+/B lym CD19+/Q3: CD19+, CD20-/B lym CD27+/CD38+/CD138+,Freq. of,B lym CD27+",cells/ul,116,2,29,4,"0.0, 1.0, 30.0, 7.0","144, 522"
"Singlet/CD45+/B lym CD19+/Q3: CD19+, CD20-/B lym CD27+/CD38+,Freq. of,Q3: CD19+, CD20-",cells/ul,116,2,29,4,"0.0, 1.0, 30.0, 7.0","144, 522"
"Singlet/CD45+/B lym CD19+/Q2: CD19+,, CD20+/CD27-,, IgD+,Freq. of,Q2: CD19+, CD20+",cells/ul,116,2,29,4,"0.0, 1.0, 30.0, 7.0","144, 522"
"Singlet/CD45+/B lym CD19+/Q3: CD19+, CD20-/B lym CD27+,Freq. of,Q3: CD19+, CD20-",cells/ul,116,2,29,4,"0.0, 1.0, 30.0, 7.0","144, 522"
"Singlet/CD45+/B lym CD19+/Q2: CD19+,, CD20+/CD27+,, IgD-,Freq. of,Q2: CD19+, CD20+",cells/ul,116,2,29,4,"0.0, 1.0, 30.0, 7.0","144, 522"
"Singlet/CD45+/B lym CD19+/Q2: CD19+,, CD20+/CD24+,,CD38+,Freq. of,Q2: CD19+, CD20+",cells/ul,116,2,29,4,"0.0, 1.0, 30.0, 7.0","144, 522"
"Singlet/CD45+/B lym CD19+/Q2: CD19+,, CD20+,Freq. of,B lym CD19+",cells/ul,116,2,29,4,"0.0, 1.0, 30.0, 7.0","144, 522"
"Singlet/CD45+,Count",cells/ul,116,2,29,4,"0.0, 1.0, 30.0, 7.0","144, 522"
"Singlet/CD45+/B lym CD19+,Freq. of,CD45+",cells/ul,116,2,29,4,"0.0, 1.0, 30.0, 7.0","144, 522"
"CD45+/CD3+/CD4,Freq. of,CD45+",cells/ul,108,1,6,9,"-7.0, 0.0, 1.0, 10.0, 14.0, 21.0, 28.0, 3.0, 7.0",180
"ly/CD3+/CD8+,Freq. of,ly",cells/ul,102,1,6,9,"-7.0, 0.0, 1.0, 10.0, 14.0, 21.0, 28.0, 3.0, 7.0",180
"ly/CD3+/CD4+,Freq. of,ly",cells/ul,102,1,6,9,"-7.0, 0.0, 1.0, 10.0, 14.0, 21.0, 28.0, 3.0, 7.0",180
"Singlet/WBC/Lymph/CD3/CD4/CXCR5+, CD45RA-/CXCR3+, CCR6-",ul,82,1,20,5,"0.0, 180.0, 28.0, 7.0, 90.0",387
"Singlet/WBC/Lymph/CD3/CD4/CXCR5-, CD45RA-/CXCR3-, CCR6+",ul,82,1,20,5,"0.0, 180.0, 28.0, 7.0, 90.0",387
"Singlet/WBC/Lymph/CD3/CD4/CXCR5+, CD45RA-/CXCR3-, CCR6+/ICOS+",ul,82,1,20,5,"0.0, 180.0, 28.0, 7.0, 90.0",387
"Singlet/WBC/Lymph/CD3/CD4/CXCR5+, CD45RA-/CXCR3-, CCR6-",ul,82,1,20,5,"0.0, 180.0, 28.0, 7.0, 90.0",387
"Singlet/WBC/Lymph/CD3/CD4/CXCR5+, CD45RA-/CXCR3-, CCR6-/ICOS+",ul,82,1,20,5,"0.0, 180.0, 28.0, 7.0, 90.0",387
"Singlet/WBC/Lymph/CD3/CD4/CXCR5+, CD45RA-/ICOS+",ul,82,1,20,5,"0.0, 180.0, 28.0, 7.0, 90.0",387
"Singlet/WBC/Lymph/CD3/CD4/CXCR5-, CD45RA-",ul,82,1,20,5,"0.0, 180.0, 28.0, 7.0, 90.0",387
"Singlet/WBC/Lymph/CD3/CD4/CXCR5-, CD45RA-/CXCR3+, CCR6+",ul,82,1,20,5,"0.0, 180.0, 28.0, 7.0, 90.0",387
"Singlet/WBC/Lymph/CD3/CD4/CXCR5-, CD45RA-/CXCR3+, CCR6+/ICOS+",ul,82,1,20,5,"0.0, 180.0, 28.0, 7.0, 90.0",387
"Singlet/WBC/Lymph/CD3/CD4/CXCR5-, CD45RA-/CXCR3+, CCR6-",ul,82,1,20,5,"0.0, 180.0, 28.0, 7.0, 90.0",387
"Singlet/WBC/Lymph/CD3/CD4/CXCR5-, CD45RA-/CXCR3+, CCR6-/ICOS+",ul,82,1,20,5,"0.0, 180.0, 28.0, 7.0, 90.0",387
"Singlet/WBC/Lymph/CD3/CD4/CXCR5-, CD45RA-/CXCR3-, CCR6+/ICOS+",ul,82,1,20,5,"0.0, 180.0, 28.0, 7.0, 90.0",387
"Singlet/WBC/Lymph/CD3/CD4/CXCR5+, CD45RA-/CXCR3+, CCR6-/ICOS+",ul,82,1,20,5,"0.0, 180.0, 28.0, 7.0, 90.0",387
"Singlet/WBC/Lymph/CD3/CD4/CXCR5-, CD45RA-/CXCR3-, CCR6-",ul,82,1,20,5,"0.0, 180.0, 28.0, 7.0, 90.0",387
"Singlet/WBC/Lymph/CD3/CD4/CXCR5-, CD45RA-/CXCR3-, CCR6-/ICOS+",ul,82,1,20,5,"0.0, 180.0, 28.0, 7.0, 90.0",387
"Singlet/WBC/Lymph/CD3/CD4/CXCR5-, CD45RA-/ICOS+",ul,82,1,20,5,"0.0, 180.0, 28.0, 7.0, 90.0",387
Singlet/WBC/Lymph/CD3/CD4/ICOS+,ul,82,1,20,5,"0.0, 180.0, 28.0, 7.0, 90.0",387
Singlet/WBC/Lymph/CD3/CD8,ul,82,1,20,5,"0.0, 180.0, 28.0, 7.0, 90.0",387
Singlet/WBC/Lymph/CD3/CD8/CCR6+,ul,82,1,20,5,"0.0, 180.0, 28.0, 7.0, 90.0",387
Singlet/WBC/Lymph/CD3/CD8/CXCR3+,ul,82,1,20,5,"0.0, 180.0, 28.0, 7.0, 90.0",387
Singlet/WBC/Lymph/CD3/CD8/CXCR5+,ul,82,1,20,5,"0.0, 180.0, 28.0, 7.0, 90.0",387
Singlet/WBC/Lymph/CD3/CD8/ICOS+,ul,82,1,20,5,"0.0, 180.0, 28.0, 7.0, 90.0",387
Singlet/WBC/Lymph/CD3/ICOS+,ul,82,1,20,5,"0.0, 180.0, 28.0, 7.0, 90.0",387
"Singlet/WBC/Lymph/CD3/CD4/CXCR5+, CD45RA-/CXCR3-, CCR6+",ul,82,1,20,5,"0.0, 180.0, 28.0, 7.0, 90.0",387
"Singlet/WBC/Lymph/CD3/CD4/CXCR5+, CD45RA-/CXCR3+, CCR6+",ul,82,1,20,5,"0.0, 180.0, 28.0, 7.0, 90.0",387
"Singlet/WBC/Lymph/CD3/CD4/CXCR5+, CD45RA-",ul,82,1,20,5,"0.0, 180.0, 28.0, 7.0, 90.0",387
Singlet/WBC/Lymph/CD3/CD4,ul,82,1,20,5,"0.0, 180.0, 28.0, 7.0, 90.0",387
Singlet/WBC/Lymph/CD3,ul,82,1,20,5,"0.0, 180.0, 28.0, 7.0, 90.0",387
"Singlet/WBC/Lymph/CD3/CD4/CXCR5+, CD45RA-/CXCR3+, CCR6+/ICOS+",ul,82,1,20,5,"0.0, 180.0, 28.0, 7.0, 90.0",387
"Singlet/WBC/Lymph/CD19/CD27+, IgD-/CD86+",ul,80,1,20,5,"0.0, 180.0, 28.0, 7.0, 90.0",387
Singlet/WBC/Lymph/CD19,ul,80,1,20,5,"0.0, 180.0, 28.0, 7.0, 90.0",387
"Singlet/WBC/Lymph/CD19/CD27+, IgD-",ul,80,1,20,5,"0.0, 180.0, 28.0, 7.0, 90.0",387
"Singlet/WBC/Lymph/CD19/CD27+, IgD+/CD86+",ul,80,1,20,5,"0.0, 180.0, 28.0, 7.0, 90.0",387
"Singlet/WBC/Lymph/CD19/CD27+, IgD+",ul,80,1,20,5,"0.0, 180.0, 28.0, 7.0, 90.0",387
Singlet/WBC/Lymph/CD19/CD27+/CD138+/CD86+,ul,80,1,20,5,"0.0, 180.0, 28.0, 7.0, 90.0",387
"Singlet/WBC/Lymph/CD19/CD19+, CD20-/CD86+",ul,80,1,20,5,"0.0, 180.0, 28.0, 7.0, 90.0",387
"Singlet/WBC/Lymph/CD19/CD19+, CD20-",ul,80,1,20,5,"0.0, 180.0, 28.0, 7.0, 90.0",387
"Singlet/WBC/Lymph/CD19/CD19+, CD20+/CD86+",ul,80,1,20,5,"0.0, 180.0, 28.0, 7.0, 90.0",387
"Singlet/WBC/Lymph/CD19/CD19+, CD20+",ul,80,1,20,5,"0.0, 180.0, 28.0, 7.0, 90.0",387
"Singlet/WBC/Lymph/CD19/CD27-, IgD+/CD86+",ul,80,1,20,5,"0.0, 180.0, 28.0, 7.0, 90.0",387
"Singlet/WBC/Lymph/CD19/CD27-, IgD+",ul,80,1,20,5,"0.0, 180.0, 28.0, 7.0, 90.0",387
"Singlet/WBC/Lymph/CD19/CD27-, IgD-",ul,80,1,20,5,"0.0, 180.0, 28.0, 7.0, 90.0",387
"Singlet/WBC/Lymph/CD19/CD27-, IgD-/CD86+",ul,80,1,20,5,"0.0, 180.0, 28.0, 7.0, 90.0",387
"Singlet/WBC/Lymph/CD19/CD38+, CD20-",ul,80,1,20,5,"0.0, 180.0, 28.0, 7.0, 90.0",387
"Singlet/WBC/Lymph/CD19/CD38+, CD20-/CD86+",ul,80,1,20,5,"0.0, 180.0, 28.0, 7.0, 90.0",387
"Singlet/WBC/Lymph/CD19/CD38+, CD24+",ul,80,1,20,5,"0.0, 180.0, 28.0, 7.0, 90.0",387
"Singlet/WBC/Lymph/CD19/CD38+, CD24+/CD86+",ul,80,1,20,5,"0.0, 180.0, 28.0, 7.0, 90.0",387
Singlet/WBC/Lymph/CD19/CD86+,ul,80,1,20,5,"0.0, 180.0, 28.0, 7.0, 90.0",387
Singlet/WBC/Lymph/CD19/CD27+/CD138+,ul,80,1,20,5,"0.0, 180.0, 28.0, 7.0, 90.0",387
Singlet/WBC/Lymph/CD19/CD27+,ul,80,1,20,5,"0.0, 180.0, 28.0, 7.0, 90.0",387
"CD3+, CD4+, CD8-, CXCR5-, CD45RA-, CXCR3-, CCR6+,HLA-DR+",ul,72,2,19,5,"0.0, 28.0, 7.0, 90.0, 1.0","369, 372"
"CD3+, CD4+, CD8-, CXCR5-, CD45RA-,HLA-DR+",ul,72,2,19,5,"0.0, 28.0, 7.0, 90.0, 1.0","369, 372"
"CD3+, CD8+, CCR7-, CD45RA-",ul,60,1,16,4,"0.0, 1.0, 28.0, 7.0",144
"CD3+, CD4+, CXCR5+, CD45RA-",ul,60,1,16,4,"0.0, 1.0, 28.0, 7.0",144
"CD3+, CD4+, CXCR5+, CD45RA-, CXCR3+, CCR6-",ul,60,1,16,4,"0.0, 1.0, 28.0, 7.0",144
"Lin1-, HLA-DR+",ul,60,1,16,4,"0.0, 1.0, 28.0, 7.0",144
"CD3+, CD4+, CXCR5+, CD45RA-, CXCR3+, CCR6-, ICOS+",ul,60,1,16,4,"0.0, 1.0, 28.0, 7.0",144
"CD3+, CD4+, CXCR5+, CD45RA-, CXCR3-, CCR6+",ul,60,1,16,4,"0.0, 1.0, 28.0, 7.0",144
"CD3+, CD4+, CXCR5+, CD45RA-, CXCR3-, CCR6+, ICOS+",ul,60,1,16,4,"0.0, 1.0, 28.0, 7.0",144
"CD3+, CD4+, CXCR5+, CD45RA-, CXCR3-, CCR6-",ul,60,1,16,4,"0.0, 1.0, 28.0, 7.0",144
"CD3+, CD4+, CXCR5+, CD45RA-, CXCR3-, CCR6-, ICOS+",ul,60,1,16,4,"0.0, 1.0, 28.0, 7.0",144
"CD3+, CD4+, CXCR5+, CD45RA-, ICOS+",ul,60,1,16,4,"0.0, 1.0, 28.0, 7.0",144
"CD3+, CD8+",ul,60,1,16,4,"0.0, 1.0, 28.0, 7.0",144
"CD3+, CD8+, CCR7+, CD45RA-",ul,60,1,16,4,"0.0, 1.0, 28.0, 7.0",144
"CD3+, CD8+, CCR7-, CD45RA+",ul,60,1,16,4,"0.0, 1.0, 28.0, 7.0",144
"CD3+, CD8+, CCR7+, CD45RA+",ul,60,1,16,4,"0.0, 1.0, 28.0, 7.0",144
"CD3+, CD4+, CCR7-, CD45RA+",ul,60,1,16,4,"0.0, 1.0, 28.0, 7.0",144
"CD3+, CD4+, CCR7+, CD45RA-",ul,60,1,16,4,"0.0, 1.0, 28.0, 7.0",144
"CD14+, HLA-DR+, CX3CR1hi",ul,60,1,16,4,"0.0, 1.0, 28.0, 7.0",144
"CD3+, CD4+, CCR7-, CD45RA-",ul,60,1,16,4,"0.0, 1.0, 28.0, 7.0",144
"CD14+, HLA-DR+, CX3CR1lo",ul,60,1,16,4,"0.0, 1.0, 28.0, 7.0",144
"CD14+, HLADR+",ul,60,1,16,4,"0.0, 1.0, 28.0, 7.0",144
"CD14+, SLAN+",ul,60,1,16,4,"0.0, 1.0, 28.0, 7.0",144
CD16+ neutrophil,ul,60,1,16,4,"0.0, 1.0, 28.0, 7.0",144
"CD3+, CD4+",ul,60,1,16,4,"0.0, 1.0, 28.0, 7.0",144
"CD3+, CD4+, CCR7+, CD45RA+",ul,60,1,16,4,"0.0, 1.0, 28.0, 7.0",144
"CD45+/CD3+/CD4/ICOS,Freq. of,CD4",cells/ul,54,1,6,9,"-7.0, 0.0, 1.0, 10.0, 14.0, 21.0, 28.0, 3.0, 7.0",180
"sWBC/lymono/Lin2-Dr+/Q3: BDCA-2+/Q8: CD45RA,, CD4,Freq. of,Q3: BDCA-2+",cells/ul,54,1,6,9,"-7.0, 0.0, 1.0, 10.0, 14.0, 21.0, 28.0, 3.0, 7.0",180
"sWBC/lymono/Lin2-Dr+/Q3: BDCA-2+/Q7: CD45RA+,, CD4,Freq. of,Q3: BDCA-2+",cells/ul,54,1,6,9,"-7.0, 0.0, 1.0, 10.0, 14.0, 21.0, 28.0, 3.0, 7.0",180
"sWBC/lymono/Lin2-Dr+/Q1: BDCA-1+/Q6: CD45RA+,, CD4+,Freq. of,Q1: BDCA-1+",cells/ul,54,1,6,9,"-7.0, 0.0, 1.0, 10.0, 14.0, 21.0, 28.0, 3.0, 7.0",180
"sWBC/lymono/Lin2-Dr+/Q1: BDCA-1+/Q7: CD45RA+,, CD4,Freq. of,Q1: BDCA-1+",cells/ul,54,1,6,9,"-7.0, 0.0, 1.0, 10.0, 14.0, 21.0, 28.0, 3.0, 7.0",180
"sWBC/lymono/Lin2-Dr+/Q3: BDCA-2+/Q6: CD45RA+,, CD4+,Freq. of,Q3: BDCA-2+",cells/ul,54,1,6,9,"-7.0, 0.0, 1.0, 10.0, 14.0, 21.0, 28.0, 3.0, 7.0",180
"sWBC/lymono/Lin2-Dr+/Q3: BDCA-2+/Q5: CD45RA,, CD4+,Freq. of,Q3: BDCA-2+",cells/ul,54,1,6,9,"-7.0, 0.0, 1.0, 10.0, 14.0, 21.0, 28.0, 3.0, 7.0",180
"sWBC/lymono/Lin2-Dr+/Q3: BDCA-2+/CD2-,Freq. of,Q3: BDCA-2+",cells/ul,54,1,6,9,"-7.0, 0.0, 1.0, 10.0, 14.0, 21.0, 28.0, 3.0, 7.0",180
"sWBC/lymono/Lin2-Dr+/Q3: BDCA-2+/CD2+,Freq. of,Q3: BDCA-2+",cells/ul,54,1,6,9,"-7.0, 0.0, 1.0, 10.0, 14.0, 21.0, 28.0, 3.0, 7.0",180
"sWBC/lymono/Lin2-Dr+/Q3: BDCA-2+,Freq. of,sWBC",cells/ul,54,1,6,9,"-7.0, 0.0, 1.0, 10.0, 14.0, 21.0, 28.0, 3.0, 7.0",180
"sWBC/lymono/Lin2-Dr+/Q1: BDCA-1+/Q8: CD45RA,, CD4,Freq. of,Q1: BDCA-1+",cells/ul,54,1,6,9,"-7.0, 0.0, 1.0, 10.0, 14.0, 21.0, 28.0, 3.0, 7.0",180
"WBC/CD19+SCC/CD19+/nQ3: CD19+,, CD20,Freq. of,CD19+",cells/ul,54,1,6,9,"-7.0, 0.0, 1.0, 10.0, 14.0, 21.0, 28.0, 3.0, 7.0",180
"CD45+/CD3+/CD4/EM,Freq. of,CD4",cells/ul,54,1,6,9,"-7.0, 0.0, 1.0, 10.0, 14.0, 21.0, 28.0, 3.0, 7.0",180
"CD45+/CD3+/CD4/CM,Freq. of,CD4",cells/ul,54,1,6,9,"-7.0, 0.0, 1.0, 10.0, 14.0, 21.0, 28.0, 3.0, 7.0",180
"CD45+/CD3+,Freq. of,CD45+",cells/ul,54,1,6,9,"-7.0, 0.0, 1.0, 10.0, 14.0, 21.0, 28.0, 3.0, 7.0",180
"WBC/CD19+SCC/CD19+/nQ1: CD27,, IgD+,Freq. of,CD19+",cells/ul,54,1,6,9,"-7.0, 0.0, 1.0, 10.0, 14.0, 21.0, 28.0, 3.0, 7.0",180
"WBC/CD19+SCC/CD19+/n transitional,Freq. of,CD19+",cells/ul,54,1,6,9,"-7.0, 0.0, 1.0, 10.0, 14.0, 21.0, 28.0, 3.0, 7.0",180
"WBC/CD19+SCC/CD19+/nQ2: CD27+,, IgD+,Freq. of,CD19+",cells/ul,54,1,6,9,"-7.0, 0.0, 1.0, 10.0, 14.0, 21.0, 28.0, 3.0, 7.0",180
"WBC/CD19+SCC/CD19+/nQ2: CD19+,, CD27+/nPlasmacell,Freq. of,CD19+",cells/ul,54,1,6,9,"-7.0, 0.0, 1.0, 10.0, 14.0, 21.0, 28.0, 3.0, 7.0",180
"WBC/2-WBC/2-grans/Neu-CD45/Neutr,Freq. of,2-WBC",cells/ul,54,1,6,9,"-7.0, 0.0, 1.0, 10.0, 14.0, 21.0, 28.0, 3.0, 7.0",180
"WBC/2-WBC/2-grans/Neu-CD45/Neutr/Q2: CD16+,, CD11b+/CD62L+,Freq. of,Q2: CD16+, CD11b+",cells/ul,54,1,6,9,"-7.0, 0.0, 1.0, 10.0, 14.0, 21.0, 28.0, 3.0, 7.0",180
"WBC/2-WBC/2-grans/Neu-CD45/Neutr/Q2: CD16+,, CD11b+/CD62L-,Freq. of,Q2: CD16+, CD11b+",cells/ul,54,1,6,9,"-7.0, 0.0, 1.0, 10.0, 14.0, 21.0, 28.0, 3.0, 7.0",180
"WBC/2-WBC/2-grans/Neu-CD45/Neutr/Q3: CD16+,, CD11b,Freq. of,Neutr",cells/ul,54,1,6,9,"-7.0, 0.0, 1.0, 10.0, 14.0, 21.0, 28.0, 3.0, 7.0",180
"WBC/2-WBC/2-grans/Neu-CD45/Neutr/Q4: CD16,, CD11b,Freq. of,Neutr",cells/ul,54,1,6,9,"-7.0, 0.0, 1.0, 10.0, 14.0, 21.0, 28.0, 3.0, 7.0",180
"WBC/2-WBC/lymono/monos,Freq. of,2-WBC",cells/ul,54,1,6,9,"-7.0, 0.0, 1.0, 10.0, 14.0, 21.0, 28.0, 3.0, 7.0",180
"WBC/2-WBC/lymono/monos/CD14+CD16+,Freq. of,monos",cells/ul,54,1,6,9,"-7.0, 0.0, 1.0, 10.0, 14.0, 21.0, 28.0, 3.0, 7.0",180
"WBC/2-WBC/lymono/monos/CD14+CD16+/CD11b+,Freq. of,CD14+CD16+",cells/ul,54,1,6,9,"-7.0, 0.0, 1.0, 10.0, 14.0, 21.0, 28.0, 3.0, 7.0",180
"WBC/2-WBC/lymono/monos/CD14+CD16+/CD40+,Freq. of,CD14+CD16+",cells/ul,54,1,6,9,"-7.0, 0.0, 1.0, 10.0, 14.0, 21.0, 28.0, 3.0, 7.0",180
"WBC/2-WBC/lymono/monos/CD14+CD16+/CD62L+,Freq. of,CD14+CD16+",cells/ul,54,1,6,9,"-7.0, 0.0, 1.0, 10.0, 14.0, 21.0, 28.0, 3.0, 7.0",180
"WBC/2-WBC/lymono/monos/CD14+CD16+/CD86+,Freq. of,CD14+CD16+",cells/ul,54,1,6,9,"-7.0, 0.0, 1.0, 10.0, 14.0, 21.0, 28.0, 3.0, 7.0",180
"WBC/2-WBC/lymono/monos/CD14+CD16-,Freq. of,monos",cells/ul,54,1,6,9,"-7.0, 0.0, 1.0, 10.0, 14.0, 21.0, 28.0, 3.0, 7.0",180
"WBC/2-WBC/lymono/monos/CD14+CD16-/CD11b+,Freq. of,CD14+CD16-",cells/ul,54,1,6,9,"-7.0, 0.0, 1.0, 10.0, 14.0, 21.0, 28.0, 3.0, 7.0",180
"WBC/2-WBC/lymono/monos/CD14+CD16-/CD40+,Freq. of,CD14+CD16-",cells/ul,54,1,6,9,"-7.0, 0.0, 1.0, 10.0, 14.0, 21.0, 28.0, 3.0, 7.0",180
"WBC/2-WBC/lymono/monos/CD14+CD16-/CD62L+,Freq. of,CD14+CD16-",cells/ul,54,1,6,9,"-7.0, 0.0, 1.0, 10.0, 14.0, 21.0, 28.0, 3.0, 7.0",180
"WBC/2-WBC/lymono/monos/CD14+CD16-/CD86+,Freq. of,CD14+CD16-",cells/ul,54,1,6,9,"-7.0, 0.0, 1.0, 10.0, 14.0, 21.0, 28.0, 3.0, 7.0",180
"WBC/2-WBC/lymono/monos/CD14dimCD16+,Freq. of,monos",cells/ul,54,1,6,9,"-7.0, 0.0, 1.0, 10.0, 14.0, 21.0, 28.0, 3.0, 7.0",180
"WBC/2-WBC/lymono/monos/CD14dimCD16+/CD11b+,Freq. of,CD14dimCD16+",cells/ul,54,1,6,9,"-7.0, 0.0, 1.0, 10.0, 14.0, 21.0, 28.0, 3.0, 7.0",180
"WBC/2-WBC/lymono/monos/CD14dimCD16+/CD40+,Freq. of,CD14dimCD16+",cells/ul,54,1,6,9,"-7.0, 0.0, 1.0, 10.0, 14.0, 21.0, 28.0, 3.0, 7.0",180
"WBC/2-WBC/lymono/monos/CD14dimCD16+/CD62L+,Freq. of,CD14dimCD16+",cells/ul,54,1,6,9,"-7.0, 0.0, 1.0, 10.0, 14.0, 21.0, 28.0, 3.0, 7.0",180
"WBC/2-WBC/lymono/monos/CD14dimCD16+/CD86+,Freq. of,CD14dimCD16+",cells/ul,54,1,6,9,"-7.0, 0.0, 1.0, 10.0, 14.0, 21.0, 28.0, 3.0, 7.0",180
"WBC/2-WBC/lymono/monos/dn,Freq. of,monos",cells/ul,54,1,6,9,"-7.0, 0.0, 1.0, 10.0, 14.0, 21.0, 28.0, 3.0, 7.0",180
"WBC/CD19+SCC/CD19+,Freq. of,WBC",cells/ul,54,1,6,9,"-7.0, 0.0, 1.0, 10.0, 14.0, 21.0, 28.0, 3.0, 7.0",180
"CD45+/CD3+/CD4/TFH,Freq. of,CD4",cells/ul,54,1,6,9,"-7.0, 0.0, 1.0, 10.0, 14.0, 21.0, 28.0, 3.0, 7.0",180
"WBC/CD19+SCC/CD19+/nQ2: CD19+,, CD20+,Freq. of,CD19+",cells/ul,54,1,6,9,"-7.0, 0.0, 1.0, 10.0, 14.0, 21.0, 28.0, 3.0, 7.0",180
"WBC/CD19+SCC/CD19+/nQ2: CD19+,, CD27+,Freq. of,CD19+",cells/ul,54,1,6,9,"-7.0, 0.0, 1.0, 10.0, 14.0, 21.0, 28.0, 3.0, 7.0",180
"WBC/CD19+SCC/CD19+/nQ2: CD19+,, CD27+/nPlasmablast,Freq. of,CD19+",cells/ul,54,1,6,9,"-7.0, 0.0, 1.0, 10.0, 14.0, 21.0, 28.0, 3.0, 7.0",180
"CD45+/CD3+/CD4/Naive,Freq. of,CD4",cells/ul,54,1,6,9,"-7.0, 0.0, 1.0, 10.0, 14.0, 21.0, 28.0, 3.0, 7.0",180
"WBC/2-WBC/2-grans/Neu-CD45/Neutr/Q1: CD16,, CD11b+,Freq. of,Neutr",cells/ul,54,1,6,9,"-7.0, 0.0, 1.0, 10.0, 14.0, 21.0, 28.0, 3.0, 7.0",180
"CD45+/CD3+/CD4/TFH/1,Freq. of,TFH",cells/ul,54,1,6,9,"-7.0, 0.0, 1.0, 10.0, 14.0, 21.0, 28.0, 3.0, 7.0",180
"Lymp/CD3-/CD56br,Freq. of,Lymp",cells/ul,54,1,6,9,"-7.0, 0.0, 1.0, 10.0, 14.0, 21.0, 28.0, 3.0, 7.0",180
"CD45+/CD3+/CD4/non TFH/17/ICOS,Freq. of,17",cells/ul,54,1,6,9,"-7.0, 0.0, 1.0, 10.0, 14.0, 21.0, 28.0, 3.0, 7.0",180
"CD45+/CD3+/CD4/non TFH/2/ICOS,Freq. of,2",cells/ul,54,1,6,9,"-7.0, 0.0, 1.0, 10.0, 14.0, 21.0, 28.0, 3.0, 7.0",180
"CD45+/CD3+/CD4/non TFH/Q2: CCR6+,, CXCR3+,Freq. of,CD4",cells/ul,54,1,6,9,"-7.0, 0.0, 1.0, 10.0, 14.0, 21.0, 28.0, 3.0, 7.0",180
"CD45+/CD3+/CD4/non TFH/Q2: CCR6+,, CXCR3+/ICOS,Freq. of,Q2: CCR6+, CXCR3+",cells/ul,54,1,6,9,"-7.0, 0.0, 1.0, 10.0, 14.0, 21.0, 28.0, 3.0, 7.0",180
"CD45+/CD3+/CD8,Freq. of,CD45+",cells/ul,54,1,6,9,"-7.0, 0.0, 1.0, 10.0, 14.0, 21.0, 28.0, 3.0, 7.0",180
"CD45+/CD3+/CD8/ICOS,Freq. of,CD8",cells/ul,54,1,6,9,"-7.0, 0.0, 1.0, 10.0, 14.0, 21.0, 28.0, 3.0, 7.0",180
"sWBC/lymono/Lin2-Dr+/Q1: BDCA-1+/Q5: CD45RA,, CD4+,Freq. of,Q1: BDCA-1+",cells/ul,54,1,6,9,"-7.0, 0.0, 1.0, 10.0, 14.0, 21.0, 28.0, 3.0, 7.0",180
"sWBC/lymono/Lin2-Dr+/Q1: BDCA-1+/CD2-,Freq. of,Q1: BDCA-1+",cells/ul,54,1,6,9,"-7.0, 0.0, 1.0, 10.0, 14.0, 21.0, 28.0, 3.0, 7.0",180
"Lymp/CD3-/CD56diCD16+,Freq. of,Lymp",cells/ul,54,1,6,9,"-7.0, 0.0, 1.0, 10.0, 14.0, 21.0, 28.0, 3.0, 7.0",180
"Lymp/CD3-/CD56-CD16+,Freq. of,Lymp",cells/ul,54,1,6,9,"-7.0, 0.0, 1.0, 10.0, 14.0, 21.0, 28.0, 3.0, 7.0",180
"CD45+/CD3+/CD4/non TFH/1,Freq. of,CD4",cells/ul,54,1,6,9,"-7.0, 0.0, 1.0, 10.0, 14.0, 21.0, 28.0, 3.0, 7.0",180
"sWBC/lymono/Lin2-Dr+/Q1: BDCA-1+/CD2+,Freq. of,Q1: BDCA-1+",cells/ul,54,1,6,9,"-7.0, 0.0, 1.0, 10.0, 14.0, 21.0, 28.0, 3.0, 7.0",180
"WBC/2-WBC/2-grans/Neu-CD45/Neutr/Q2: CD16+,, CD11b+,Freq. of,Neutr",cells/ul,54,1,6,9,"-7.0, 0.0, 1.0, 10.0, 14.0, 21.0, 28.0, 3.0, 7.0",180
"sWBC/lymono/Lin2-Dr+/Q1: BDCA-1+,Freq. of,sWBC",cells/ul,54,1,6,9,"-7.0, 0.0, 1.0, 10.0, 14.0, 21.0, 28.0, 3.0, 7.0",180
"sWBC/lymono/Lin2-Dr+/CD123+,Freq. of,sWBC",cells/ul,54,1,6,9,"-7.0, 0.0, 1.0, 10.0, 14.0, 21.0, 28.0, 3.0, 7.0",180
"sWBC/lymono/Lin2-Dr+/CD11c+,Freq. of,sWBC",cells/ul,54,1,6,9,"-7.0, 0.0, 1.0, 10.0, 14.0, 21.0, 28.0, 3.0, 7.0",180
"ly/CD3+/CD8+/CD25+,Freq. of,CD8+",cells/ul,54,1,6,9,"-7.0, 0.0, 1.0, 10.0, 14.0, 21.0, 28.0, 3.0, 7.0",180
"ly/CD3+/CD8+/CTLA4+,Freq. of,CD8+",cells/ul,54,1,6,9,"-7.0, 0.0, 1.0, 10.0, 14.0, 21.0, 28.0, 3.0, 7.0",180
"CD45+/CD3+/CD4/TFH/1/ICOS,Freq. of,1",cells/ul,54,1,6,9,"-7.0, 0.0, 1.0, 10.0, 14.0, 21.0, 28.0, 3.0, 7.0",180
"ly/CD3+/CD8+/FoxP3+,Freq. of,CD8+",cells/ul,54,1,6,9,"-7.0, 0.0, 1.0, 10.0, 14.0, 21.0, 28.0, 3.0, 7.0",180
"CD45+/CD3+/CD4/non TFH/1/ICOS,Freq. of,1",cells/ul,54,1,6,9,"-7.0, 0.0, 1.0, 10.0, 14.0, 21.0, 28.0, 3.0, 7.0",180
"Lymp/CD3-/CD56diCD16-,Freq. of,Lymp",cells/ul,54,1,6,9,"-7.0, 0.0, 1.0, 10.0, 14.0, 21.0, 28.0, 3.0, 7.0",180
"CD45+/CD3+/CD4/TFH/17,Freq. of,TFH",cells/ul,54,1,6,9,"-7.0, 0.0, 1.0, 10.0, 14.0, 21.0, 28.0, 3.0, 7.0",180
"CD45+/CD3+/CD4/TFH/Q2: CCR6+,, CXCR3+,Freq. of,TFH",cells/ul,54,1,6,9,"-7.0, 0.0, 1.0, 10.0, 14.0, 21.0, 28.0, 3.0, 7.0",180
"WBC/CD19+SCC/CD19+/nQ4: CD27,, IgD,Freq. of,CD19+",cells/ul,54,1,6,9,"-7.0, 0.0, 1.0, 10.0, 14.0, 21.0, 28.0, 3.0, 7.0",180
"ly/CD3+/CD4+/CD25+,Freq. of,CD4+",cells/ul,54,1,6,9,"-7.0, 0.0, 1.0, 10.0, 14.0, 21.0, 28.0, 3.0, 7.0",180
"WBC/CD19+SCC/CD19+/nQ3: CD27+,, IgD,Freq. of,CD19+",cells/ul,54,1,6,9,"-7.0, 0.0, 1.0, 10.0, 14.0, 21.0, 28.0, 3.0, 7.0",180
"ly/CD3+/CD4+/CTLA4+,Freq. of,CD4+",cells/ul,54,1,6,9,"-7.0, 0.0, 1.0, 10.0, 14.0, 21.0, 28.0, 3.0, 7.0",180
"CD45+/CD3+/CD4/TFH/Q2: CCR6+,, CXCR3+/ICOS,Freq. of,Q2: CCR6+, CXCR3+",cells/ul,54,1,6,9,"-7.0, 0.0, 1.0, 10.0, 14.0, 21.0, 28.0, 3.0, 7.0",180
"CD45+/CD3+/CD4/TFH/17/ICOS,Freq. of,17",cells/ul,54,1,6,9,"-7.0, 0.0, 1.0, 10.0, 14.0, 21.0, 28.0, 3.0, 7.0",180
"CD45+/CD3+/CD4/Teff,Freq. of,CD4",cells/ul,54,1,6,9,"-7.0, 0.0, 1.0, 10.0, 14.0, 21.0, 28.0, 3.0, 7.0",180
"CD45+/CD3+/CD4/non TFH,Freq. of,CD4",cells/ul,54,1,6,9,"-7.0, 0.0, 1.0, 10.0, 14.0, 21.0, 28.0, 3.0, 7.0",180
"CD45+/CD3+/CD4/TFH/ICOS,Freq. of,TFH",cells/ul,54,1,6,9,"-7.0, 0.0, 1.0, 10.0, 14.0, 21.0, 28.0, 3.0, 7.0",180
"CD45+/CD3+/CD4/TFH/2/ICOS,Freq. of,2",cells/ul,54,1,6,9,"-7.0, 0.0, 1.0, 10.0, 14.0, 21.0, 28.0, 3.0, 7.0",180
"ly/CD3+/CD4+/FoxP3+,Freq. of,CD4+",cells/ul,54,1,6,9,"-7.0, 0.0, 1.0, 10.0, 14.0, 21.0, 28.0, 3.0, 7.0",180
"CD45+/CD3+/CD4/TFH/2,Freq. of,TFH",cells/ul,54,1,6,9,"-7.0, 0.0, 1.0, 10.0, 14.0, 21.0, 28.0, 3.0, 7.0",180
"sing/WBC/2-WBC/2-mono/mo-CD86/2-CD14+/CD14+CD16+/CD11b+,Freq. of,CD14+CD16+",cells/ul,48,1,6,8,"-7.0, 0.0, 0.5, 1.0, 10.0, 28.0, 3.0, 7.0",180
"sing/WBC/2-WBC/2-mono/mo-CD86/2-CD14+/CD14+CD16+,Freq. of,2-CD14+",cells/ul,48,1,6,8,"-7.0, 0.0, 0.5, 1.0, 10.0, 28.0, 3.0, 7.0",180
"sing/WBC/lymono/Lin-DR+/Slan+,Freq. of,WBC",cells/ul,48,1,6,8,"-7.0, 0.0, 0.5, 1.0, 10.0, 28.0, 3.0, 7.0",180
"sing/WBC/2-WBC/2-mono/mo-CD86/2-CD14+/CD14+CD16+/CD62L+,Freq. of,CD14+CD16+",cells/ul,48,1,6,8,"-7.0, 0.0, 0.5, 1.0, 10.0, 28.0, 3.0, 7.0",180
"sing/WBC/2-WBC/2-mono/mo-CD86/2-CD14+/CD14+CD16+/CD40+,Freq. of,CD14+CD16+",cells/ul,48,1,6,8,"-7.0, 0.0, 0.5, 1.0, 10.0, 28.0, 3.0, 7.0",180
"sing/WBC/2-WBC/2-mono/mo-CD86/2-CD14+/CD14+CD16+/CD86+,Freq. of,CD14+CD16+",cells/ul,48,1,6,8,"-7.0, 0.0, 0.5, 1.0, 10.0, 28.0, 3.0, 7.0",180
"sing/WBC/2-WBC/2-mono/mo-CD86/2-CD14+/CD14+CD16-,Freq. of,2-CD14+",cells/ul,48,1,6,8,"-7.0, 0.0, 0.5, 1.0, 10.0, 28.0, 3.0, 7.0",180
"ly/CD3+/CD8+/Ki67,Freq. of,CD8+",cells/ul,48,1,6,8,"0.0, 1.0, 10.0, 14.0, 21.0, 28.0, 3.0, 7.0",180
"sing/WBC/2-WBC/2-mono/mo-CD86/2-CD14+/CD14+CD16-/CD11b+,Freq. of,CD14+CD16-",cells/ul,48,1,6,8,"-7.0, 0.0, 0.5, 1.0, 10.0, 28.0, 3.0, 7.0",180
"sing/WBC/2-WBC/2-mono/mo-CD86/2-CD14+,Freq. of,2-WBC",cells/ul,48,1,6,8,"-7.0, 0.0, 0.5, 1.0, 10.0, 28.0, 3.0, 7.0",180
"sing/WBC/2-WBC/2-grans/Neu-CD45/Neutr/Q3: CD16+,, CD11b-,Freq. of,Neutr",cells/ul,48,1,6,8,"-7.0, 0.0, 0.5, 1.0, 10.0, 28.0, 3.0, 7.0",180
"sing/WBC/2-WBC/2-grans/Neu-CD45/Neutr/Q4: CD16-,, CD11b-,Freq. of,Neutr",cells/ul,48,1,6,8,"-7.0, 0.0, 0.5, 1.0, 10.0, 28.0, 3.0, 7.0",180
"sing/WBC/2-WBC/2-mono/mo-CD86/2-CD14+/CD14+CD16-/CD62L+,Freq. of,CD14+CD16-",cells/ul,48,1,6,8,"-7.0, 0.0, 0.5, 1.0, 10.0, 28.0, 3.0, 7.0",180
"sing/CD45+/CD3+/CD4/Teff,Freq. of,CD4",cells/ul,48,1,6,8,"-7.0, 0.0, 0.5, 1.0, 10.0, 28.0, 3.0, 7.0",180
"sing/CD45+/CD3+/CD4/non TFH,Freq. of,CD4",cells/ul,48,1,6,8,"-7.0, 0.0, 0.5, 1.0, 10.0, 28.0, 3.0, 7.0",180
"sing/CD45+/CD3+/CD4/non TFH/1,Freq. of,CD4",cells/ul,48,1,6,8,"-7.0, 0.0, 0.5, 1.0, 10.0, 28.0, 3.0, 7.0",180
"sing/CD45+/CD3+/CD4/non TFH/1/ICOS,Freq. of,1",cells/ul,48,1,6,8,"-7.0, 0.0, 0.5, 1.0, 10.0, 28.0, 3.0, 7.0",180
"sing/CD45+/CD3+/CD4/non TFH/17/ICOS,Freq. of,17",cells/ul,48,1,6,8,"-7.0, 0.0, 0.5, 1.0, 10.0, 28.0, 3.0, 7.0",180
"sing/CD45+/CD3+/CD4/non TFH/2/ICOS,Freq. of,2",cells/ul,48,1,6,8,"-7.0, 0.0, 0.5, 1.0, 10.0, 28.0, 3.0, 7.0",180
"sing/CD45+/CD3+/CD4/non TFH/Q2: CCR6+,, CXCR3+,Freq. of,CD4",cells/ul,48,1,6,8,"-7.0, 0.0, 0.5, 1.0, 10.0, 28.0, 3.0, 7.0",180
"sing/CD45+/CD3+/CD4/non TFH/Q2: CCR6+,, CXCR3+/ICOS,Freq. of,Q2: CCR6+, CXCR3+",cells/ul,48,1,6,8,"-7.0, 0.0, 0.5, 1.0, 10.0, 28.0, 3.0, 7.0",180
"sing/CD45+/CD3+/CD8,Freq. of,CD45+",cells/ul,48,1,6,8,"-7.0, 0.0, 0.5, 1.0, 10.0, 28.0, 3.0, 7.0",180
"sing/CD45+/CD3+/CD8/CM,Freq. of,CD8",cells/ul,48,1,6,8,"-7.0, 0.0, 0.5, 1.0, 10.0, 28.0, 3.0, 7.0",180
"sing/CD45+/CD3+/CD8/EM,Freq. of,CD8",cells/ul,48,1,6,8,"-7.0, 0.0, 0.5, 1.0, 10.0, 28.0, 3.0, 7.0",180
"sing/CD45+/CD3+/CD8/ICOS,Freq. of,CD8",cells/ul,48,1,6,8,"-7.0, 0.0, 0.5, 1.0, 10.0, 28.0, 3.0, 7.0",180
"sing/CD45+/CD3+/CD8/Naive,Freq. of,CD8",cells/ul,48,1,6,8,"-7.0, 0.0, 0.5, 1.0, 10.0, 28.0, 3.0, 7.0",180
"sing/CD45+/CD3+/CD8/Teff,Freq. of,CD8",cells/ul,48,1,6,8,"-7.0, 0.0, 0.5, 1.0, 10.0, 28.0, 3.0, 7.0",180
"sing/WBC/2-WBC/2-grans/Neu-CD45/Neutr,Freq. of,2-WBC",cells/ul,48,1,6,8,"-7.0, 0.0, 0.5, 1.0, 10.0, 28.0, 3.0, 7.0",180
"sing/WBC/2-WBC/2-grans/Neu-CD45/Neutr/Q1: CD16-,, CD11b+,Freq. of,Neutr",cells/ul,48,1,6,8,"-7.0, 0.0, 0.5, 1.0, 10.0, 28.0, 3.0, 7.0",180
"sing/WBC/2-WBC/2-grans/Neu-CD45/Neutr/Q2: CD16+,, CD11b+,Freq. of,Neutr",cells/ul,48,1,6,8,"-7.0, 0.0, 0.5, 1.0, 10.0, 28.0, 3.0, 7.0",180
"sing/WBC/2-WBC/2-mono/mo-CD86/2-CD14+/CD14+CD16-/CD40+,Freq. of,CD14+CD16-",cells/ul,48,1,6,8,"-7.0, 0.0, 0.5, 1.0, 10.0, 28.0, 3.0, 7.0",180
"sing/WBC/2-WBC/2-mono/mo-CD86/2-CD14+/CD14dimCD16+,Freq. of,2-CD14+",cells/ul,48,1,6,8,"-7.0, 0.0, 0.5, 1.0, 10.0, 28.0, 3.0, 7.0",180
"ly/CD3+/CD8+/Q4: HLA-DR,, CD38,Freq. of,CD8+",cells/ul,48,1,6,8,"0.0, 1.0, 10.0, 14.0, 21.0, 28.0, 3.0, 7.0",180
"ly/CD3+/CD8+/Q10: CD45RA+,, CCR7+,Freq. of,CD8+",cells/ul,48,1,6,8,"0.0, 1.0, 10.0, 14.0, 21.0, 28.0, 3.0, 7.0",180
"sing/WBC/CD19+SCC/CD19+/nQ3: CD27+,, IgD-,Freq. of,CD19+",cells/ul,48,1,6,8,"-7.0, 0.0, 0.5, 1.0, 10.0, 28.0, 3.0, 7.0",180
"sing/WBC/CD19+SCC/CD19+/nQ3: CD19+,, CD20-,Freq. of,CD19+",cells/ul,48,1,6,8,"-7.0, 0.0, 0.5, 1.0, 10.0, 28.0, 3.0, 7.0",180
"sing/WBC/CD19+SCC/CD19+/nQ2: CD27+,, IgD+,Freq. of,CD19+",cells/ul,48,1,6,8,"-7.0, 0.0, 0.5, 1.0, 10.0, 28.0, 3.0, 7.0",180
"sing/WBC/CD19+SCC/CD19+/nQ2: CD19+,, CD27+/nPlasmablast,Freq. of,CD19+",cells/ul,48,1,6,8,"-7.0, 0.0, 0.5, 1.0, 10.0, 28.0, 3.0, 7.0",180
"sing/WBC/CD19+SCC/CD19+/nQ2: CD19+,, CD27+/Plasmacell,Freq. of,CD19+",cells/ul,48,1,6,8,"-7.0, 0.0, 0.5, 1.0, 10.0, 28.0, 3.0, 7.0",180
"sing/WBC/CD19+SCC/CD19+/nQ2: CD19+,, CD27+,Freq. of,CD19+",cells/ul,48,1,6,8,"-7.0, 0.0, 0.5, 1.0, 10.0, 28.0, 3.0, 7.0",180
"sing/WBC/CD19+SCC/CD19+/nQ2: CD19+,, CD20+,Freq. of,CD19+",cells/ul,48,1,6,8,"-7.0, 0.0, 0.5, 1.0, 10.0, 28.0, 3.0, 7.0",180
"sing/WBC/CD19+SCC/CD19+/nQ1: CD27-,, IgD+,Freq. of,CD19+",cells/ul,48,1,6,8,"-7.0, 0.0, 0.5, 1.0, 10.0, 28.0, 3.0, 7.0",180
"sing/WBC/CD19+SCC/CD19+/nCD19hi,Freq. of,CD19+",cells/ul,48,1,6,8,"-7.0, 0.0, 0.5, 1.0, 10.0, 28.0, 3.0, 7.0",180
"sing/WBC/lymono/Lin-DR+/Slan+/Q10: Slan+,, CD86+,Freq. of,Slan+",cells/ul,48,1,6,8,"-7.0, 0.0, 0.5, 1.0, 10.0, 28.0, 3.0, 7.0",180
"sing/WBC/CD19+SCC/CD19+/n transitional,Freq. of Parent",cells/ul,48,1,6,8,"-7.0, 0.0, 0.5, 1.0, 10.0, 28.0, 3.0, 7.0",180
"sing/WBC/CD19+SCC/CD19+,Freq. of,WBC",cells/ul,48,1,6,8,"-7.0, 0.0, 0.5, 1.0, 10.0, 28.0, 3.0, 7.0",180
"sing/WBC/2-WBC/2-mono/mo-CD86/2-CD14+/dn,Freq. of,2-CD14+",cells/ul,48,1,6,8,"-7.0, 0.0, 0.5, 1.0, 10.0, 28.0, 3.0, 7.0",180
"sing/WBC/2-WBC/2-mono/mo-CD86/2-CD14+/CD14dimCD16+/CD86+,Freq. of,CD14dimCD16+",cells/ul,48,1,6,8,"-7.0, 0.0, 0.5, 1.0, 10.0, 28.0, 3.0, 7.0",180
"sing/WBC/lymono/Lin-DR+/Slan+/Q11: Slan+,, CD86-,Freq. of,Slan+",cells/ul,48,1,6,8,"-7.0, 0.0, 0.5, 1.0, 10.0, 28.0, 3.0, 7.0",180
"sing/WBC/lymono/Lin-DR+/Slan+/Q14: Slan+,, CD14+,Freq. of,Slan+",cells/ul,48,1,6,8,"-7.0, 0.0, 0.5, 1.0, 10.0, 28.0, 3.0, 7.0",180
"sing/WBC/lymono/Lin-DR+/Slan+/Q15: Slan+,, CD14-,Freq. of,Slan+",cells/ul,48,1,6,8,"-7.0, 0.0, 0.5, 1.0, 10.0, 28.0, 3.0, 7.0",180
"sing/WBC/lymono/Lin-DR+/Slan+/Q2: Slan+,, CD11b+,Freq. of,Slan+",cells/ul,48,1,6,8,"-7.0, 0.0, 0.5, 1.0, 10.0, 28.0, 3.0, 7.0",180
"sing/WBC/lymono/Lin-DR+/Slan+/Q3: Slan+,, CD11b-,Freq. of,Slan+",cells/ul,48,1,6,8,"-7.0, 0.0, 0.5, 1.0, 10.0, 28.0, 3.0, 7.0",180
"sing/WBC/2-WBC/2-mono/mo-CD86/2-CD14+/CD14dimCD16+/CD62L+,Freq. of,CD14dimCD16+",cells/ul,48,1,6,8,"-7.0, 0.0, 0.5, 1.0, 10.0, 28.0, 3.0, 7.0",180
"sing/WBC/lymono/Lin-DR+/Slan+/Q6: Slan+,, CD2+,Freq. of,Slan+",cells/ul,48,1,6,8,"-7.0, 0.0, 0.5, 1.0, 10.0, 28.0, 3.0, 7.0",180
"ly/CD3+/CD8+/Q2: HLA-DR+,, CD38+,Freq. of,CD8+",cells/ul,48,1,6,8,"0.0, 1.0, 10.0, 14.0, 21.0, 28.0, 3.0, 7.0",180
"ly/CD3+/CD8+/Q11: CD45RA+,, CCR7,Freq. of,CD8+",cells/ul,48,1,6,8,"0.0, 1.0, 10.0, 14.0, 21.0, 28.0, 3.0, 7.0",180
"sing/CD45+/CD3+/CD4/TFH/Q2: CCR6+,, CXCR3+,Freq. of,TFH",cells/ul,48,1,6,8,"-7.0, 0.0, 0.5, 1.0, 10.0, 28.0, 3.0, 7.0",180
"ly/CD3+/CD8+/Q3: HLA-DR+,, CD38,Freq. of,CD8+",cells/ul,48,1,6,8,"0.0, 1.0, 10.0, 14.0, 21.0, 28.0, 3.0, 7.0",180
"sing/WBC/2-WBC/2-mono/mo-CD86/2-CD14+/CD14dimCD16+/CD40+,Freq. of,CD14dimCD16+",cells/ul,48,1,6,8,"-7.0, 0.0, 0.5, 1.0, 10.0, 28.0, 3.0, 7.0",180
"sing/WBC/2-WBC/2-mono/mo-CD86/2-CD14+/CD14dimCD16+/CD11b+,Freq. of,CD14dimCD16+",cells/ul,48,1,6,8,"-7.0, 0.0, 0.5, 1.0, 10.0, 28.0, 3.0, 7.0",180
"sing/WBC/CD19+SCC/CD19+/nQ4: CD27-,, IgD-,Freq. of,CD19+",cells/ul,48,1,6,8,"-7.0, 0.0, 0.5, 1.0, 10.0, 28.0, 3.0, 7.0",180
"sing/WBC/2-WBC/2-mono/mo-CD86/2-CD14+/CD14+CD16-/CD86+,Freq. of,CD14+CD16-",cells/ul,48,1,6,8,"-7.0, 0.0, 0.5, 1.0, 10.0, 28.0, 3.0, 7.0",180
"sing/CD45+/CD3+/CD4/TFH/Q2: CCR6+,, CXCR3+/ICOS,Freq. of,Q2: CCR6+, CXCR3+",cells/ul,48,1,6,8,"-7.0, 0.0, 0.5, 1.0, 10.0, 28.0, 3.0, 7.0",180
"sing/CD45+/CD3+/CD4+/CD127loCD25+,Freq. of,CD4+",cells/ul,48,1,6,8,"-7.0, 0.0, 0.5, 1.0, 10.0, 28.0, 3.0, 7.0",180
"sing/CD45+/CD3+/CD4/TFH/ICOS,Freq. of,TFH",cells/ul,48,1,6,8,"-7.0, 0.0, 0.5, 1.0, 10.0, 28.0, 3.0, 7.0",180
"sing/CD45+/CD3+/CD4/TFH/2/ICOS,Freq. of Parent",cells/ul,48,1,6,8,"-7.0, 0.0, 0.5, 1.0, 10.0, 28.0, 3.0, 7.0",180
"ly/CD3+/CD8+/bcl2,Freq. of,CD8+",cells/ul,48,1,6,8,"0.0, 1.0, 10.0, 14.0, 21.0, 28.0, 3.0, 7.0",180
"ly/CD3+/CD4+/bcl2,Freq. of,CD4+",cells/ul,48,1,6,8,"0.0, 1.0, 10.0, 14.0, 21.0, 28.0, 3.0, 7.0",180
"ly/CD3+/CD4+/Q9: CD45RA,, CCR7+,Freq. of,CD4+",cells/ul,48,1,6,8,"0.0, 1.0, 10.0, 14.0, 21.0, 28.0, 3.0, 7.0",180
"ly/CD3+/CD4+/Q8: K1-67,, bcl2di,Freq. of,CD4+",cells/ul,48,1,6,8,"0.0, 1.0, 10.0, 14.0, 21.0, 28.0, 3.0, 7.0",180
"ly/CD3+/CD4+/Q7: K1-67+,, bcl2di,Freq. of,CD4+",cells/ul,48,1,6,8,"0.0, 1.0, 10.0, 14.0, 21.0, 28.0, 3.0, 7.0",180
"ly/CD3+/CD8+/Q12: CD45RA,, CCR7,Freq. of,CD8+",cells/ul,48,1,6,8,"0.0, 1.0, 10.0, 14.0, 21.0, 28.0, 3.0, 7.0",180
"sing-F/sWBC/Lin2-DR+/minus grans-NK/Q3: BDCA-2+/CD2-,Freq. of,Q3: BDCA-2+",cells/ul,48,1,6,8,"-7.0, 0.0, 0.5, 1.0, 10.0, 28.0, 3.0, 7.0",180
"sing-F/sWBC/Lin2-DR+/minus grans-NK/Q3: BDCA-2+/CD2+,Freq. of,Q3: BDCA-2+",cells/ul,48,1,6,8,"-7.0, 0.0, 0.5, 1.0, 10.0, 28.0, 3.0, 7.0",180
"sing-F/sWBC/Lin2-DR+/minus grans-NK/Q3: BDCA-2+,Freq. of,sWBC",cells/ul,48,1,6,8,"-7.0, 0.0, 0.5, 1.0, 10.0, 28.0, 3.0, 7.0",180
"sing-F/sWBC/Lin2-DR+/minus grans-NK/Q1:BDCA-3+/Q4: CD2-,, CD86-,Freq. of,Q1:BDCA-3+",cells/ul,48,1,6,8,"-7.0, 0.0, 0.5, 1.0, 10.0, 28.0, 3.0, 7.0",180
"sing-F/sWBC/Lin2-DR+/minus grans-NK/Q1:BDCA-3+/Q3: CD2+,, CD86-,Freq. of,Q1:BDCA-3+",cells/ul,48,1,6,8,"-7.0, 0.0, 0.5, 1.0, 10.0, 28.0, 3.0, 7.0",180
"sing-F/sWBC/Lin2-DR+/minus grans-NK/Q1:BDCA-3+/Q2: CD2+,, CD86+,Freq. of,Q1:BDCA-3+",cells/ul,48,1,6,8,"-7.0, 0.0, 0.5, 1.0, 10.0, 28.0, 3.0, 7.0",180
"sing-F/sWBC/Lin2-DR+/minus grans-NK/Q1:BDCA-3+/Q1: CD2-,, CD86+,Freq. of,Q1:BDCA-3+",cells/ul,48,1,6,8,"-7.0, 0.0, 0.5, 1.0, 10.0, 28.0, 3.0, 7.0",180
"sing-F/sWBC/Lin2-DR+/minus grans-NK/Q1:BDCA-3+/CD2-,Freq. of,Q1:BDCA-3+",cells/ul,48,1,6,8,"-7.0, 0.0, 0.5, 1.0, 10.0, 28.0, 3.0, 7.0",180
"sing-F/sWBC/Lin2-DR+/minus grans-NK/Q1:BDCA-3+/CD2+,Freq. of,Q1:BDCA-3+",cells/ul,48,1,6,8,"-7.0, 0.0, 0.5, 1.0, 10.0, 28.0, 3.0, 7.0",180
"sing-F/sWBC/Lin2-DR+/minus grans-NK/Q1:BDCA-3+,Freq. of,sWBC",cells/ul,48,1,6,8,"-7.0, 0.0, 0.5, 1.0, 10.0, 28.0, 3.0, 7.0",180
"ly/CD3+/CD4+/Q6: K1-67+,, bcl2bri,Freq. of,CD4+",cells/ul,48,1,6,8,"0.0, 1.0, 10.0, 14.0, 21.0, 28.0, 3.0, 7.0",180
"ly/CD3+/CD4+/Q5: K1-67,, bcl2bri,Freq. of,CD4+",cells/ul,48,1,6,8,"0.0, 1.0, 10.0, 14.0, 21.0, 28.0, 3.0, 7.0",180
"ly/CD3+/CD4+/Q4: HLA-DR,, CD38,Freq. of,CD4+",cells/ul,48,1,6,8,"0.0, 1.0, 10.0, 14.0, 21.0, 28.0, 3.0, 7.0",180
"ly/CD3+/CD4+/Q3: HLA-DR+,, CD38,Freq. of,CD4+",cells/ul,48,1,6,8,"0.0, 1.0, 10.0, 14.0, 21.0, 28.0, 3.0, 7.0",180
"ly/CD3+/CD4+/Q2: HLA-DR+,, CD38+,Freq. of,CD4+",cells/ul,48,1,6,8,"0.0, 1.0, 10.0, 14.0, 21.0, 28.0, 3.0, 7.0",180
"ly/CD3+/CD4+/Q1: HLA-DR,, CD38+,Freq. of,CD4+",cells/ul,48,1,6,8,"0.0, 1.0, 10.0, 14.0, 21.0, 28.0, 3.0, 7.0",180
"ly/CD3+/CD4+/Q12: CD45RA,, CCR7,Freq. of,CD4+",cells/ul,48,1,6,8,"0.0, 1.0, 10.0, 14.0, 21.0, 28.0, 3.0, 7.0",180
"ly/CD3+/CD4+/Q11: CD45RA+,, CCR7,Freq. of,CD4+",cells/ul,48,1,6,8,"0.0, 1.0, 10.0, 14.0, 21.0, 28.0, 3.0, 7.0",180
"ly/CD3+/CD4+/Q10: CD45RA+,, CCR7+,Freq. of,CD4+",cells/ul,48,1,6,8,"0.0, 1.0, 10.0, 14.0, 21.0, 28.0, 3.0, 7.0",180
"ly/CD3+/CD4+/Ki67,Freq. of,CD4+",cells/ul,48,1,6,8,"0.0, 1.0, 10.0, 14.0, 21.0, 28.0, 3.0, 7.0",180
"ly/CD3+/CD4+/GranB,Freq. of,CD4+",cells/ul,48,1,6,8,"0.0, 1.0, 10.0, 14.0, 21.0, 28.0, 3.0, 7.0",180
"ly/CD3+/CD4+/DR,Freq. of,CD4+",cells/ul,48,1,6,8,"0.0, 1.0, 10.0, 14.0, 21.0, 28.0, 3.0, 7.0",180
"ly/CD3+/CD4+/CD38bri,Freq. of,CD4+",cells/ul,48,1,6,8,"0.0, 1.0, 10.0, 14.0, 21.0, 28.0, 3.0, 7.0",180
"ly/CD3+/CD8+/Q9: CD45RA,, CCR7+,Freq. of,CD8+",cells/ul,48,1,6,8,"0.0, 1.0, 10.0, 14.0, 21.0, 28.0, 3.0, 7.0",180
"ly/CD3+/CD8+/CD38bri,Freq. of,CD8+",cells/ul,48,1,6,8,"0.0, 1.0, 10.0, 14.0, 21.0, 28.0, 3.0, 7.0",180
"ly/CD3+/CD8+/Q8: K1-67,, bcl2di,Freq. of,CD8+",cells/ul,48,1,6,8,"0.0, 1.0, 10.0, 14.0, 21.0, 28.0, 3.0, 7.0",180
"sing/CD45+/CD3+/CD4/CM,Freq. of,CD4",cells/ul,48,1,6,8,"-7.0, 0.0, 0.5, 1.0, 10.0, 28.0, 3.0, 7.0",180
"sing/CD45+/CD3+/CD4/TFH/2,Freq. of,TFH",cells/ul,48,1,6,8,"-7.0, 0.0, 0.5, 1.0, 10.0, 28.0, 3.0, 7.0",180
"sing/CD45+/CD3+/CD4/TFH/17/ICOS,Freq. of Parent",cells/ul,48,1,6,8,"-7.0, 0.0, 0.5, 1.0, 10.0, 28.0, 3.0, 7.0",180
"ly/CD3+/CD8+/Q5: K1-67,, bcl2bri,Freq. of,CD8+",cells/ul,48,1,6,8,"0.0, 1.0, 10.0, 14.0, 21.0, 28.0, 3.0, 7.0",180
"ly/CD3+/CD8+/GranB,Freq. of,CD8+",cells/ul,48,1,6,8,"0.0, 1.0, 10.0, 14.0, 21.0, 28.0, 3.0, 7.0",180
"ly/CD3+/CD8+/Q6: K1-67+,, bcl2bri,Freq. of,CD8+",cells/ul,48,1,6,8,"0.0, 1.0, 10.0, 14.0, 21.0, 28.0, 3.0, 7.0",180
"ly/CD3+/CD8+/Q7: K1-67+,, bcl2di,Freq. of,CD8+",cells/ul,48,1,6,8,"0.0, 1.0, 10.0, 14.0, 21.0, 28.0, 3.0, 7.0",180
"sing/CD45+/CD3+/CD4/TFH/17,Freq. of,TFH",cells/ul,48,1,6,8,"-7.0, 0.0, 0.5, 1.0, 10.0, 28.0, 3.0, 7.0",180
"sing/CD45+/CD3+/CD4/TFH/1/ICOS,Freq. of Parent",cells/ul,48,1,6,8,"-7.0, 0.0, 0.5, 1.0, 10.0, 28.0, 3.0, 7.0",180
"sing/CD45+/CD3+/CD4/TFH/1,Freq. of,TFH",cells/ul,48,1,6,8,"-7.0, 0.0, 0.5, 1.0, 10.0, 28.0, 3.0, 7.0",180
"sing/CD45+/CD3+/CD4/TFH,Freq. of,CD4",cells/ul,48,1,6,8,"-7.0, 0.0, 0.5, 1.0, 10.0, 28.0, 3.0, 7.0",180
"sing/CD45+/CD3+/CD4/Naive,Freq. of,CD4",cells/ul,48,1,6,8,"-7.0, 0.0, 0.5, 1.0, 10.0, 28.0, 3.0, 7.0",180
"sing/CD45+/CD3+/CD4/ICOS,Freq. of,CD4",cells/ul,48,1,6,8,"-7.0, 0.0, 0.5, 1.0, 10.0, 28.0, 3.0, 7.0",180
"sing/CD45+/CD3+/CD4/EM,Freq. of,CD4",cells/ul,48,1,6,8,"-7.0, 0.0, 0.5, 1.0, 10.0, 28.0, 3.0, 7.0",180
"sing/CD45+/CD3+/CD4,Freq. of,CD45+",cells/ul,48,1,6,8,"-7.0, 0.0, 0.5, 1.0, 10.0, 28.0, 3.0, 7.0",180
"ly/CD3+/CD8+/DR,Freq. of,CD8+",cells/ul,48,1,6,8,"0.0, 1.0, 10.0, 14.0, 21.0, 28.0, 3.0, 7.0",180
"sing/CD45+/CD3+/CD4+,Freq. of,CD45+",cells/ul,48,1,6,8,"-7.0, 0.0, 0.5, 1.0, 10.0, 28.0, 3.0, 7.0",180
"sing/CD45+/CD3+,Freq. of,CD45+",cells/ul,48,1,6,8,"-7.0, 0.0, 0.5, 1.0, 10.0, 28.0, 3.0, 7.0",180
"sing-F/sWBC/Lin2-DR+/minus grans-NK/Q4: BDCA-2-,, BDCA-3-/CD1c+/Q4: CD2-,, CD86-,Freq. of,CD1c+",cells/ul,48,1,6,8,"-7.0, 0.0, 0.5, 1.0, 10.0, 28.0, 3.0, 7.0",180
"sing-F/sWBC/Lin2-DR+/minus grans-NK/Q4: BDCA-2-,, BDCA-3-/CD1c+/Q3: CD2+,, CD86-,Freq. of,CD1c+",cells/ul,48,1,6,8,"-7.0, 0.0, 0.5, 1.0, 10.0, 28.0, 3.0, 7.0",180
"sing-F/sWBC/Lin2-DR+/minus grans-NK/Q4: BDCA-2-,, BDCA-3-/CD1c+/Q2: CD2+,, CD86+,Freq. of,CD1c+",cells/ul,48,1,6,8,"-7.0, 0.0, 0.5, 1.0, 10.0, 28.0, 3.0, 7.0",180
"sing-F/sWBC/Lin2-DR+/minus grans-NK/Q4: BDCA-2-,, BDCA-3-/CD1c+/Q1: CD2-,, CD86+,Freq. of,CD1c+",cells/ul,48,1,6,8,"-7.0, 0.0, 0.5, 1.0, 10.0, 28.0, 3.0, 7.0",180
"sing-F/sWBC/Lin2-DR+/minus grans-NK/Q4: BDCA-2-,, BDCA-3-/CD1c+/CD2-,Freq. of,CD1c+",cells/ul,48,1,6,8,"-7.0, 0.0, 0.5, 1.0, 10.0, 28.0, 3.0, 7.0",180
"sing-F/sWBC/Lin2-DR+/minus grans-NK/Q4: BDCA-2-,, BDCA-3-/CD1c+/CD2+,Freq. of,CD1c+",cells/ul,48,1,6,8,"-7.0, 0.0, 0.5, 1.0, 10.0, 28.0, 3.0, 7.0",180
"sing-F/sWBC/Lin2-DR+/minus grans-NK/Q4: BDCA-2-,, BDCA-3-/CD1c+,Freq. of,sWBC",cells/ul,48,1,6,8,"-7.0, 0.0, 0.5, 1.0, 10.0, 28.0, 3.0, 7.0",180
"sing-F/sWBC/Lin2-DR+/minus grans-NK/Q3: BDCA-2+/Q4: CD2-,, CD86-,Freq. of,Q3: BDCA-2+",cells/ul,48,1,6,8,"-7.0, 0.0, 0.5, 1.0, 10.0, 28.0, 3.0, 7.0",180
"sing-F/sWBC/Lin2-DR+/minus grans-NK/Q3: BDCA-2+/Q3: CD2+,, CD86-,Freq. of,Q3: BDCA-2+",cells/ul,48,1,6,8,"-7.0, 0.0, 0.5, 1.0, 10.0, 28.0, 3.0, 7.0",180
"sing-F/sWBC/Lin2-DR+/minus grans-NK/Q3: BDCA-2+/Q2: CD2+,, CD86+,Freq. of,Q3: BDCA-2+",cells/ul,48,1,6,8,"-7.0, 0.0, 0.5, 1.0, 10.0, 28.0, 3.0, 7.0",180
"sing-F/sWBC/Lin2-DR+/minus grans-NK/Q3: BDCA-2+/Q1: CD2-,, CD86+,Freq. of,Q3: BDCA-2+",cells/ul,48,1,6,8,"-7.0, 0.0, 0.5, 1.0, 10.0, 28.0, 3.0, 7.0",180
"ly/CD3+/CD8+/Q1: HLA-DR,, CD38+,Freq. of,CD8+",cells/ul,48,1,6,8,"0.0, 1.0, 10.0, 14.0, 21.0, 28.0, 3.0, 7.0",180
"sing/WBC/lymono/Lin-DR+/Slan+/Q7: Slan+,, CD2-,Freq. of,Slan+",cells/ul,48,1,6,8,"-7.0, 0.0, 0.5, 1.0, 10.0, 28.0, 3.0, 7.0",180
"CD16hi, CD11b+ granulocyte",ul,47,2,13,5,"7.0, 90.0, 0.0, 28.0, 1.0","372, 376"
"CD16lo, CD11b- granulocyte",ul,47,2,13,5,"7.0, 90.0, 0.0, 28.0, 1.0","372, 376"
"CD16lo, CD11b+ granulocyte",ul,47,2,13,5,"7.0, 90.0, 0.0, 28.0, 1.0","372, 376"
"CD16hi, CD11b- granulocyte",ul,47,2,13,5,"7.0, 90.0, 0.0, 28.0, 1.0","372, 376"
"CD3+, CD4+, CD8-, CXCR5-, CD45RA-, HLA-DR+",ul,45,1,11,5,"0.0, 28.0, 7.0, 90.0, 1.0",376
"CD3+, CD4+, CD8-, CXCR5-, CD45RA-, CXCR3-, CCR6+, HLA-DR+",ul,45,1,11,5,"0.0, 28.0, 7.0, 90.0, 1.0",376
"CD3+, CD4+, CD8-, CXCR5+, CD45RA-, CXCR3+, CCR6+, HLA-DR+",cells/ul,39,1,10,4,"0.0, 28.0, 7.0, 90.0",645
"CD3+, CD4+, CD8-, CXCR5+, CD45RA-, CXCR3+, CCR6+",cells/ul,39,1,10,4,"0.0, 28.0, 7.0, 90.0",645
"CD3+, CD4+, CD8-, CXCR5+, CD45RA-",cells/ul,39,1,10,4,"0.0, 28.0, 7.0, 90.0",645
"CD3+, CD4+, CD8-",cells/ul,39,1,10,4,"0.0, 28.0, 7.0, 90.0",645
CD3+,cells/ul,39,1,10,4,"0.0, 28.0, 7.0, 90.0",645
"CD19+, CD3-, CD14-, CD38+, CD24+, HLADR+",cells/ul,39,1,10,4,"0.0, 28.0, 7.0, 90.0",645
"CD19+, CD3-, CD14-, CD38+, CD24+",cells/ul,39,1,10,4,"0.0, 28.0, 7.0, 90.0",645
"CD19+, CD3-, CD14-, CD38+, CD20-, HLADR+",cells/ul,39,1,10,4,"0.0, 28.0, 7.0, 90.0",645
"CD19+, CD3-, CD14-, CD27-, IgD-, HLADR+",cells/ul,39,1,10,4,"0.0, 28.0, 7.0, 90.0",645
"CD19+, CD3-, CD14-, CD38+, CD20-",cells/ul,39,1,10,4,"0.0, 28.0, 7.0, 90.0",645
"CD3+, CD4+, CD8-, CXCR5+, CD45RA-, CXCR3+, CCR6-",cells/ul,39,1,10,4,"0.0, 28.0, 7.0, 90.0",645
"CD19+, CD3-, CD14-, CD27-, IgD-",cells/ul,39,1,10,4,"0.0, 28.0, 7.0, 90.0",645
"CD19+, CD3-, CD14-, CD27-, IgD+, HLADR+",cells/ul,39,1,10,4,"0.0, 28.0, 7.0, 90.0",645
"CD19+, CD3-, CD14-, CD27-, IgD+",cells/ul,39,1,10,4,"0.0, 28.0, 7.0, 90.0",645
"CD19+, CD3-, CD14-, CD27+, IgD-, HLADR+",cells/ul,39,1,10,4,"0.0, 28.0, 7.0, 90.0",645
"CD19+, CD3-, CD14-, CD27+, IgD-",cells/ul,39,1,10,4,"0.0, 28.0, 7.0, 90.0",645
"CD19+, CD3-, CD14-, CD27+, IgD+, HLADR+",cells/ul,39,1,10,4,"0.0, 28.0, 7.0, 90.0",645
"CD19+, CD3-, CD14-, CD27+, IgD+",cells/ul,39,1,10,4,"0.0, 28.0, 7.0, 90.0",645
"CD3+, CD4+, CD8-, CXCR5+, CD45RA-, CXCR3+, CCR6+, ICOS+",cells/ul,39,1,10,4,"0.0, 28.0, 7.0, 90.0",645
"CD3+, CD4+, CD8-, CXCR5+, CD45RA-, CXCR3+, CCR6-, HLA-DR+",cells/ul,39,1,10,4,"0.0, 28.0, 7.0, 90.0",645
"CD19+, CD3-, CD14-, CD27+, CD138+, HLADR+",cells/ul,39,1,10,4,"0.0, 28.0, 7.0, 90.0",645
"CD3+, CD4+, CD8-, CXCR5-, CD45RA-, CXCR3+, CCR6+, HLA-DR+",cells/ul,39,1,10,4,"0.0, 28.0, 7.0, 90.0",645
"CD3+, CD4+, CD8-, CXCR5-, CD45RA-, CXCR3-, CCR6-, HLA-DR+",cells/ul,39,1,10,4,"0.0, 28.0, 7.0, 90.0",645
"CD3+, CD4+, CD8-, CXCR5-, CD45RA-, CXCR3-, CCR6-",cells/ul,39,1,10,4,"0.0, 28.0, 7.0, 90.0",645
"CD3+, CD4+, CD8-, CXCR5-, CD45RA-, CXCR3-, CCR6+, ICOS+",cells/ul,39,1,10,4,"0.0, 28.0, 7.0, 90.0",645
"CD3+, CD4+, CD8-, CXCR5-, CD45RA-, CXCR3-, CCR6+, HLA-DR+",cells/ul,39,1,10,4,"0.0, 28.0, 7.0, 90.0",645
"CD3+, CD4+, CD8-, CXCR5-, CD45RA-, CXCR3-, CCR6+",cells/ul,39,1,10,4,"0.0, 28.0, 7.0, 90.0",645
"CD3+, CD4+, CD8-, CXCR5-, CD45RA-, CXCR3+, CCR6-, ICOS+",cells/ul,39,1,10,4,"0.0, 28.0, 7.0, 90.0",645
"CD3+, CD4+, CD8-, CXCR5-, CD45RA-, CXCR3+, CCR6-, HLA-DR+",cells/ul,39,1,10,4,"0.0, 28.0, 7.0, 90.0",645
"CD3+, CD4+, CD8-, CXCR5-, CD45RA-, CXCR3+, CCR6-",cells/ul,39,1,10,4,"0.0, 28.0, 7.0, 90.0",645
"CD3+, CD4+, CD8-, CXCR5-, CD45RA-, CXCR3+, CCR6+, ICOS+",cells/ul,39,1,10,4,"0.0, 28.0, 7.0, 90.0",645
"CD3+, CD4+, CD8-, CXCR5-, CD45RA-, CXCR3+, CCR6+",cells/ul,39,1,10,4,"0.0, 28.0, 7.0, 90.0",645
"CD3+, CD4+, CD8-, CXCR5+, CD45RA-, CXCR3+, CCR6-, ICOS+",cells/ul,39,1,10,4,"0.0, 28.0, 7.0, 90.0",645
"CD3+, CD4+, CD8-, CXCR5-, CD45RA-",cells/ul,39,1,10,4,"0.0, 28.0, 7.0, 90.0",645
"CD3+, CD4+, CD8-, CXCR5+, CD45RA-, ICOS+",cells/ul,39,1,10,4,"0.0, 28.0, 7.0, 90.0",645
"CD3+, CD4+, CD8-, CXCR5+, CD45RA-, HLA-DR+",cells/ul,39,1,10,4,"0.0, 28.0, 7.0, 90.0",645
"CD3+, CD4+, CD8-, CXCR5+, CD45RA-, CXCR3-, CCR6-, ICOS+",cells/ul,39,1,10,4,"0.0, 28.0, 7.0, 90.0",645
"CD3+, CD4+, CD8-, CXCR5+, CD45RA-, CXCR3-, CCR6-, HLA-DR+",cells/ul,39,1,10,4,"0.0, 28.0, 7.0, 90.0",645
"CD3+, CD4+, CD8-, CXCR5+, CD45RA-, CXCR3-, CCR6-",cells/ul,39,1,10,4,"0.0, 28.0, 7.0, 90.0",645
"CD3+, CD4+, CD8-, CXCR5+, CD45RA-, CXCR3-, CCR6+, ICOS+",cells/ul,39,1,10,4,"0.0, 28.0, 7.0, 90.0",645
"CD3+, CD4+, CD8-, CXCR5+, CD45RA-, CXCR3-, CCR6+, HLA-DR+",cells/ul,39,1,10,4,"0.0, 28.0, 7.0, 90.0",645
"CD3+, CD4+, CD8-, CXCR5+, CD45RA-, CXCR3-, CCR6+",cells/ul,39,1,10,4,"0.0, 28.0, 7.0, 90.0",645
"CD19+, CD3-, CD14-, CD27+, HLADR+",cells/ul,39,1,10,4,"0.0, 28.0, 7.0, 90.0",645
"CD3+, CD4+, CD8-, CXCR5-, CD45RA-, HLA-DR+",cells/ul,39,1,10,4,"0.0, 28.0, 7.0, 90.0",645
"CD19+, CD3-, CD14-, CD27+, CD138+",cells/ul,39,1,10,4,"0.0, 28.0, 7.0, 90.0",645
"CD3+, CD4+, CD8-, CXCR5-, CD45RA-, CXCR3-, CCR6-, ICOS+",cells/ul,39,1,10,4,"0.0, 28.0, 7.0, 90.0",645
"CD14+, HLA-DR+, CD16-, CX3CR1+",cells/ul,39,1,10,4,"0.0, 28.0, 7.0, 90.0",645
"CD14+, HLA-DR+, CD16-, CD86-",cells/ul,39,1,10,4,"0.0, 28.0, 7.0, 90.0",645
"CD14+, HLA-DR+, CD16-, CD86+",cells/ul,39,1,10,4,"0.0, 28.0, 7.0, 90.0",645
"CD14+, HLA-DR+, CD16-, CD62L-",cells/ul,39,1,10,4,"0.0, 28.0, 7.0, 90.0",645
"CD14+, HLA-DR+, CD16-, CD62L+",cells/ul,39,1,10,4,"0.0, 28.0, 7.0, 90.0",645
"CD14+, HLA-DR+, CD16-, CD11b-",cells/ul,39,1,10,4,"0.0, 28.0, 7.0, 90.0",645
"CD14+, HLA-DR+, CD16-, CD11b+",cells/ul,39,1,10,4,"0.0, 28.0, 7.0, 90.0",645
"CD14+, HLA-DR+, CD16-",cells/ul,39,1,10,4,"0.0, 28.0, 7.0, 90.0",645
"CD14+, HLA-DR+, CD16+, SLAN-",cells/ul,39,1,10,4,"0.0, 28.0, 7.0, 90.0",645
"CD14+, HLA-DR+, CD16+, SLAN+",cells/ul,39,1,10,4,"0.0, 28.0, 7.0, 90.0",645
"CD14+, HLA-DR+, CD16+, CX3CR1-",cells/ul,39,1,10,4,"0.0, 28.0, 7.0, 90.0",645
"CD14+, HLA-DR+, CD16+, CX3CR1+",cells/ul,39,1,10,4,"0.0, 28.0, 7.0, 90.0",645
"CD14+, HLA-DR+, CD16+, CD86-",cells/ul,39,1,10,4,"0.0, 28.0, 7.0, 90.0",645
"CD14+, HLA-DR+, CD16+, CD86+",cells/ul,39,1,10,4,"0.0, 28.0, 7.0, 90.0",645
"CD14+, HLA-DR+, CD16+, CD62L-",cells/ul,39,1,10,4,"0.0, 28.0, 7.0, 90.0",645
"CD14+, HLA-DR+, CD16+, CD62L+",cells/ul,39,1,10,4,"0.0, 28.0, 7.0, 90.0",645
"CD14+, HLA-DR+, CD16+, CD11b-",cells/ul,39,1,10,4,"0.0, 28.0, 7.0, 90.0",645
"CD14+, HLA-DR+, CD16+, CD11b+",cells/ul,39,1,10,4,"0.0, 28.0, 7.0, 90.0",645
"CD14+, HLA-DR+, CD16+",cells/ul,39,1,10,4,"0.0, 28.0, 7.0, 90.0",645
"CD14+, HLA-DR+, CD16-, CX3CR1-",cells/ul,39,1,10,4,"0.0, 28.0, 7.0, 90.0",645
"CD14+, HLA-DR+, CD16-, SLAN+",cells/ul,39,1,10,4,"0.0, 28.0, 7.0, 90.0",645
"CD14+, HLA-DR+, CD16-, SLAN-",cells/ul,39,1,10,4,"0.0, 28.0, 7.0, 90.0",645
"CD16hi, CD11b+ granulocyte",cells/ul,39,1,10,4,"0.0, 28.0, 7.0, 90.0",645
"CD19+, CD3-, CD14-, CD20-, HLADR+",cells/ul,39,1,10,4,"0.0, 28.0, 7.0, 90.0",645
"CD19+, CD3-, CD14-, CD20-",cells/ul,39,1,10,4,"0.0, 28.0, 7.0, 90.0",645
"CD19+, CD3-, CD14-, CD20+, HLADR+",cells/ul,39,1,10,4,"0.0, 28.0, 7.0, 90.0",645
"CD19+, CD3-, CD14-, CD20+",cells/ul,39,1,10,4,"0.0, 28.0, 7.0, 90.0",645
"CD19+, CD3-, CD14-",cells/ul,39,1,10,4,"0.0, 28.0, 7.0, 90.0",645
"CD16lo, CD11b- granulocyte",cells/ul,39,1,10,4,"0.0, 28.0, 7.0, 90.0",645
"CD16lo, CD11b+ granulocyte",cells/ul,39,1,10,4,"0.0, 28.0, 7.0, 90.0",645
"CD16hi, CD11b- granulocyte",cells/ul,39,1,10,4,"0.0, 28.0, 7.0, 90.0",645
CD16- granulocyte,cells/ul,39,1,10,4,"0.0, 28.0, 7.0, 90.0",645
"CD14+, HLA-DR+, CD40+",cells/ul,39,1,10,4,"0.0, 28.0, 7.0, 90.0",645
"CD16+, CD62L- granulocyte",cells/ul,39,1,10,4,"0.0, 28.0, 7.0, 90.0",645
CD16+ granulocyte,cells/ul,39,1,10,4,"0.0, 28.0, 7.0, 90.0",645
"CD14lo, HLA-DR+, CD16-",cells/ul,39,1,10,4,"0.0, 28.0, 7.0, 90.0",645
"CD14lo, HLA-DR+, CD16+",cells/ul,39,1,10,4,"0.0, 28.0, 7.0, 90.0",645
"CD14+, HLA-DRlo, CD16-",cells/ul,39,1,10,4,"0.0, 28.0, 7.0, 90.0",645
"CD14+, HLA-DRlo, CD16+",cells/ul,39,1,10,4,"0.0, 28.0, 7.0, 90.0",645
"CD14+, HLA-DRhi, CD16-",cells/ul,39,1,10,4,"0.0, 28.0, 7.0, 90.0",645
"CD14+, HLA-DRhi CD16+",cells/ul,39,1,10,4,"0.0, 28.0, 7.0, 90.0",645
"CD19+, CD3-, CD14-, CD27+",cells/ul,39,1,10,4,"0.0, 28.0, 7.0, 90.0",645
"CD14+, HLA-DR+",cells/ul,39,1,10,4,"0.0, 28.0, 7.0, 90.0",645
"Lin1-, HLA-DR+, BDCA2-, CD11c+, BDCA3-, CD1c+, CD86-",cells/ul,39,1,10,4,"0.0, 28.0, 7.0, 90.0",645
"Lin1-, HLA-DR+, BDCA2-, CD11c+, BDCA3-, CD1c+, CD86+",cells/ul,39,1,10,4,"0.0, 28.0, 7.0, 90.0",645
"Lin1-, HLA-DR+, BDCA2-, CD11c+, BDCA3+, CD1c-, CD40+",cells/ul,39,1,10,4,"0.0, 28.0, 7.0, 90.0",645
"Lin1-, HLA-DR+, BDCA2-, CD11c+, BDCA3+, CD1c-, CD40-",cells/ul,39,1,10,4,"0.0, 28.0, 7.0, 90.0",645
"Lin1-, HLA-DR+, BDCA2-, CD11c+, BDCA3+, CD1c-, CD86+",cells/ul,39,1,10,4,"0.0, 28.0, 7.0, 90.0",645
"Lin1-, HLA-DR+, BDCA2-, CD11c+, BDCA3-, CD1c+",cells/ul,39,1,10,4,"0.0, 28.0, 7.0, 90.0",645
"Lin1-, HLA-DR+, BDCA2-, CD11c+, BDCA3-, CD1c+, CD2+",cells/ul,39,1,10,4,"0.0, 28.0, 7.0, 90.0",645
"Lin1-, HLA-DR+, BDCA2-, CD11c+, BDCA3-, CD1c+, CD2-",cells/ul,39,1,10,4,"0.0, 28.0, 7.0, 90.0",645
"Lin1-, HLA-DR+, BDCA2-, CD11c+, BDCA3-, CD1c+, CD40+",cells/ul,39,1,10,4,"0.0, 28.0, 7.0, 90.0",645
"Lin1-, HLA-DR+, BDCA2-, CD11c+, BDCA3-, CD1c+, CD40-",cells/ul,39,1,10,4,"0.0, 28.0, 7.0, 90.0",645
"Lin1-, HLA-DR+, BDCA2-, CD11c+, CD2+",cells/ul,39,1,10,4,"0.0, 28.0, 7.0, 90.0",645
"Lin1-, HLA-DR+, BDCA2-, CD11c+, BDCA3+, CD1c-, CD2+",cells/ul,39,1,10,4,"0.0, 28.0, 7.0, 90.0",645
"Lin1-, HLA-DR+, BDCA2-, CD11c+, CD2-",cells/ul,39,1,10,4,"0.0, 28.0, 7.0, 90.0",645
"Lin1-, HLA-DR+, BDCA2-, CD11c+, CD40+",cells/ul,39,1,10,4,"0.0, 28.0, 7.0, 90.0",645
"Lin1-, HLA-DR+, BDCA2-, CD11c+, CD40-",cells/ul,39,1,10,4,"0.0, 28.0, 7.0, 90.0",645
"Lin1-, HLA-DR+, BDCA2-, CD11c+, CD86+",cells/ul,39,1,10,4,"0.0, 28.0, 7.0, 90.0",645
"Lin1-, HLA-DR+, BDCA2-, CD11c+, CD86-",cells/ul,39,1,10,4,"0.0, 28.0, 7.0, 90.0",645
SLAN+,cells/ul,39,1,10,4,"0.0, 28.0, 7.0, 90.0",645
"CD3+, CD4+, CD8-, CXCR5-, CD45RA-, ICOS+",cells/ul,39,1,10,4,"0.0, 28.0, 7.0, 90.0",645
granulocyte,cells/ul,39,1,10,4,"0.0, 28.0, 7.0, 90.0",645
"Lin1-, HLA-DR+, BDCA2-, CD11c+, BDCA3+, CD1c-, CD2-",cells/ul,39,1,10,4,"0.0, 28.0, 7.0, 90.0",645
"Lin1-, HLA-DR+, BDCA2-, CD11c+, BDCA3+, CD1c-, CD86-",cells/ul,39,1,10,4,"0.0, 28.0, 7.0, 90.0",645
"Lin1-, HLA-DR+, BDCA2-, CD11c+, BDCA3+, CD1c-",cells/ul,39,1,10,4,"0.0, 28.0, 7.0, 90.0",645
"CD3+, ICOS+",cells/ul,39,1,10,4,"0.0, 28.0, 7.0, 90.0",645
"CD3+, CD4+, CD8-, HLA-DR+",cells/ul,39,1,10,4,"0.0, 28.0, 7.0, 90.0",645
"CD3+, CD4+, CD8-, ICOS+",cells/ul,39,1,10,4,"0.0, 28.0, 7.0, 90.0",645
"CD3+, CD4-, CD8+",cells/ul,39,1,10,4,"0.0, 28.0, 7.0, 90.0",645
"CD3+, CD4-, CD8+, CCR6+",cells/ul,39,1,10,4,"0.0, 28.0, 7.0, 90.0",645
"CD3+, CD4-, CD8+, CXCR3+",cells/ul,39,1,10,4,"0.0, 28.0, 7.0, 90.0",645
"CD3+, CD4-, CD8+, CXCR5+",cells/ul,39,1,10,4,"0.0, 28.0, 7.0, 90.0",645
"CD3+, CD4-, CD8+, ICOS+",cells/ul,39,1,10,4,"0.0, 28.0, 7.0, 90.0",645
"CD3+, HLA-DR+",cells/ul,39,1,10,4,"0.0, 28.0, 7.0, 90.0",645
"CD3+, CD4-, CD8+, HLA-DR+",cells/ul,39,1,10,4,"0.0, 28.0, 7.0, 90.0",645
"Lin1-, HLA-DR+, BDCA2+, CD11c-",cells/ul,39,1,10,4,"0.0, 28.0, 7.0, 90.0",645
"Lin1-, HLA-DR+, BDCA2-, CD11c+",cells/ul,39,1,10,4,"0.0, 28.0, 7.0, 90.0",645
"Lin1-, HLA-DR+, BDCA2+, CD11c-, CD2+",cells/ul,39,1,10,4,"0.0, 28.0, 7.0, 90.0",645
"Lin1-, HLA-DR+, BDCA2+, CD11c-, CD2-",cells/ul,39,1,10,4,"0.0, 28.0, 7.0, 90.0",645
"Lin1-, HLA-DR+, BDCA2+, CD11c-, CD40+",cells/ul,39,1,10,4,"0.0, 28.0, 7.0, 90.0",645
"Lin1-, HLA-DR+, BDCA2+, CD11c-, CD40-",cells/ul,39,1,10,4,"0.0, 28.0, 7.0, 90.0",645
"Lin1-, HLA-DR+, BDCA2+, CD11c-, CD86+",cells/ul,39,1,10,4,"0.0, 28.0, 7.0, 90.0",645
"Lin1-, HLA-DR+, BDCA2+, CD11c-, CD86-",cells/ul,39,1,10,4,"0.0, 28.0, 7.0, 90.0",645
"Lin1-, HLA-DR+, BDCA2-, CD11c+, CD1c+",ul,15,2,12,5,"0.0, 7.0, 90.0, 1.0, 28.0","372, 376"
"Lin1-, HLA-DR+, BDCA2-, CD11c+, BDCA3+",ul,15,2,12,5,"0.0, 7.0, 90.0, 1.0, 28.0","372, 376"
"Singlet/WBC/Mono/CD14+/HLADR/CD16+, SLAN-",ul,14,1,13,2,"0.0, 180.0",387
"Singlet/WBC/Mono/CD14+/HLADR/CD16+, SLAN+",ul,14,1,13,2,"0.0, 180.0",387
"Singlet/WBC/Mono/CD14+/HLADR/CD16+, HLADR-",ul,14,1,13,2,"0.0, 180.0",387
"Singlet/WBC/Mono/CD14+/HLADR/CD16+, HLADR+",ul,14,1,13,2,"0.0, 180.0",387
"Singlet/WBC/Mono/CD14+/HLADR/CD16+, CD86+",ul,14,1,13,2,"0.0, 180.0",387
"Singlet/WBC/Mono/CD14+/HLADR/CD16+, CX3CR1-",ul,14,1,13,2,"0.0, 180.0",387
"Singlet/WBC/Mono/CD14+/HLADR/CD16+, CX3CR1+",ul,14,1,13,2,"0.0, 180.0",387
"Singlet/WBC/Mono/CD14+/HLADR/CD16+, CD86-",ul,14,1,13,2,"0.0, 180.0",387
"Singlet/WBC/Mono/CD14+/HLADR/CD16+, CD11b-",ul,14,1,13,2,"0.0, 180.0",387
"Singlet/WBC/Mono/CD14+/HLADR/CD16-, CD11b-",ul,14,1,13,2,"0.0, 180.0",387
"Singlet/WBC/Mono/CD14+/HLADR/CD16-, CD11b+",ul,14,1,13,2,"0.0, 180.0",387
Singlet/WBC/Neutro/CD16+,ul,14,1,13,2,"0.0, 180.0",387
"Singlet/WBC/Mono/CD14+/HLADR/CD16-, CD86+",ul,14,1,13,2,"0.0, 180.0",387
"Singlet/WBC/Mono/CD14+/HLADR/CD16-, CD86-",ul,14,1,13,2,"0.0, 180.0",387
"Singlet/WBC/Mono/CD14+/HLADR/CD16-, CX3CR1+",ul,14,1,13,2,"0.0, 180.0",387
"Singlet/WBC/Mono/CD14+/HLADR/CD16-, CX3CR1-",ul,14,1,13,2,"0.0, 180.0",387
"Singlet/WBC/Mono/CD14+/HLADR/CD16-, HLADR+",ul,14,1,13,2,"0.0, 180.0",387
"Singlet/WBC/Mono/CD14+/HLADR/CD16-, HLADR-",ul,14,1,13,2,"0.0, 180.0",387
"Singlet/WBC/Mono/CD14+/HLADR/CD16-, SLAN+",ul,14,1,13,2,"0.0, 180.0",387
"Singlet/WBC/Mono/CD14+/HLADR/CD16-, SLAN-",ul,14,1,13,2,"0.0, 180.0",387
Singlet/WBC/Mono/CD14+/HLADR/CD40+,ul,14,1,13,2,"0.0, 180.0",387
Singlet/WBC/Mono/SLAN+,ul,14,1,13,2,"0.0, 180.0",387
Singlet/WBC/Neutro,ul,14,1,13,2,"0.0, 180.0",387
"Singlet/WBC/Mono/CD14+/HLADR/CD14-, CD16-",ul,14,1,13,2,"0.0, 180.0",387
"Singlet/WBC/Mono/CD14+/HLADR/CD16+, CD11b+",ul,14,1,13,2,"0.0, 180.0",387
"Singlet/WBC/Lymo/Lin1-DR+/BDCA2+, CD11c-/CD86+",ul,14,1,13,2,"0.0, 180.0",387
"Singlet/WBC/Mono/CD14+/HLADR/CD14-, CD16+",ul,14,1,13,2,"0.0, 180.0",387
"Singlet/WBC/Mono/CD14+/HLADR/CD14+, CD16-",ul,14,1,13,2,"0.0, 180.0",387
"Singlet/WBC/Lymo/Lin1-DR+/BDCA2+, CD11c-",ul,14,1,13,2,"0.0, 180.0",387
"Singlet/WBC/Lymo/Lin1-DR+/BDCA2+, CD11c-/CD2+",ul,14,1,13,2,"0.0, 180.0",387
"Singlet/WBC/Lymo/Lin1-DR+/BDCA2+, CD11c-/CD2-",ul,14,1,13,2,"0.0, 180.0",387
"Singlet/WBC/Lymo/Lin1-DR+/BDCA2+, CD11c-/CD86-",ul,14,1,13,2,"0.0, 180.0",387
"Singlet/WBC/Lymo/Lin1-DR+/BDCA2-, CD11c+",ul,14,1,13,2,"0.0, 180.0",387
"Singlet/WBC/Lymo/Lin1-DR+/BDCA2-, CD11c+/BDCA3+, CD1c-",ul,14,1,13,2,"0.0, 180.0",387
"Singlet/WBC/Lymo/Lin1-DR+/BDCA2-, CD11c+/BDCA3+, CD1c-/CD2+",ul,14,1,13,2,"0.0, 180.0",387
"Singlet/WBC/Lymo/Lin1-DR+/BDCA2-, CD11c+/BDCA3+, CD1c-/CD2-",ul,14,1,13,2,"0.0, 180.0",387
"Singlet/WBC/Lymo/Lin1-DR+/BDCA2-, CD11c+/BDCA3+, CD1c-/CD86+",ul,14,1,13,2,"0.0, 180.0",387
"Singlet/WBC/Lymo/Lin1-DR+/BDCA2-, CD11c+/BDCA3+, CD1c-/CD86-",ul,14,1,13,2,"0.0, 180.0",387
"Singlet/WBC/Lymo/Lin1-DR+/BDCA2-, CD11c+/BDCA3-, CD1c+",ul,14,1,13,2,"0.0, 180.0",387
"Singlet/WBC/Lymo/Lin1-DR+/BDCA2-, CD11c+/BDCA3-, CD1c+/CD2+",ul,14,1,13,2,"0.0, 180.0",387
"Singlet/WBC/Lymo/Lin1-DR+/BDCA2-, CD11c+/BDCA3-, CD1c+/CD2-",ul,14,1,13,2,"0.0, 180.0",387
"Singlet/WBC/Lymo/Lin1-DR+/BDCA2-, CD11c+/BDCA3-, CD1c+/CD86+",ul,14,1,13,2,"0.0, 180.0",387
"Singlet/WBC/Lymo/Lin1-DR+/BDCA2-, CD11c+/BDCA3-, CD1c+/CD86-",ul,14,1,13,2,"0.0, 180.0",387
"Singlet/WBC/Lymo/Lin1-DR+/BDCA2-, CD11c+/CD2+",ul,14,1,13,2,"0.0, 180.0",387
"Singlet/WBC/Lymo/Lin1-DR+/BDCA2-, CD11c+/CD2-",ul,14,1,13,2,"0.0, 180.0",387
"Singlet/WBC/Lymo/Lin1-DR+/BDCA2-, CD11c+/CD86+",ul,14,1,13,2,"0.0, 180.0",387
"Singlet/WBC/Lymo/Lin1-DR+/BDCA2-, CD11c+/CD86-",ul,14,1,13,2,"0.0, 180.0",387
Singlet/WBC/Mono/CD14+/HLADR,ul,14,1,13,2,"0.0, 180.0",387
"Singlet/WBC/Mono/CD14+/HLADR/CD14+, CD16+",ul,14,1,13,2,"0.0, 180.0",387
Singlet/WBC/Neutro/CD16-,ul,14,1,13,2,"0.0, 180.0",387
