Vaccine dose,D1pv,D2pv,D3pv,D4pv,D5pv,D6pv,D7pv,D8pv,D9pv,D10pv,D11pv,D12pv,D13pv,D14pv,D15pv,D16pv,D17pv,D18pv,D19pv,D20pv,D21pv,D22pv,D23pv,D24pv,D25pv,D26pv,D27pv,D28pv,D29pv,D30pv,D31pv,D32pv,D33pv,D34pv,D35pv,D38pv,D39pv,D40pv,D41pv,D42pv,D45pv,D46pv,D47pv,D48pv,Target,Group,vector_VAC-H5/NP,vector_VAC-H5,vector_VAC-NP,vector_RAB-H5/NP,inoc_Intramuscular,inoc_Intranasal
0.0,100.48780487804878,100.0,100.48780487804878,100.97560975609755,100.0,99.51219512195121,100.48780487804878,101.09756097560975,101.70731707317074,102.31707317073172,102.92682926829269,102.27642276422765,101.6260162601626,100.97560975609755,101.09756097560975,101.21951219512195,101.34146341463415,101.46341463414635,102.4390243902439,103.41463414634147,102.4390243902439,101.46341463414635,101.95121951219512,101.46341463414635,101.46341463414635,104.39024390243902,103.41463414634147,102.4390243902439,102.92682926829269,103.4959349593496,104.06504065040652,104.63414634146342,105.20325203252033,105.77235772357724,106.34146341463415,106.2439024390244,106.14634146341464,106.04878048780488,105.95121951219512,105.85365853658537,107.07317073170732,108.29268292682927,108.78048780487805,109.26829268292681,0,BALB/c_VAC-H5/NP,1,0,0,0,1,0
0.0,96.75925925925924,96.75925925925924,98.6111111111111,99.53703703703704,99.07407407407406,99.07407407407406,99.53703703703704,99.88425925925927,100.23148148148148,100.5787037037037,100.92592592592592,101.5432098765432,102.1604938271605,102.77777777777777,102.89351851851852,103.00925925925927,103.125,103.24074074074075,103.24074074074075,103.24074074074075,102.77777777777777,101.85185185185183,102.77777777777777,100.92592592592592,101.85185185185183,101.85185185185183,102.77777777777777,104.16666666666666,103.7037037037037,104.08950617283949,104.4753086419753,104.8611111111111,105.2469135802469,105.63271604938271,106.0185185185185,106.1111111111111,106.2037037037037,106.29629629629628,106.38888888888887,106.48148148148147,106.94444444444443,107.40740740740739,108.79629629629629,110.18518518518519,0,BALB/c_VAC-H5/NP,1,0,0,0,1,0
0.0,98.59154929577466,98.12206572769952,98.12206572769952,97.65258215962442,99.53051643192488,102.34741784037557,100.4694835680751,100.70422535211267,100.93896713615023,101.17370892018778,101.40845070422534,100.78247261345852,100.1564945226917,99.53051643192488,99.29577464788733,99.06103286384976,98.82629107981221,98.59154929577466,101.1737089201878,103.75586854460094,101.40845070422534,102.34741784037557,99.06103286384977,99.06103286384977,100.93896713615023,102.34741784037557,102.34741784037557,99.53051643192488,101.40845070422534,101.79968701095461,102.19092331768388,102.58215962441314,102.9733959311424,103.36463223787167,103.75586854460094,104.13145539906104,104.50704225352113,104.88262910798122,105.25821596244131,105.63380281690141,105.63380281690141,105.63380281690141,107.04225352112677,108.45070422535213,0,BALB/c_VAC-H5/NP,1,0,0,0,1,0
100.0,97.05882352941177,95.58823529411765,97.54901960784314,97.54901960784314,95.09803921568627,95.09803921568627,94.6078431372549,95.09803921568627,95.58823529411765,96.07843137254902,96.56862745098039,96.24183006535948,95.91503267973856,95.58823529411765,95.83333333333334,96.07843137254902,96.3235294117647,96.56862745098039,96.32352941176471,96.07843137254903,97.54901960784314,97.54901960784314,95.58823529411765,95.09803921568627,95.58823529411765,96.56862745098039,96.07843137254903,96.56862745098039,98.03921568627452,98.52941176470588,99.01960784313727,99.50980392156865,100.00000000000001,100.49019607843138,100.98039215686276,100.68627450980394,100.39215686274511,100.0980392156863,99.80392156862747,99.50980392156865,100.73529411764707,101.96078431372551,103.43137254901961,104.90196078431373,0,BALB/c_VAC-H5/NP,1,0,0,0,1,0
100.0,100.0,99.52606635071089,100.0,98.5781990521327,99.0521327014218,101.42180094786728,101.42180094786728,102.01421800947867,102.60663507109004,103.19905213270141,103.7914691943128,103.15955766192732,102.52764612954186,101.89573459715639,101.65876777251184,101.4218009478673,101.18483412322274,100.94786729857819,101.18483412322274,101.42180094786728,101.42180094786728,101.89573459715639,101.89573459715639,100.4739336492891,101.89573459715639,103.3175355450237,102.36966824644549,103.3175355450237,104.26540284360189,104.26540284360189,104.26540284360189,104.26540284360189,104.26540284360189,104.26540284360189,104.26540284360189,105.40284360189573,106.54028436018956,107.67772511848341,108.81516587677724,109.95260663507108,108.76777251184834,107.58293838862558,108.76777251184834,109.95260663507108,0,BALB/c_VAC-H5/NP,1,0,0,0,1,0
100.0,97.6303317535545,95.7345971563981,95.7345971563981,94.31279620853078,94.78672985781989,96.6824644549763,97.15639810426539,97.63033175355449,98.1042654028436,98.5781990521327,99.0521327014218,99.0521327014218,99.0521327014218,99.0521327014218,99.88151658767772,100.71090047393363,101.54028436018956,102.36966824644549,103.55450236966824,104.739336492891,102.84360189573458,101.89573459715639,100.94786729857819,100.0,101.42180094786728,101.89573459715639,99.0521327014218,100.94786729857819,102.36966824644549,102.60663507109004,102.8436018957346,103.08056872037915,103.31753554502369,103.55450236966824,103.7914691943128,104.83412322274881,105.87677725118483,106.91943127962085,107.96208530805687,109.00473933649289,107.81990521327015,106.63507109004739,107.81990521327015,109.00473933649289,0,BALB/c_VAC-H5/NP,1,0,0,0,1,0
10000.0,98.53658536585365,98.04878048780489,97.5609756097561,98.04878048780489,99.02439024390245,99.02439024390245,100.97560975609755,100.48780487804878,100.0,99.51219512195122,99.02439024390245,98.86178861788618,98.69918699186992,98.53658536585365,98.65853658536585,98.78048780487805,98.90243902439025,99.02439024390245,99.7560975609756,100.48780487804878,100.0,100.0,99.02439024390245,99.02439024390245,101.46341463414635,102.92682926829269,104.8780487804878,104.39024390243902,101.95121951219512,102.27642276422765,102.60162601626017,102.92682926829268,103.2520325203252,103.57723577235772,103.90243902439025,105.46341463414635,107.02439024390243,108.58536585365853,110.14634146341461,111.70731707317071,110.0,108.29268292682927,107.8048780487805,107.31707317073172,0,BALB/c_VAC-H5/NP,1,0,0,0,1,0
10000.0,99.50980392156865,100.0,100.0,100.0,98.5294117647059,99.50980392156865,99.01960784313727,98.89705882352942,98.77450980392157,98.65196078431374,98.5294117647059,99.67320261437911,100.8169934640523,101.96078431372551,102.08333333333334,102.20588235294119,102.32843137254902,102.45098039215685,103.67647058823529,104.90196078431373,104.90196078431373,105.3921568627451,102.45098039215685,101.47058823529412,101.47058823529412,101.96078431372551,102.45098039215685,100.49019607843137,100.49019607843137,102.04248366013071,103.59477124183006,105.14705882352942,106.69934640522877,108.25163398692811,109.80392156862746,108.82352941176471,107.84313725490196,106.86274509803923,105.88235294117648,104.90196078431373,107.3529411764706,109.80392156862746,110.04901960784315,110.29411764705883,0,BALB/c_VAC-H5/NP,1,0,0,0,1,0
10000.0,97.05882352941177,95.09803921568627,96.07843137254903,98.03921568627452,98.5294117647059,97.54901960784314,98.5294117647059,98.40686274509805,98.28431372549021,98.16176470588236,98.03921568627452,99.34640522875819,100.65359477124184,101.96078431372551,101.83823529411767,101.7156862745098,101.59313725490196,101.47058823529412,101.22549019607844,100.98039215686276,100.0,100.98039215686276,100.98039215686276,100.98039215686276,100.98039215686276,100.98039215686276,101.96078431372551,102.45098039215685,101.47058823529412,101.87908496732027,102.2875816993464,102.69607843137256,103.1045751633987,103.51307189542484,103.921568627451,104.31372549019609,104.70588235294119,105.0980392156863,105.4901960784314,105.88235294117649,106.86274509803923,107.84313725490198,108.57843137254903,109.31372549019609,1,BALB/c_VAC-H5/NP,1,0,0,0,1,0
1000000.0,99.52153110047848,98.56459330143542,99.52153110047848,98.08612440191389,100.95693779904306,99.52153110047848,100.47846889952154,100.00000000000001,99.52153110047848,99.04306220095695,98.56459330143542,99.04306220095695,99.52153110047847,100.0,100.23923444976077,100.47846889952153,100.71770334928229,100.95693779904306,100.7177033492823,100.47846889952154,97.60765550239235,100.95693779904306,100.47846889952154,100.0,100.95693779904306,100.0,100.47846889952154,101.43540669856459,102.8708133971292,103.18979266347688,103.50877192982458,103.82775119617226,104.14673046251994,104.46570972886764,104.78468899521532,105.55023923444976,106.31578947368422,107.08133971291866,107.84688995215312,108.61244019138756,107.41626794258374,106.22009569377991,106.93779904306221,107.65550239234452,1,BALB/c_VAC-H5/NP,1,0,0,0,1,0
1000000.0,99.0909090909091,98.63636363636363,100.0,98.63636363636363,100.0,101.36363636363637,102.72727272727273,102.61363636363637,102.5,102.38636363636363,102.27272727272727,102.72727272727272,103.18181818181819,103.63636363636364,102.95454545454545,102.27272727272728,101.5909090909091,100.9090909090909,101.13636363636364,101.36363636363637,100.9090909090909,103.18181818181817,100.45454545454547,99.0909090909091,101.81818181818181,102.72727272727273,102.27272727272727,101.36363636363637,102.72727272727273,102.72727272727273,102.72727272727273,102.72727272727273,102.72727272727273,102.72727272727273,102.72727272727273,103.36363636363637,104.0,104.63636363636364,105.27272727272727,105.9090909090909,106.81818181818181,107.72727272727272,110.0,112.27272727272728,1,BALB/c_VAC-H5/NP,1,0,0,0,1,0
1000000.0,99.52606635071089,97.15639810426539,98.1042654028436,98.5781990521327,100.0,98.5781990521327,99.0521327014218,99.40758293838863,99.76303317535545,100.11848341232226,100.4739336492891,100.31595576619273,100.15797788309636,100.0,100.82938388625593,101.65876777251185,102.48815165876778,103.3175355450237,102.60663507109004,101.89573459715639,100.94786729857819,102.84360189573458,102.36966824644549,100.4739336492891,100.4739336492891,100.94786729857819,101.89573459715639,102.36966824644549,104.26540284360189,104.10742496050553,103.94944707740916,103.7914691943128,103.63349131121643,103.47551342812007,103.3175355450237,104.17061611374407,105.02369668246445,105.87677725118483,106.7298578199052,107.58293838862558,106.39810426540284,105.2132701421801,105.45023696682463,105.68720379146919,1,BALB/c_VAC-H5/NP,1,0,0,0,1,0
100000.0,101.18343195266273,100.0,101.77514792899409,99.40828402366864,98.81656804733728,102.36686390532546,100.59171597633136,105.32544378698225,103.55029585798819,102.36686390532546,102.9585798816568,102.9585798816568,103.40236686390533,103.84615384615384,104.28994082840237,104.73372781065089,104.73372781065089,104.73372781065089,105.12820512820514,105.52268244575937,105.91715976331362,104.73372781065089,106.50887573964498,108.28402366863908,108.87573964497041,110.05917159763314,110.65088757396451,110.65088757396451,110.65088757396451,110.65088757396451,110.65088757396451,110.65088757396451,112.18934911242604,113.72781065088758,115.26627218934912,116.80473372781066,118.34319526627219,118.57988165680473,118.81656804733728,119.05325443786982,119.28994082840238,119.52662721893492,119.52662721893492,119.52662721893492,0,BALB/c_VAC-H5/NP,1,0,0,0,1,0
100000.0,98.17073170731709,96.95121951219512,96.34146341463415,95.73170731707317,95.1219512195122,96.95121951219512,96.34146341463415,96.34146341463415,96.34146341463415,97.56097560975611,98.78048780487805,97.56097560975611,98.32317073170734,99.08536585365854,99.84756097560975,100.60975609756098,101.21951219512198,100.0,100.8130081300813,101.6260162601626,102.4390243902439,104.26829268292686,104.26829268292686,105.48780487804879,104.26829268292686,105.48780487804879,106.70731707317074,106.09756097560977,106.5548780487805,107.01219512195124,107.46951219512196,107.92682926829269,109.26829268292684,110.60975609756099,111.95121951219514,113.29268292682929,114.63414634146343,115.24390243902441,115.85365853658539,116.46341463414636,117.07317073170734,117.68292682926831,117.68292682926831,117.68292682926831,0,BALB/c_VAC-H5/NP,1,0,0,0,1,0
100000.0,96.91358024691358,93.20987654320987,95.06172839506173,95.06172839506173,95.06172839506173,98.14814814814815,98.76543209876544,103.08641975308642,102.46913580246914,100.0,102.46913580246914,103.70370370370372,104.16666666666669,104.62962962962965,105.0925925925926,105.55555555555556,106.17283950617285,109.25925925925925,109.87654320987654,110.49382716049382,111.11111111111111,108.64197530864199,111.11111111111111,112.34567901234568,111.7283950617284,113.58024691358024,112.34567901234568,114.19753086419753,114.35185185185186,114.50617283950618,114.66049382716051,114.81481481481484,115.67901234567904,116.54320987654323,117.40740740740743,118.27160493827162,119.13580246913583,119.25925925925928,119.38271604938274,119.50617283950618,119.62962962962963,119.75308641975309,119.75308641975309,119.75308641975309,0,BALB/c_VAC-H5/NP,1,0,0,0,1,0
100000.0,97.89473684210527,98.42105263157895,99.4736842105263,97.89473684210527,96.84210526315789,101.05263157894737,100.52631578947368,102.10526315789473,100.0,100.52631578947368,101.05263157894737,102.10526315789473,102.36842105263158,102.63157894736841,102.89473684210526,103.15789473684211,104.73684210526315,106.3157894736842,106.14035087719299,105.96491228070177,105.78947368421055,105.78947368421055,108.42105263157895,107.36842105263158,106.84210526315789,109.99999999999999,109.99999999999999,112.10526315789473,112.23684210526315,112.36842105263156,112.49999999999999,112.63157894736841,112.3157894736842,112.0,111.6842105263158,111.36842105263159,111.05263157894738,111.47368421052633,111.89473684210527,112.3157894736842,112.73684210526315,113.1578947368421,113.1578947368421,113.1578947368421,0,BALB/c_VAC-H5/NP,1,0,0,0,1,0
100000.0,98.33333333333333,95.55555555555554,96.11111111111111,97.22222222222221,96.66666666666666,99.44444444444443,100.0,98.88888888888889,97.22222222222221,98.33333333333333,99.44444444444443,100.0,100.13888888888889,100.27777777777777,100.41666666666667,100.55555555555556,102.77777777777777,102.22222222222221,102.96296296296296,103.70370370370371,104.44444444444446,102.77777777777777,104.99999999999999,106.66666666666667,104.99999999999999,106.66666666666667,106.66666666666667,109.44444444444443,108.88888888888887,108.33333333333331,107.77777777777777,107.22222222222221,107.33333333333333,107.44444444444444,107.55555555555554,107.66666666666666,107.77777777777777,108.66666666666666,109.55555555555556,110.44444444444444,111.33333333333334,112.22222222222223,112.22222222222223,112.22222222222223,1,BALB/c_VAC-H5/NP,1,0,0,0,1,0
1000000.0,99.45054945054946,97.80219780219781,96.70329670329672,96.70329670329672,97.80219780219781,100.54945054945054,101.64835164835165,97.80219780219781,100.0,100.0,100.54945054945054,100.0,100.96153846153845,101.92307692307692,102.88461538461539,103.84615384615384,104.94505494505495,104.94505494505495,104.57875457875458,104.2124542124542,103.84615384615384,103.84615384615384,104.39560439560441,104.39560439560441,104.39560439560441,106.04395604395604,105.4945054945055,105.4945054945055,106.18131868131869,106.86813186813187,107.55494505494505,108.24175824175823,108.24175824175823,108.24175824175823,108.24175824175823,108.24175824175823,108.24175824175823,108.79120879120879,109.34065934065934,109.89010989010988,110.43956043956044,110.98901098901099,110.98901098901099,110.98901098901099,0,BALB/c_VAC-H5/NP,1,0,0,0,1,0
1000000.0,97.14285714285714,98.85714285714286,100.0,98.85714285714286,100.57142857142858,104.0,102.85714285714285,102.28571428571426,101.14285714285714,100.57142857142858,100.57142857142858,101.14285714285714,101.14285714285714,101.14285714285714,101.14285714285714,101.14285714285714,103.42857142857144,102.85714285714285,103.42857142857143,104.0,104.57142857142858,104.0,104.57142857142858,105.71428571428572,105.14285714285714,107.42857142857143,108.57142857142857,109.71428571428572,110.14285714285715,110.57142857142858,111.0,111.42857142857143,111.77142857142857,112.11428571428571,112.45714285714286,112.8,113.14285714285714,114.05714285714285,114.97142857142858,115.88571428571429,116.80000000000001,117.71428571428572,117.71428571428572,117.71428571428572,0,BALB/c_VAC-H5/NP,1,0,0,0,1,0
1000000.0,97.0059880239521,98.20359281437125,99.40119760479044,100.5988023952096,99.40119760479044,102.9940119760479,104.79041916167667,104.19161676646706,105.38922155688624,103.59281437125749,103.59281437125749,103.59281437125749,104.19161676646706,104.79041916167665,105.38922155688624,105.98802395209582,104.19161676646706,107.18562874251496,107.98403193612775,108.78243512974052,109.5808383233533,108.38323353293416,107.78443113772455,107.78443113772455,108.9820359281437,112.57485029940119,108.38323353293416,110.17964071856288,111.07784431137725,111.97604790419163,112.874251497006,113.77245508982037,114.25149700598803,114.7305389221557,115.20958083832336,115.68862275449104,116.1676646706587,116.52694610778444,116.88622754491018,117.24550898203594,117.60479041916169,117.96407185628743,117.96407185628743,117.96407185628743,1,BALB/c_VAC-H5/NP,1,0,0,0,1,0
1000000.0,96.79144385026738,96.25668449197862,97.32620320855615,98.39572192513369,97.32620320855615,98.39572192513369,100.53475935828877,100.53475935828877,101.60427807486631,101.06951871657755,100.53475935828877,101.60427807486631,102.80748663101605,104.01069518716578,105.21390374331551,106.41711229946524,105.88235294117648,105.3475935828877,107.1301247771836,108.9126559714795,110.6951871657754,110.16042780748666,110.16042780748666,109.62566844919786,109.62566844919786,110.6951871657754,112.29946524064172,110.16042780748666,110.16042780748666,110.16042780748666,110.16042780748666,110.16042780748666,110.37433155080215,110.58823529411767,110.80213903743316,111.01604278074868,111.22994652406418,111.8716577540107,112.51336898395722,113.15508021390373,113.79679144385025,114.43850267379678,114.43850267379678,114.43850267379678,1,BALB/c_VAC-H5/NP,1,0,0,0,1,0
1000000.0,99.45054945054946,101.0989010989011,100.0,100.54945054945054,99.45054945054946,102.74725274725273,104.94505494505495,102.19780219780222,100.54945054945054,101.0989010989011,103.84615384615384,102.19780219780222,103.02197802197804,103.84615384615387,104.67032967032968,105.4945054945055,106.04395604395604,106.04395604395604,106.22710622710623,106.41025641025641,106.5934065934066,107.14285714285714,107.69230769230771,107.69230769230771,108.24175824175823,110.98901098901099,109.34065934065933,110.98901098901099,111.4010989010989,111.81318681318682,112.22527472527473,112.63736263736264,112.96703296703298,113.29670329670331,113.62637362637363,113.95604395604397,114.2857142857143,114.83516483516485,115.3846153846154,115.93406593406594,116.4835164835165,117.03296703296704,117.03296703296704,117.03296703296704,1,BALB/c_VAC-H5/NP,1,0,0,0,1,0
10000000.0,100.5988023952096,99.40119760479044,100.5988023952096,98.80239520958084,98.80239520958084,100.0,100.0,100.5988023952096,100.5988023952096,100.0,100.5988023952096,100.5988023952096,101.64670658682637,102.69461077844313,103.7425149700599,104.79041916167667,104.79041916167667,105.38922155688624,106.98602794411178,108.58283433133734,110.17964071856288,112.57485029940119,110.17964071856288,109.5808383233533,108.9820359281437,112.57485029940119,113.17365269461077,111.97604790419162,112.42514970059881,112.87425149700599,113.32335329341318,113.77245508982037,113.89221556886228,114.0119760479042,114.13173652694613,114.25149700598804,114.37125748502996,115.4491017964072,116.52694610778445,117.60479041916169,118.68263473053894,119.76047904191618,119.76047904191618,119.76047904191618,0,BALB/c_VAC-H5/NP,1,0,0,0,1,0
10000000.0,99.38650306748465,98.15950920245399,99.38650306748465,96.93251533742331,98.15950920245399,98.15950920245399,100.0,98.77300613496934,98.77300613496934,97.54601226993866,97.54601226993866,98.15950920245399,98.00613496932516,97.85276073619633,97.69938650306749,97.54601226993866,98.15950920245399,97.54601226993866,98.97750511247445,100.40899795501024,101.84049079754602,104.29447852760735,103.06748466257669,103.06748466257669,103.06748466257669,104.9079754601227,103.680981595092,101.84049079754602,102.60736196319019,103.37423312883436,104.14110429447854,104.9079754601227,106.13496932515338,107.36196319018406,108.58895705521472,109.8159509202454,111.04294478527608,112.63803680981594,114.23312883435582,115.82822085889569,117.42331288343557,119.01840490797544,119.01840490797544,119.01840490797544,0,BALB/c_VAC-H5/NP,1,0,0,0,1,0
10000000.0,101.14285714285714,100.57142857142858,100.57142857142858,99.42857142857142,102.85714285714285,101.71428571428571,105.14285714285714,104.57142857142858,101.71428571428571,102.85714285714285,105.14285714285714,106.28571428571429,106.71428571428572,107.14285714285714,107.57142857142856,107.99999999999999,109.71428571428572,106.85714285714285,108.95238095238095,111.04761904761904,113.14285714285714,113.7142857142857,110.85714285714286,113.14285714285714,111.42857142857143,114.85714285714286,113.7142857142857,114.85714285714286,115.14285714285715,115.42857142857144,115.71428571428572,116.00000000000001,116.45714285714287,116.91428571428573,117.37142857142857,117.82857142857142,118.28571428571428,118.5142857142857,118.74285714285713,118.97142857142856,119.19999999999999,119.42857142857142,119.42857142857142,119.42857142857142,0,BALB/c_VAC-H5/NP,1,0,0,0,1,0
10000000.0,100.6024096385542,101.80722891566263,101.80722891566263,101.20481927710843,101.80722891566263,101.20481927710843,103.01204819277108,103.01204819277108,103.01204819277108,101.80722891566263,103.01204819277108,104.2168674698795,104.51807228915662,104.81927710843374,105.12048192771084,105.42168674698796,105.42168674698796,104.2168674698795,105.62248995983934,107.0281124497992,108.43373493975903,110.24096385542168,111.44578313253011,110.84337349397589,111.44578313253011,112.65060240963854,114.45783132530119,110.84337349397589,111.89759036144578,112.95180722891567,114.00602409638554,115.06024096385543,115.06024096385543,115.06024096385543,115.06024096385543,115.06024096385543,115.06024096385543,116.14457831325302,117.2289156626506,118.3132530120482,119.39759036144578,120.48192771084337,120.48192771084337,120.48192771084337,1,BALB/c_VAC-H5/NP,1,0,0,0,1,0
10000000.0,99.43181818181817,100.56818181818181,97.72727272727272,101.13636363636363,103.40909090909089,106.24999999999997,105.68181818181819,103.97727272727273,102.84090909090908,105.68181818181819,106.81818181818181,105.68181818181819,105.9659090909091,106.25,106.5340909090909,106.81818181818181,109.09090909090908,110.2272727272727,111.36363636363635,112.49999999999999,113.63636363636363,117.61363636363636,115.34090909090908,114.77272727272725,112.5,114.77272727272725,111.36363636363636,111.36363636363636,111.93181818181817,112.5,113.06818181818181,113.63636363636363,113.86363636363635,114.09090909090908,114.3181818181818,114.54545454545453,114.77272727272725,115.90909090909089,117.04545454545453,118.18181818181816,119.3181818181818,120.45454545454544,120.45454545454544,120.45454545454544,1,BALB/c_VAC-H5/NP,1,0,0,0,1,0
0.0,97.92746113989637,96.89119170984455,96.89119170984455,94.81865284974094,95.33678756476684,96.89119170984455,97.92746113989637,97.92746113989637,97.92746113989637,97.92746113989637,97.92746113989637,97.75474956822107,97.58203799654576,97.40932642487047,97.7979274611399,98.18652849740934,98.57512953367876,98.9637305699482,99.74093264248704,100.51813471502588,98.9637305699482,98.9637305699482,98.9637305699482,97.92746113989637,97.40932642487047,97.92746113989637,98.9637305699482,97.92746113989637,97.92746113989637,98.18652849740931,98.44559585492227,98.70466321243524,98.96373056994818,99.22279792746113,99.48186528497409,99.79274611398964,100.10362694300518,100.41450777202073,100.72538860103627,101.03626943005182,101.81347150259069,102.59067357512954,103.10880829015544,103.62694300518133,1,BALB/c_VAC-H5/NP,1,0,0,0,0,1
0.0,99.04306220095694,99.52153110047848,100.0,99.04306220095694,100.0,100.0,99.04306220095694,99.28229665071771,99.52153110047847,99.76076555023923,100.0,100.63795853269538,101.27591706539076,101.91387559808614,101.79425837320575,101.67464114832536,101.55502392344498,101.43540669856459,101.91387559808612,102.39234449760765,103.34928229665073,103.34928229665073,100.47846889952154,99.52153110047848,102.39234449760765,103.34928229665073,103.82775119617224,104.78468899521532,104.78468899521532,104.94417862838917,105.103668261563,105.26315789473685,105.4226475279107,105.58213716108453,105.74162679425838,106.41148325358853,107.08133971291868,107.75119617224881,108.42105263157896,109.09090909090911,109.09090909090911,109.09090909090911,109.80861244019141,110.5263157894737,0,BALB/c_VAC-H5/NP,1,0,0,0,0,1
0.0,97.30941704035874,98.20627802690582,97.75784753363229,96.8609865470852,98.20627802690582,96.8609865470852,95.96412556053811,96.63677130044843,97.30941704035874,97.98206278026905,98.65470852017937,98.50523168908819,98.355754857997,98.20627802690582,98.3183856502242,98.4304932735426,98.54260089686099,98.65470852017937,99.1031390134529,99.55156950672645,99.10313901345292,99.55156950672645,98.65470852017937,97.30941704035874,97.75784753363229,99.10313901345292,100.44843049327355,99.55156950672645,98.65470852017937,99.40209267563527,100.14947683109118,100.89686098654708,101.64424514200297,102.39162929745888,103.13901345291478,103.40807174887891,103.67713004484304,103.94618834080715,104.21524663677128,104.48430493273541,104.03587443946188,103.58744394618836,103.81165919282512,104.03587443946188,1,BALB/c_VAC-H5/NP,1,0,0,0,0,1
100.0,99.04306220095694,99.04306220095694,98.56459330143542,94.73684210526316,97.60765550239235,97.60765550239235,97.60765550239235,97.72727272727273,97.84688995215312,97.9665071770335,98.08612440191389,98.08612440191389,98.08612440191389,98.08612440191389,98.32535885167465,98.56459330143542,98.80382775119618,99.04306220095694,99.76076555023924,100.47846889952154,100.0,100.0,99.52153110047848,99.04306220095694,102.8708133971292,101.43540669856459,100.0,100.47846889952154,99.52153110047848,99.60127591706541,99.68102073365232,99.76076555023924,99.84051036682617,99.92025518341308,100.0,100.57416267942584,101.14832535885168,101.72248803827752,102.29665071770336,102.8708133971292,103.34928229665073,103.82775119617224,103.82775119617224,103.82775119617224,0,BALB/c_VAC-H5/NP,1,0,0,0,0,1
100.0,98.20627802690582,97.75784753363229,100.89686098654708,98.20627802690582,98.65470852017937,100.0,100.0,100.22421524663677,100.44843049327355,100.67264573991031,100.89686098654708,101.34529147982063,101.79372197309416,102.24215246636771,102.24215246636771,102.24215246636771,102.24215246636771,102.24215246636771,103.36322869955157,104.48430493273541,104.48430493273541,102.24215246636771,101.79372197309415,98.65470852017937,99.55156950672645,100.44843049327355,101.34529147982063,100.89686098654708,99.55156950672645,99.85052316890881,100.14947683109118,100.44843049327355,100.7473841554559,101.04633781763826,101.34529147982063,102.0627802690583,102.78026905829596,103.49775784753363,104.2152466367713,104.93273542600896,105.15695067264573,105.38116591928251,106.05381165919283,106.72645739910314,0,BALB/c_VAC-H5/NP,1,0,0,0,0,1
100.0,97.77777777777777,97.77777777777777,98.22222222222223,99.11111111111111,100.0,100.0,100.0,99.88888888888889,99.77777777777777,99.66666666666667,99.55555555555556,100.0,100.44444444444446,100.8888888888889,101.11111111111111,101.33333333333334,101.55555555555556,101.77777777777777,103.55555555555554,105.33333333333333,106.66666666666667,107.55555555555556,107.11111111111111,104.44444444444446,103.55555555555556,104.0,104.44444444444446,105.77777777777777,105.77777777777777,105.48148148148148,105.18518518518518,104.88888888888889,104.5925925925926,104.29629629629629,104.0,104.62222222222222,105.24444444444444,105.86666666666667,106.4888888888889,107.11111111111111,107.11111111111111,107.11111111111111,107.11111111111111,107.11111111111111,1,BALB/c_VAC-H5/NP,1,0,0,0,0,1
10000.0,97.23502304147466,96.7741935483871,95.85253456221199,95.85253456221199,96.31336405529953,98.61751152073732,95.39170506912443,95.85253456221199,96.31336405529954,96.7741935483871,97.23502304147466,97.08141321044548,96.92780337941629,96.7741935483871,97.00460829493088,97.23502304147465,97.46543778801843,97.6958525345622,98.38709677419354,99.07834101382488,98.61751152073732,99.07834101382488,99.07834101382488,98.15668202764978,97.23502304147466,99.07834101382488,96.7741935483871,98.15668202764978,99.53917050691246,100.30721966205839,101.07526881720432,101.84331797235025,102.61136712749617,103.3794162826421,104.14746543778803,103.963133640553,103.77880184331798,103.59447004608295,103.41013824884793,103.2258064516129,103.45622119815668,103.68663594470047,105.29953917050692,106.91244239631337,0,BALB/c_VAC-H5/NP,1,0,0,0,0,1
10000.0,98.56459330143542,97.60765550239235,99.52153110047848,98.56459330143542,98.08612440191389,99.04306220095694,98.56459330143542,98.56459330143542,98.56459330143542,98.56459330143542,98.56459330143542,99.68102073365233,100.79744816586923,101.91387559808614,102.99043062200958,104.06698564593302,105.14354066985646,106.22009569377991,107.65550239234452,109.09090909090911,106.69856459330146,108.13397129186603,106.69856459330146,104.30622009569379,106.22009569377991,107.65550239234452,107.17703349282297,107.17703349282297,108.61244019138756,108.85167464114832,109.0909090909091,109.33014354066987,109.56937799043062,109.80861244019138,110.04784688995215,110.33492822966508,110.622009569378,110.90909090909092,111.19617224880383,111.48325358851676,111.72248803827753,111.96172248803829,111.72248803827753,111.48325358851676,1,BALB/c_VAC-H5/NP,1,0,0,0,0,1
10000.0,98.54368932038835,96.60194174757281,97.08737864077669,96.11650485436894,97.57281553398059,98.54368932038835,96.11650485436894,96.35922330097088,96.60194174757282,96.84466019417475,97.08737864077669,97.7346278317152,98.38187702265371,99.02912621359222,99.15048543689319,99.27184466019416,99.39320388349513,99.5145631067961,99.75728155339806,100.0,99.02912621359222,98.05825242718446,99.02912621359222,99.02912621359222,99.5145631067961,99.5145631067961,98.54368932038835,100.0,100.48543689320388,100.64724919093851,100.80906148867314,100.97087378640776,101.13268608414238,101.294498381877,101.45631067961163,102.62135922330096,103.78640776699028,104.9514563106796,106.11650485436893,107.28155339805825,104.61165048543688,101.94174757281553,102.66990291262135,103.39805825242718,1,BALB/c_VAC-H5/NP,1,0,0,0,0,1
1000000.0,98.5294117647059,99.01960784313727,98.5294117647059,98.5294117647059,99.50980392156865,100.0,100.98039215686276,101.22549019607845,101.47058823529414,101.71568627450982,101.96078431372551,100.98039215686276,100.00000000000001,99.01960784313727,99.14215686274511,99.26470588235296,99.3872549019608,99.50980392156865,100.2450980392157,100.98039215686276,100.49019607843137,96.07843137254903,99.01960784313727,100.0,99.01960784313727,100.0,102.45098039215685,102.94117647058825,101.96078431372551,102.20588235294119,102.45098039215688,102.69607843137257,102.94117647058825,103.18627450980392,103.43137254901961,103.921568627451,104.41176470588236,104.90196078431374,105.39215686274511,105.88235294117649,105.6372549019608,105.3921568627451,106.61764705882354,107.84313725490198,0,BALB/c_VAC-H5/NP,1,0,0,0,0,1
1000000.0,93.95348837209302,95.34883720930233,99.06976744186046,99.53488372093022,100.0,100.46511627906978,100.46511627906978,100.34883720930233,100.23255813953489,100.11627906976744,100.0,99.22480620155038,98.44961240310077,97.67441860465115,98.02325581395348,98.37209302325581,98.72093023255813,99.06976744186046,100.23255813953489,101.39534883720931,100.46511627906978,94.88372093023256,96.27906976744185,97.67441860465115,100.46511627906978,101.39534883720931,100.93023255813954,99.53488372093022,99.06976744186046,99.30232558139535,99.53488372093024,99.76744186046513,100.0,100.23255813953489,100.46511627906978,101.11627906976744,101.76744186046513,102.4186046511628,103.06976744186048,103.72093023255815,104.18604651162792,104.65116279069768,105.34883720930233,106.04651162790697,0,BALB/c_VAC-H5/NP,1,0,0,0,0,1
1000000.0,96.3302752293578,96.3302752293578,98.16513761467888,98.62385321100918,99.54128440366972,99.08256880733946,98.16513761467888,98.39449541284402,98.62385321100916,98.85321100917432,99.08256880733946,99.38837920489297,99.69418960244649,100.0,101.03211009174312,102.06422018348624,103.09633027522935,104.12844036697247,102.29357798165137,100.45871559633026,97.70642201834863,94.03669724770643,97.24770642201834,99.08256880733946,98.62385321100918,99.54128440366972,100.45871559633026,100.91743119266054,102.29357798165137,103.36391437308868,104.43425076452598,105.5045871559633,106.57492354740062,107.64525993883792,108.71559633027523,108.9908256880734,109.26605504587157,109.54128440366972,109.81651376146789,110.09174311926606,111.92660550458716,113.76146788990826,111.69724770642202,109.63302752293578,0,BALB/c_VAC-H5/NP,1,0,0,0,0,1
100000.0,98.20359281437125,97.60479041916167,98.80239520958084,98.20359281437125,100.0,101.19760479041915,102.39520958083834,102.39520958083834,101.79640718562875,102.39520958083834,102.39520958083834,103.59281437125749,104.19161676646706,104.79041916167665,105.38922155688624,105.98802395209582,105.98802395209582,107.18562874251496,107.78443113772454,108.38323353293413,108.9820359281437,108.9820359281437,113.17365269461077,110.77844311377245,108.38323353293416,110.77844311377245,111.97604790419162,108.9820359281437,109.1317365269461,109.28143712574851,109.43113772455091,109.5808383233533,109.94011976047905,110.2994011976048,110.65868263473055,111.0179640718563,111.37724550898204,112.09580838323353,112.81437125748504,113.53293413173652,114.25149700598803,114.97005988023952,114.97005988023952,114.97005988023952,0,BALB/c_VAC-H5/NP,1,0,0,0,0,1
100000.0,97.57575757575758,97.57575757575758,97.57575757575758,96.96969696969697,98.18181818181819,97.57575757575758,98.7878787878788,98.18181818181819,100.60606060606061,98.18181818181819,100.0,101.81818181818183,101.66666666666667,101.51515151515152,101.36363636363636,101.2121212121212,100.60606060606061,100.60606060606061,101.01010101010101,101.41414141414143,101.81818181818183,103.03030303030303,103.03030303030303,103.63636363636364,104.24242424242425,105.45454545454544,106.06060606060606,105.45454545454544,106.06060606060605,106.66666666666666,107.27272727272728,107.87878787878789,109.0909090909091,110.30303030303031,111.51515151515152,112.72727272727273,113.93939393939394,114.06060606060606,114.18181818181817,114.3030303030303,114.42424242424241,114.54545454545453,114.54545454545453,114.54545454545453,0,BALB/c_VAC-H5/NP,1,0,0,0,0,1
100000.0,95.50561797752809,94.94382022471909,96.62921348314606,97.19101123595506,97.75280898876403,97.19101123595506,97.75280898876403,100.0,97.75280898876403,98.87640449438203,100.0,101.68539325842696,102.1067415730337,102.52808988764043,102.94943820224717,103.37078651685391,103.93258426966293,105.0561797752809,105.2434456928839,105.43071161048688,105.61797752808988,103.37078651685391,103.93258426966293,106.17977528089885,106.17977528089885,105.0561797752809,107.86516853932584,106.74157303370787,107.02247191011236,107.30337078651685,107.58426966292134,107.86516853932584,108.53932584269663,109.21348314606742,109.8876404494382,110.56179775280899,111.23595505617978,111.79775280898876,112.35955056179775,112.92134831460675,113.48314606741573,114.04494382022472,114.04494382022472,114.04494382022472,0,BALB/c_VAC-H5/NP,1,0,0,0,0,1
100000.0,98.34254143646407,98.89502762430938,99.44751381215468,99.44751381215468,100.55248618784529,100.0,98.34254143646407,101.10497237569061,99.44751381215468,100.55248618784529,99.44751381215468,99.44751381215468,99.86187845303866,100.27624309392264,100.69060773480663,101.10497237569061,102.76243093922652,101.10497237569061,101.65745856353591,102.20994475138122,102.76243093922652,103.31491712707181,102.20994475138122,104.97237569060773,103.31491712707181,104.97237569060773,104.97237569060773,106.07734806629834,106.07734806629834,106.07734806629834,106.07734806629834,106.07734806629834,106.96132596685082,107.8453038674033,108.7292817679558,109.61325966850828,110.49723756906076,110.49723756906076,110.49723756906076,110.49723756906076,110.49723756906076,110.49723756906076,110.49723756906076,110.49723756906076,0,BALB/c_VAC-H5/NP,1,0,0,0,0,1
100000.0,99.43181818181817,98.29545454545455,98.86363636363635,98.29545454545455,100.56818181818181,99.43181818181817,98.86363636363635,102.27272727272727,102.84090909090908,102.27272727272727,102.84090909090908,102.84090909090908,103.26704545454544,103.6931818181818,104.11931818181816,104.54545454545452,104.54545454545452,105.68181818181819,106.81818181818181,107.95454545454545,109.09090909090908,106.24999999999997,106.24999999999997,107.38636363636363,107.95454545454544,111.93181818181816,108.52272727272727,107.95454545454544,108.80681818181817,109.6590909090909,110.51136363636363,111.36363636363636,112.04545454545453,112.72727272727272,113.40909090909089,114.09090909090908,114.77272727272725,115.2272727272727,115.68181818181817,116.13636363636363,116.5909090909091,117.04545454545455,117.04545454545455,117.04545454545455,0,BALB/c_VAC-H5/NP,1,0,0,0,0,1
1000000.0,98.91304347826087,100.0,100.54347826086958,101.08695652173914,102.17391304347827,103.80434782608697,103.80434782608697,102.17391304347827,104.8913043478261,104.8913043478261,103.80434782608697,104.34782608695652,104.8913043478261,105.43478260869566,105.97826086956522,106.5217391304348,105.43478260869566,107.06521739130434,108.15217391304348,109.23913043478261,110.32608695652175,108.15217391304348,109.78260869565217,108.69565217391306,107.06521739130434,109.23913043478262,107.06521739130434,107.60869565217392,107.74456521739131,107.8804347826087,108.0163043478261,108.15217391304348,109.23913043478261,110.32608695652175,111.41304347826087,112.50000000000001,113.58695652173914,114.0217391304348,114.45652173913045,114.8913043478261,115.32608695652175,115.7608695652174,115.7608695652174,115.7608695652174,1,BALB/c_VAC-H5/NP,1,0,0,0,0,1
1000000.0,98.24561403508771,97.07602339181287,97.07602339181287,98.83040935672514,101.16959064327484,100.0,99.41520467836257,100.58479532163742,103.50877192982455,104.09356725146199,105.84795321637426,102.3391812865497,103.3625730994152,104.38596491228068,105.40935672514618,106.43274853801168,106.43274853801168,108.77192982456141,109.74658869395712,110.72124756335283,111.69590643274854,108.77192982456141,112.28070175438596,111.69590643274854,110.52631578947367,112.86549707602337,112.86549707602337,112.86549707602337,113.30409356725144,113.74269005847952,114.1812865497076,114.61988304093566,115.906432748538,117.19298245614033,118.47953216374268,119.76608187134501,121.05263157894734,120.70175438596489,120.35087719298242,119.99999999999997,119.6491228070175,119.29824561403505,119.29824561403505,119.29824561403505,1,BALB/c_VAC-H5/NP,1,0,0,0,0,1
1000000.0,97.75280898876403,100.0,99.438202247191,101.12359550561798,101.68539325842696,101.68539325842696,102.24719101123594,101.68539325842696,103.93258426966293,104.49438202247192,105.0561797752809,103.37078651685391,104.35393258426964,105.33707865168539,106.32022471910113,107.30337078651687,107.30337078651687,106.17977528089885,107.11610486891384,108.05243445692881,108.98876404494379,107.30337078651687,107.86516853932584,106.74157303370787,106.74157303370787,108.42696629213484,108.98876404494379,108.42696629213484,108.56741573033707,108.70786516853931,108.84831460674155,108.98876404494379,110.44943820224717,111.91011235955054,113.37078651685391,114.83146067415728,116.29213483146066,115.73033707865167,115.16853932584269,114.60674157303369,114.0449438202247,113.48314606741572,113.48314606741572,113.48314606741572,1,BALB/c_VAC-H5/NP,1,0,0,0,0,1
1000000.0,100.0,100.0,100.53763440860214,100.0,101.0752688172043,102.68817204301075,103.2258064516129,102.68817204301075,102.15053763440861,102.15053763440861,103.76344086021506,104.30107526881717,104.97311827956986,105.64516129032256,106.31720430107526,106.98924731182795,106.4516129032258,107.5268817204301,107.5268817204301,107.5268817204301,107.5268817204301,105.91397849462365,109.6774193548387,108.6021505376344,109.13978494623655,109.13978494623655,108.6021505376344,109.13978494623655,108.87096774193547,108.6021505376344,108.33333333333333,108.06451612903226,110.10752688172043,112.1505376344086,114.19354838709677,116.23655913978493,118.2795698924731,117.74193548387096,117.2043010752688,116.66666666666666,116.1290322580645,115.59139784946235,115.59139784946235,115.59139784946235,0,BALB/c_VAC-H5/NP,1,0,0,0,0,1
1000000.0,98.84393063583815,97.6878612716763,99.42196531791907,101.73410404624276,101.73410404624276,102.3121387283237,102.89017341040463,101.15606936416184,101.15606936416184,101.73410404624276,101.15606936416184,102.3121387283237,103.03468208092485,103.757225433526,104.47976878612715,105.2023121387283,103.46820809248554,106.35838150289017,107.1290944123314,107.89980732177263,108.67052023121386,105.78034682080926,108.09248554913293,108.67052023121386,109.2485549132948,109.2485549132948,108.67052023121386,109.2485549132948,109.10404624277456,108.95953757225433,108.8150289017341,108.67052023121386,109.1329479768786,109.59537572254334,110.05780346820808,110.52023121387282,110.98265895953756,112.13872832369941,113.29479768786126,114.45086705202311,115.60693641618496,116.76300578034682,116.76300578034682,116.76300578034682,1,BALB/c_VAC-H5/NP,1,0,0,0,0,1
10000000.0,96.57142857142857,96.00000000000001,96.57142857142857,96.00000000000001,96.00000000000001,97.71428571428572,98.28571428571428,97.14285714285714,98.85714285714286,97.71428571428572,97.71428571428572,99.42857142857142,99.85714285714285,100.28571428571428,100.71428571428571,101.14285714285714,101.14285714285714,104.0,105.14285714285714,106.28571428571429,107.42857142857143,104.0,104.0,105.71428571428572,107.42857142857143,108.57142857142857,109.14285714285714,108.57142857142857,108.57142857142857,108.57142857142857,108.57142857142857,108.57142857142857,109.25714285714285,109.94285714285715,110.62857142857143,111.31428571428573,112.00000000000001,112.22857142857144,112.45714285714287,112.68571428571428,112.91428571428571,113.14285714285714,113.14285714285714,113.14285714285714,1,BALB/c_VAC-H5/NP,1,0,0,0,0,1
10000000.0,96.93251533742331,95.0920245398773,90.79754601226993,89.57055214723925,88.34355828220859,88.95705521472392,89.57055214723925,92.63803680981594,95.70552147239263,96.31901840490796,101.22699386503066,102.45398773006133,102.91411042944783,103.37423312883433,103.83435582822085,104.29447852760735,105.52147239263803,103.680981595092,104.49897750511246,105.31697341513292,106.13496932515338,98.77300613496934,104.9079754601227,106.13496932515338,104.29447852760735,106.7484662576687,107.36196319018406,107.36196319018406,107.05521472392638,106.74846625766872,106.44171779141105,106.13496932515338,106.87116564417178,107.60736196319019,108.34355828220858,109.07975460122698,109.81595092024538,111.04294478527606,112.26993865030674,113.49693251533742,114.7239263803681,115.95092024539878,115.95092024539878,115.95092024539878,1,BALB/c_VAC-H5/NP,1,0,0,0,0,1
10000000.0,97.79005524861877,93.92265193370164,92.81767955801105,93.37016574585634,94.47513812154696,95.02762430939225,95.58011049723757,96.13259668508286,95.58011049723757,95.02762430939225,98.34254143646407,98.89502762430938,99.17127071823204,99.44751381215468,99.72375690607734,100.0,98.34254143646407,98.89502762430938,98.89502762430938,98.89502762430938,98.89502762430938,96.68508287292818,98.34254143646407,99.44751381215468,99.44751381215468,98.34254143646407,100.0,100.55248618784529,101.1049723756906,101.6574585635359,102.20994475138122,102.76243093922652,103.646408839779,104.5303867403315,105.41436464088397,106.29834254143647,107.18232044198895,107.95580110497238,108.7292817679558,109.50276243093923,110.27624309392264,111.04972375690608,111.04972375690608,111.04972375690608,1,BALB/c_VAC-H5/NP,1,0,0,0,0,1
10000000.0,99.47089947089948,100.0,99.47089947089948,99.47089947089948,96.82539682539684,98.41269841269843,98.94179894179894,100.0,100.52910052910053,100.0,100.0,100.52910052910053,100.7936507936508,101.05820105820106,101.32275132275132,101.58730158730158,103.17460317460319,103.70370370370372,104.40917107583776,105.1146384479718,105.82010582010584,103.17460317460319,104.76190476190477,106.87830687830689,105.82010582010584,108.994708994709,108.46560846560847,106.87830687830689,106.4814814814815,106.0846560846561,105.6878306878307,105.2910052910053,106.24338624338625,107.1957671957672,108.14814814814817,109.10052910052912,110.05291005291006,111.00529100529101,111.95767195767196,112.91005291005291,113.86243386243386,114.81481481481481,114.81481481481481,114.81481481481481,1,BALB/c_VAC-H5/NP,1,0,0,0,0,1
10000000.0,99.44444444444443,100.0,97.77777777777779,101.66666666666666,101.66666666666666,101.11111111111111,102.22222222222221,101.66666666666666,104.99999999999999,102.77777777777777,103.33333333333334,102.77777777777777,103.33333333333333,103.88888888888889,104.44444444444443,104.99999999999999,105.55555555555556,106.66666666666667,107.03703703703704,107.4074074074074,107.77777777777777,107.22222222222221,108.8888888888889,108.8888888888889,107.77777777777777,110.00000000000001,110.00000000000001,111.66666666666667,111.38888888888889,111.11111111111111,110.83333333333333,110.55555555555554,111.1111111111111,111.66666666666666,112.22222222222221,112.77777777777777,113.33333333333333,114.77777777777777,116.22222222222221,117.66666666666666,119.1111111111111,120.55555555555554,120.55555555555554,120.55555555555554,1,BALB/c_VAC-H5/NP,1,0,0,0,0,1
0.0,98.23788546255507,100.88105726872247,99.11894273127754,99.11894273127754,100.0,101.76211453744494,101.32158590308372,100.0,103.9647577092511,102.6431718061674,103.52422907488987,104.55212922173276,105.58002936857562,106.6079295154185,105.72687224669603,104.84581497797357,103.9647577092511,105.43318649045523,106.90161527165934,108.37004405286346,106.16740088105728,107.48898678414096,107.48898678414096,108.81057268722468,108.07635829662262,107.34214390602057,106.6079295154185,107.48898678414098,108.37004405286345,109.2511013215859,110.13215859030838,110.30837004405286,110.48458149779736,110.66079295154185,110.83700440528635,111.01321585903084,111.18942731277534,111.36563876651982,111.54185022026432,111.71806167400881,111.89427312775331,111.89427312775331,111.89427312775331,111.89427312775331,0,C57BL/6_VAC-H5/NP,1,0,0,0,1,0
0.0,98.6607142857143,97.76785714285714,96.42857142857144,98.21428571428572,99.10714285714286,101.33928571428572,99.10714285714286,98.21428571428572,98.6607142857143,98.6607142857143,97.76785714285714,98.66071428571429,99.55357142857143,100.44642857142858,100.44642857142858,100.44642857142858,100.44642857142858,100.74404761904763,101.04166666666667,101.33928571428572,104.9107142857143,101.7857142857143,103.57142857142858,102.67857142857144,102.9761904761905,103.27380952380953,103.57142857142858,103.68303571428572,103.79464285714288,103.90625000000003,104.01785714285717,106.1607142857143,108.30357142857144,110.44642857142858,112.58928571428572,114.73214285714286,113.57142857142857,112.41071428571428,111.25,110.08928571428571,108.92857142857142,108.92857142857142,108.92857142857142,108.92857142857142,0,C57BL/6_VAC-H5/NP,1,0,0,0,1,0
0.0,98.06763285024155,99.03381642512078,99.5169082125604,98.55072463768116,96.61835748792271,98.55072463768116,96.61835748792271,98.06763285024155,99.5169082125604,99.03381642512078,97.10144927536233,97.74557165861515,98.38969404186795,99.03381642512078,100.16103059581322,101.28824476650564,102.41545893719808,103.0595813204509,103.70370370370372,104.34782608695654,103.38164251207729,101.93236714975846,102.89855072463769,102.41545893719808,102.09339774557166,101.77133655394526,101.44927536231884,102.29468599033817,103.14009661835749,103.98550724637681,104.83091787439614,105.31400966183575,105.79710144927537,106.28019323671498,106.7632850241546,107.24637681159422,106.95652173913045,106.66666666666667,106.3768115942029,106.08695652173913,105.79710144927536,105.79710144927536,105.79710144927536,105.79710144927536,0,C57BL/6_VAC-H5/NP,1,0,0,0,1,0
100.0,95.97989949748745,96.48241206030151,97.48743718592965,98.4924623115578,96.98492462311559,97.48743718592965,97.98994974874373,95.97989949748745,96.98492462311559,96.48241206030151,97.98994974874373,98.82747068676719,99.66499162479063,100.50251256281409,100.1675041876047,99.83249581239532,99.49748743718594,100.16750418760469,100.83752093802346,101.50753768844221,99.49748743718594,100.50251256281409,102.01005025125629,102.01005025125629,101.17252931323284,100.33500837520938,99.49748743718594,100.50251256281408,101.50753768844223,102.51256281407036,103.5175879396985,104.42211055276383,105.32663316582915,106.23115577889449,107.13567839195981,108.04020100502514,108.34170854271358,108.64321608040203,108.94472361809046,109.24623115577891,109.54773869346735,109.54773869346735,109.54773869346735,109.54773869346735,0,C57BL/6_VAC-H5/NP,1,0,0,0,1,0
100.0,99.55156950672645,100.89686098654708,99.55156950672645,100.89686098654708,97.75784753363229,97.30941704035874,99.10313901345292,100.44843049327355,100.89686098654708,99.55156950672645,99.55156950672645,99.70104633781763,99.85052316890882,100.0,100.59790732436471,101.19581464872944,101.79372197309415,102.39162929745889,102.98953662182362,103.58744394618836,100.0,98.65470852017937,100.89686098654708,102.24215246636771,101.79372197309416,101.34529147982063,100.89686098654708,101.68161434977578,102.46636771300447,103.25112107623318,104.03587443946188,105.38116591928251,106.72645739910313,108.07174887892376,109.41704035874437,110.762331838565,111.47982062780268,112.19730941704034,112.91479820627802,113.63228699551568,114.34977578475336,114.34977578475336,114.34977578475336,114.34977578475336,0,C57BL/6_VAC-H5/NP,1,0,0,0,1,0
100.0,97.96954314720813,97.46192893401016,95.43147208121829,96.95431472081219,95.93908629441624,97.46192893401016,95.43147208121829,94.9238578680203,98.47715736040608,97.46192893401016,97.96954314720813,98.98477157360406,100.0,101.01522842639594,100.16920473773266,99.32318104906936,98.47715736040608,99.66159052453469,100.84602368866328,102.03045685279189,102.03045685279189,101.01522842639594,101.01522842639594,100.50761421319798,101.69204737732657,102.87648054145518,104.06091370558377,104.94923857868021,105.83756345177665,106.7258883248731,107.61421319796953,107.81725888324873,108.0203045685279,108.2233502538071,108.42639593908628,108.62944162436547,108.62944162436547,108.62944162436547,108.62944162436547,108.62944162436547,108.62944162436547,108.62944162436547,108.62944162436547,108.62944162436547,0,C57BL/6_VAC-H5/NP,1,0,0,0,1,0
10000.0,98.6111111111111,100.92592592592592,98.14814814814814,98.6111111111111,96.75925925925924,99.07407407407406,97.22222222222221,96.75925925925924,99.07407407407406,99.53703703703704,100.0,100.92592592592592,101.85185185185185,102.77777777777777,103.24074074074073,103.7037037037037,104.16666666666666,104.4753086419753,104.78395061728394,105.09259259259258,104.62962962962963,106.0185185185185,107.40740740740739,106.0185185185185,105.70987654320986,105.40123456790123,105.09259259259258,105.90277777777777,106.71296296296296,107.52314814814814,108.33333333333333,108.14814814814814,107.96296296296295,107.77777777777777,107.59259259259258,107.40740740740739,107.68518518518516,107.96296296296295,108.24074074074072,108.5185185185185,108.79629629629628,108.79629629629628,108.79629629629628,108.79629629629628,0,C57BL/6_VAC-H5/NP,1,0,0,0,1,0
10000.0,100.0,101.96078431372551,101.96078431372551,101.96078431372551,99.50980392156865,102.45098039215685,100.0,101.47058823529412,99.01960784313727,100.0,101.96078431372551,102.12418300653596,102.2875816993464,102.45098039215685,103.59477124183006,104.73856209150328,105.88235294117649,105.88235294117649,105.88235294117649,105.88235294117649,105.3921568627451,105.3921568627451,106.37254901960785,106.37254901960785,106.69934640522875,107.02614379084967,107.35294117647058,108.08823529411764,108.8235294117647,109.55882352941177,110.29411764705883,111.5686274509804,112.84313725490196,114.11764705882354,115.3921568627451,116.66666666666667,116.07843137254902,115.49019607843137,114.90196078431373,114.31372549019608,113.72549019607843,113.72549019607843,113.72549019607843,113.72549019607843,0,C57BL/6_VAC-H5/NP,1,0,0,0,1,0
10000.0,99.48453608247424,98.4536082474227,97.42268041237114,95.36082474226805,95.36082474226805,94.84536082474226,95.36082474226805,95.36082474226805,95.36082474226805,93.29896907216497,95.87628865979383,96.3917525773196,96.90721649484537,97.42268041237114,99.48453608247424,101.54639175257732,103.60824742268042,104.29553264604812,104.98281786941581,105.6701030927835,105.6701030927835,105.15463917525774,106.1855670103093,105.6701030927835,107.04467353951891,108.4192439862543,109.7938144329897,110.0515463917526,110.30927835051548,110.56701030927836,110.82474226804125,110.82474226804125,110.82474226804125,110.82474226804125,110.82474226804125,110.82474226804125,111.13402061855672,111.44329896907219,111.75257731958764,112.06185567010311,112.37113402061858,112.37113402061858,112.37113402061858,112.37113402061858,0,C57BL/6_VAC-H5/NP,1,0,0,0,1,0
1000000.0,100.0,102.020202020202,103.53535353535352,101.01010101010101,99.4949494949495,104.04040404040404,103.53535353535352,106.56565656565658,105.55555555555554,104.04040404040404,105.55555555555554,106.39730639730638,107.23905723905723,108.08080808080807,109.59595959595958,111.11111111111111,112.62626262626263,112.79461279461279,112.96296296296296,113.13131313131312,112.62626262626263,115.65656565656563,112.62626262626263,113.13131313131312,113.46801346801347,113.8047138047138,114.14141414141415,114.77272727272728,115.40404040404042,116.03535353535354,116.66666666666667,116.06060606060606,115.45454545454545,114.84848484848484,114.24242424242424,113.63636363636363,114.24242424242424,114.84848484848484,115.45454545454545,116.06060606060606,116.66666666666667,116.66666666666667,116.66666666666667,116.66666666666667,0,C57BL/6_VAC-H5/NP,1,0,0,0,1,0
1000000.0,96.90721649484537,100.51546391752578,99.48453608247424,99.48453608247424,97.42268041237114,98.4536082474227,102.06185567010311,100.0,100.51546391752578,100.51546391752578,103.09278350515466,103.95189003436427,104.8109965635739,105.6701030927835,107.56013745704469,109.45017182130586,111.34020618556704,111.68384879725089,112.02749140893474,112.37113402061858,114.94845360824743,113.40206185567013,111.85567010309279,110.30927835051547,110.65292096219933,110.99656357388318,111.34020618556704,112.1134020618557,112.88659793814435,113.65979381443302,114.43298969072167,114.22680412371136,114.02061855670105,113.81443298969074,113.60824742268044,113.40206185567013,113.60824742268044,113.81443298969074,114.02061855670105,114.22680412371136,114.43298969072167,114.43298969072167,114.43298969072167,114.43298969072167,1,C57BL/6_VAC-H5/NP,1,0,0,0,1,0
1000000.0,101.0,101.0,100.50000000000001,99.49999999999999,98.5,101.50000000000001,101.0,100.0,102.0,104.0,104.0,104.83333333333333,105.66666666666667,106.5,107.83333333333333,109.16666666666667,110.5,111.83333333333333,113.16666666666667,114.5,114.99999999999999,113.00000000000001,111.99999999999999,114.00000000000001,113.16666666666667,112.33333333333334,111.5,111.875,112.25,112.62500000000001,113.00000000000001,114.10000000000001,115.2,116.30000000000001,117.4,118.5,118.5,118.5,118.5,118.5,118.5,118.5,118.5,118.5,1,C57BL/6_VAC-H5/NP,1,0,0,0,1,0
100000.0,100.0,100.51282051282051,103.0769230769231,103.0769230769231,101.02564102564102,103.0769230769231,103.0769230769231,102.76923076923079,102.46153846153847,102.15384615384616,101.84615384615384,101.53846153846153,102.05128205128204,102.56410256410257,103.07692307692308,103.58974358974359,104.1025641025641,104.61538461538463,105.12820512820514,104.10256410256412,103.0769230769231,107.17948717948718,108.71794871794872,108.20512820512822,106.66666666666667,107.17948717948718,107.17948717948718,106.15384615384616,107.17948717948718,106.66666666666667,105.64102564102565,107.17948717948718,105.12820512820514,108.20512820512822,106.66666666666667,107.35042735042735,108.03418803418803,108.71794871794872,109.43589743589743,110.15384615384615,110.87179487179488,111.58974358974359,112.3076923076923,112.3076923076923,1,C57BL/6_VAC-H5/NP,1,0,0,0,1,0
100000.0,102.71739130434783,102.17391304347827,104.8913043478261,104.34782608695652,104.8913043478261,105.43478260869566,107.06521739130434,107.06521739130434,107.06521739130434,107.06521739130434,107.06521739130434,107.06521739130434,107.7639751552795,108.46273291925466,109.16149068322981,109.86024844720497,110.55900621118012,111.25776397515529,111.95652173913044,111.41304347826087,110.86956521739131,114.13043478260872,115.7608695652174,113.04347826086958,113.04347826086958,113.04347826086958,112.5,116.30434782608697,116.30434782608697,119.0217391304348,116.30434782608697,117.93478260869566,116.84782608695654,116.30434782608697,115.7608695652174,117.02898550724639,118.29710144927539,119.56521739130437,120.32608695652176,121.08695652173915,121.84782608695653,122.60869565217392,123.36956521739131,123.36956521739131,0,C57BL/6_VAC-H5/NP,1,0,0,0,1,0
100000.0,98.5576923076923,100.48076923076923,100.48076923076923,102.88461538461537,100.48076923076923,102.40384615384615,103.84615384615385,103.9423076923077,104.03846153846153,104.13461538461539,104.23076923076923,104.32692307692307,105.15109890109889,105.97527472527472,106.79945054945054,107.62362637362637,108.44780219780219,109.27197802197801,110.09615384615384,112.01923076923077,113.9423076923077,114.90384615384615,118.75,118.75,117.30769230769229,119.23076923076923,119.71153846153845,119.23076923076923,117.30769230769229,115.38461538461537,112.98076923076923,112.98076923076923,115.38461538461537,115.86538461538463,114.42307692307692,116.02564102564102,117.62820512820512,119.23076923076923,120.28846153846153,121.34615384615384,122.40384615384613,123.46153846153844,124.51923076923075,124.51923076923075,0,C57BL/6_VAC-H5/NP,1,0,0,0,1,0
100000.0,101.95121951219512,99.02439024390245,99.02439024390245,99.51219512195121,98.53658536585365,102.4390243902439,100.48780487804878,100.8780487804878,101.26829268292683,101.65853658536585,102.04878048780488,102.4390243902439,103.41463414634146,104.39024390243902,105.36585365853658,106.34146341463413,107.31707317073169,108.29268292682926,109.26829268292681,110.2439024390244,111.21951219512196,112.6829268292683,111.70731707317071,111.21951219512196,111.21951219512196,112.6829268292683,110.2439024390244,110.73170731707316,111.70731707317071,112.19512195121952,111.70731707317071,111.70731707317071,111.21951219512196,110.73170731707316,110.73170731707316,111.21951219512195,111.70731707317073,112.19512195121952,113.07317073170732,113.95121951219512,114.82926829268293,115.70731707317073,116.58536585365853,116.58536585365853,0,C57BL/6_VAC-H5/NP,1,0,0,0,1,0
100000.0,98.80952380952381,98.21428571428571,101.19047619047619,98.21428571428571,97.6190476190476,98.80952380952381,99.4047619047619,100.23809523809523,101.07142857142856,101.9047619047619,102.73809523809523,103.57142857142856,104.59183673469387,105.61224489795917,106.63265306122449,107.65306122448979,108.6734693877551,109.6938775510204,110.71428571428572,108.92857142857143,107.14285714285714,111.90476190476191,112.49999999999997,111.3095238095238,111.3095238095238,107.14285714285714,110.71428571428572,110.71428571428572,113.09523809523809,112.49999999999997,110.1190476190476,111.3095238095238,116.07142857142856,116.66666666666667,114.88095238095238,116.46825396825396,118.05555555555556,119.64285714285714,121.07142857142857,122.5,123.92857142857142,125.35714285714285,126.78571428571428,126.78571428571428,0,C57BL/6_VAC-H5/NP,1,0,0,0,1,0
1000000.0,97.07317073170731,97.07317073170731,98.53658536585365,98.53658536585365,100.0,98.04878048780489,100.0,100.09756097560975,100.1951219512195,100.29268292682927,100.39024390243902,100.48780487804878,101.46341463414635,102.4390243902439,103.41463414634147,104.39024390243902,105.3658536585366,106.34146341463415,107.31707317073172,106.82926829268294,106.34146341463415,108.78048780487805,110.2439024390244,109.75609756097562,111.70731707317071,108.78048780487805,109.75609756097562,110.73170731707316,112.6829268292683,112.6829268292683,112.6829268292683,113.17073170731706,110.73170731707316,108.78048780487805,111.70731707317071,112.68292682926828,113.65853658536584,114.6341463414634,115.90243902439023,117.17073170731706,118.4390243902439,119.70731707317073,120.97560975609755,120.97560975609755,0,C57BL/6_VAC-H5/NP,1,0,0,0,1,0
1000000.0,100.0,98.44559585492227,102.59067357512954,104.14507772020724,102.59067357512954,102.59067357512954,105.18134715025906,105.18134715025906,105.18134715025906,105.18134715025906,105.18134715025906,105.18134715025906,106.21761658031087,107.25388601036269,108.29015544041451,109.32642487046631,110.36269430051813,111.39896373056995,112.43523316062176,115.5440414507772,118.65284974093262,118.65284974093262,114.5077720207254,114.5077720207254,111.91709844559585,111.39896373056995,113.47150259067355,114.5077720207254,112.95336787564767,114.5077720207254,113.47150259067355,116.0621761658031,116.0621761658031,117.61658031088082,118.13471502590673,119.51640759930915,120.89810017271158,122.279792746114,124.76683937823834,127.25388601036269,129.74093264248705,132.22797927461139,134.71502590673575,134.71502590673575,0,C57BL/6_VAC-H5/NP,1,0,0,0,1,0
1000000.0,98.84393063583815,97.6878612716763,98.84393063583815,100.57803468208091,100.57803468208091,102.89017341040463,102.89017341040463,104.16184971098266,105.4335260115607,106.70520231213872,107.97687861271676,109.2485549132948,109.66143682906689,110.07431874483896,110.48720066061105,110.90008257638314,111.31296449215523,111.7258464079273,112.1387283236994,112.42774566473987,112.71676300578035,112.71676300578035,115.02890173410402,115.60693641618496,114.45086705202311,115.02890173410402,112.1387283236994,113.29479768786128,113.87283236994219,116.1849710982659,116.1849710982659,116.1849710982659,115.60693641618496,115.02890173410402,116.1849710982659,117.14836223506744,118.11175337186899,119.07514450867052,119.53757225433526,120.0,120.46242774566474,120.92485549132948,121.38728323699422,121.38728323699422,0,C57BL/6_VAC-H5/NP,1,0,0,0,1,0
1000000.0,98.84393063583815,100.0,101.15606936416184,101.73410404624276,103.46820809248554,106.35838150289017,106.9364161849711,108.09248554913295,109.2485549132948,110.40462427745665,111.5606936416185,112.71676300578035,114.12056151940546,115.52436003303055,116.92815854665565,118.33195706028076,119.73575557390586,121.13955408753095,122.54335260115606,121.38728323699422,120.23121387283237,120.80924855491328,124.85549132947978,124.27745664739885,126.01156069364161,123.69942196531791,123.69942196531791,124.85549132947978,126.58959537572252,123.12138728323698,123.12138728323698,124.85549132947978,125.43352601156069,125.43352601156069,123.69942196531791,124.47013487475914,125.24084778420038,126.01156069364161,126.70520231213872,127.39884393063583,128.09248554913293,128.78612716763004,129.47976878612715,129.47976878612715,0,C57BL/6_VAC-H5/NP,1,0,0,0,1,0
1000000.0,99.44444444444443,98.88888888888889,103.33333333333334,102.22222222222221,101.66666666666666,102.22222222222221,101.66666666666666,102.55555555555554,103.44444444444444,104.33333333333333,105.22222222222223,106.11111111111111,106.82539682539682,107.53968253968254,108.25396825396825,108.96825396825398,109.68253968253968,110.3968253968254,111.11111111111111,110.0,108.8888888888889,110.55555555555554,113.33333333333333,113.33333333333333,114.44444444444446,111.11111111111111,110.55555555555554,111.11111111111111,112.77777777777777,113.33333333333333,112.22222222222223,112.22222222222223,112.22222222222223,112.22222222222223,114.44444444444446,115.74074074074075,117.03703703703704,118.33333333333333,119.44444444444444,120.55555555555556,121.66666666666666,122.77777777777777,123.88888888888889,123.88888888888889,0,C57BL/6_VAC-H5/NP,1,0,0,0,1,0
10000000.0,97.6878612716763,97.6878612716763,98.84393063583815,100.57803468208091,98.26589595375722,100.0,97.6878612716763,98.38150289017341,99.07514450867052,99.76878612716762,100.46242774566473,101.15606936416184,101.81668042939718,102.47729149463252,103.13790255986787,103.79851362510323,104.45912469033857,105.11973575557391,105.78034682080926,107.22543352601156,108.67052023121386,107.51445086705202,109.82658959537572,109.2485549132948,111.56069364161849,106.9364161849711,108.67052023121386,110.40462427745665,110.98265895953756,109.82658959537572,112.1387283236994,112.1387283236994,111.56069364161849,109.2485549132948,112.71676300578035,114.25818882466281,115.79961464354528,117.34104046242774,117.57225433526011,117.80346820809248,118.03468208092485,118.26589595375722,118.4971098265896,118.4971098265896,0,C57BL/6_VAC-H5/NP,1,0,0,0,1,0
10000000.0,100.50251256281409,100.50251256281409,101.50753768844221,102.01005025125629,98.4924623115578,102.01005025125629,102.01005025125629,103.01507537688443,104.02010050251256,105.02512562814071,106.03015075376885,107.03517587939699,107.53768844221106,108.04020100502512,108.5427135678392,109.04522613065328,109.54773869346735,110.05025125628141,110.55276381909549,111.55778894472363,112.56281407035176,110.55276381909549,111.05527638190958,110.55276381909549,111.05527638190958,109.04522613065326,110.0502512562814,110.55276381909549,112.0603015075377,111.55778894472361,112.56281407035176,111.55778894472361,111.55778894472361,118.09045226130654,115.57788944723619,115.57788944723619,115.57788944723619,115.57788944723619,116.78391959798996,117.98994974874373,119.1959798994975,120.40201005025126,121.60804020100504,121.60804020100504,1,C57BL/6_VAC-H5/NP,1,0,0,0,1,0
10000000.0,102.64550264550265,102.64550264550265,104.23280423280423,101.05820105820106,103.70370370370372,105.82010582010584,108.46560846560847,108.78306878306879,109.1005291005291,109.41798941798943,109.73544973544975,110.05291005291006,110.35525321239608,110.6575963718821,110.95993953136811,111.26228269085412,111.56462585034014,111.86696900982615,112.16931216931216,112.43386243386244,112.69841269841272,113.22751322751323,116.93121693121695,114.81481481481481,115.34391534391534,114.81481481481481,112.16931216931216,114.2857142857143,117.46031746031747,116.93121693121695,114.81481481481481,115.87301587301589,114.81481481481481,114.2857142857143,119.5767195767196,119.04761904761907,118.51851851851853,117.989417989418,119.47089947089948,120.95238095238096,122.43386243386243,123.91534391534391,125.39682539682539,125.39682539682539,1,C57BL/6_VAC-H5/NP,1,0,0,0,1,0
10000000.0,99.01477832512316,98.02955665024629,99.01477832512316,99.50738916256157,100.0,100.4926108374384,102.46305418719213,102.56157635467981,102.66009852216749,102.75862068965517,102.85714285714285,102.95566502463053,103.37790288529204,103.80014074595354,104.22237860661505,104.64461646727656,105.06685432793807,105.48909218859957,105.91133004926108,107.38916256157637,108.86699507389164,108.86699507389164,108.86699507389164,108.86699507389164,109.35960591133005,109.85221674876848,108.37438423645321,109.85221674876848,109.85221674876848,112.31527093596058,112.807881773399,110.83743842364531,108.86699507389164,109.35960591133005,113.79310344827587,114.28571428571429,114.77832512315271,115.27093596059113,116.35467980295566,117.4384236453202,118.52216748768473,119.60591133004927,120.6896551724138,120.6896551724138,1,C57BL/6_VAC-H5/NP,1,0,0,0,1,0
10000000.0,98.35164835164835,98.9010989010989,98.35164835164835,102.19780219780222,97.80219780219781,100.54945054945054,102.19780219780222,103.51648351648353,104.83516483516485,106.15384615384617,107.47252747252749,108.7912087912088,109.65463108320252,110.51805337519625,111.38147566718996,112.24489795918367,113.10832025117739,113.97174254317112,114.83516483516483,114.28571428571428,113.73626373626374,114.2857142857143,115.3846153846154,114.83516483516483,113.18681318681321,112.63736263736264,113.18681318681321,113.18681318681321,116.4835164835165,114.83516483516483,115.93406593406594,114.83516483516483,114.83516483516483,116.4835164835165,117.03296703296704,117.58241758241759,118.13186813186815,118.6813186813187,120.32967032967035,121.978021978022,123.62637362637363,125.27472527472528,126.92307692307693,126.92307692307693,0,C57BL/6_VAC-H5/NP,1,0,0,0,1,0
100000.0,98.5,97.0,99.49999999999999,100.50000000000001,101.50000000000001,105.0,103.0,103.2,103.4,103.6,103.8,104.0,104.64285714285714,105.28571428571429,105.92857142857143,106.57142857142857,107.21428571428571,107.85714285714286,108.5,109.0,109.5,109.00000000000001,110.5,110.00000000000001,109.5,108.5,110.00000000000001,113.00000000000001,111.5,114.00000000000001,113.5,112.5,112.5,110.99999999999999,111.5,113.5,115.5,117.5,118.8,120.1,121.4,122.7,124.0,124.0,1,C57BL/6_VAC-H5/NP,1,0,0,0,0,1
100000.0,102.77777777777777,102.77777777777777,104.44444444444446,105.55555555555556,104.44444444444446,103.88888888888887,106.66666666666667,107.66666666666667,108.66666666666667,109.66666666666667,110.66666666666667,111.66666666666667,112.85714285714286,114.04761904761905,115.23809523809524,116.42857142857144,117.61904761904763,118.80952380952382,120.00000000000001,118.33333333333334,116.66666666666667,118.33333333333333,120.55555555555554,122.77777777777779,122.22222222222223,120.00000000000001,121.11111111111113,121.66666666666666,122.22222222222223,121.66666666666666,122.22222222222223,121.11111111111113,122.77777777777779,124.44444444444444,126.11111111111111,125.74074074074075,125.37037037037037,125.0,126.0,126.99999999999999,127.99999999999999,128.99999999999997,129.99999999999997,129.99999999999997,0,C57BL/6_VAC-H5/NP,1,0,0,0,0,1
100000.0,96.27659574468086,98.40425531914893,102.65957446808511,102.65957446808511,101.59574468085107,102.65957446808511,106.38297872340425,106.27659574468085,106.17021276595744,106.06382978723403,105.95744680851062,105.85106382978722,106.23100303951367,106.61094224924011,106.99088145896656,107.370820668693,107.75075987841944,108.13069908814589,108.51063829787233,108.51063829787233,108.51063829787233,110.63829787234043,113.82978723404253,111.17021276595744,111.70212765957446,113.29787234042553,112.2340425531915,110.63829787234043,114.36170212765957,113.29787234042553,115.42553191489363,113.82978723404253,114.36170212765957,114.89361702127661,115.95744680851064,118.61702127659574,121.27659574468085,123.93617021276594,123.40425531914893,122.87234042553192,122.34042553191489,121.80851063829788,121.27659574468086,121.27659574468086,0,C57BL/6_VAC-H5/NP,1,0,0,0,0,1
100000.0,100.0,102.22222222222221,102.77777777777777,101.11111111111111,101.66666666666666,101.66666666666666,102.77777777777777,103.44444444444444,104.11111111111111,104.77777777777777,105.44444444444444,106.11111111111111,107.38095238095238,108.65079365079364,109.92063492063491,111.19047619047619,112.46031746031746,113.73015873015872,114.99999999999999,112.77777777777777,110.55555555555554,110.55555555555554,110.00000000000001,112.77777777777777,112.77777777777777,114.99999999999999,112.22222222222223,113.88888888888889,114.99999999999999,119.44444444444444,120.00000000000001,120.55555555555554,122.22222222222223,123.33333333333334,122.77777777777779,121.66666666666667,120.55555555555556,119.44444444444444,119.55555555555556,119.66666666666667,119.77777777777779,119.8888888888889,120.00000000000001,120.00000000000001,1,C57BL/6_VAC-H5/NP,1,0,0,0,0,1
100000.0,101.0,100.0,101.50000000000001,101.50000000000001,101.0,105.0,104.5,104.8,105.1,105.4,105.7,106.0,106.28571428571429,106.57142857142857,106.85714285714286,107.14285714285714,107.42857142857143,107.71428571428571,108.0,109.5,110.99999999999999,116.5,117.0,116.5,114.00000000000001,114.99999999999999,114.99999999999999,111.99999999999999,110.99999999999999,113.00000000000001,110.99999999999999,111.99999999999999,110.99999999999999,108.0,109.5,109.83333333333333,110.16666666666667,110.5,112.1,113.7,115.3,116.9,118.5,118.5,0,C57BL/6_VAC-H5/NP,1,0,0,0,0,1
1000000.0,102.28571428571426,102.85714285714285,105.14285714285714,108.57142857142857,105.71428571428572,106.28571428571429,107.99999999999999,107.88571428571427,107.77142857142856,107.65714285714286,107.54285714285714,107.42857142857143,107.91836734693878,108.40816326530613,108.89795918367348,109.38775510204081,109.87755102040816,110.36734693877551,110.85714285714286,110.85714285714286,110.85714285714286,112.57142857142857,113.14285714285714,113.14285714285714,114.28571428571428,115.42857142857142,113.14285714285714,112.57142857142857,115.42857142857142,117.14285714285715,116.57142857142857,116.57142857142857,113.14285714285714,113.14285714285714,112.57142857142857,112.38095238095238,112.1904761904762,112.00000000000001,112.6857142857143,113.37142857142858,114.05714285714285,114.74285714285713,115.42857142857142,115.42857142857142,1,C57BL/6_VAC-H5/NP,1,0,0,0,0,1
1000000.0,101.08695652173914,100.54347826086958,102.71739130434783,102.71739130434783,100.0,102.17391304347827,104.34782608695652,104.45652173913044,104.56521739130434,104.67391304347827,104.78260869565217,104.8913043478261,105.59006211180125,106.2888198757764,106.98757763975155,107.68633540372672,108.38509316770187,109.08385093167702,109.78260869565217,110.86956521739131,111.95652173913044,111.41304347826089,113.04347826086958,113.58695652173914,114.67391304347827,115.21739130434783,113.04347826086958,111.95652173913044,114.67391304347827,114.13043478260872,115.21739130434783,114.67391304347827,114.13043478260872,115.21739130434783,114.67391304347827,114.85507246376812,115.03623188405797,115.21739130434783,115.86956521739131,116.5217391304348,117.17391304347827,117.82608695652175,118.47826086956523,118.47826086956523,1,C57BL/6_VAC-H5/NP,1,0,0,0,0,1
1000000.0,99.44444444444443,101.11111111111111,104.99999999999999,102.22222222222221,100.0,101.66666666666666,103.88888888888887,104.77777777777776,105.66666666666666,106.55555555555554,107.44444444444444,108.33333333333333,108.65079365079364,108.96825396825396,109.28571428571428,109.6031746031746,109.92063492063491,110.23809523809523,110.55555555555554,110.83333333333333,111.11111111111111,113.33333333333333,114.99999999999999,112.22222222222223,112.22222222222223,111.11111111111111,113.88888888888889,113.88888888888889,113.33333333333333,114.99999999999999,115.55555555555557,119.44444444444444,121.11111111111113,121.11111111111113,122.22222222222223,122.96296296296296,123.70370370370371,124.44444444444444,124.88888888888889,125.33333333333333,125.77777777777777,126.22222222222221,126.66666666666666,126.66666666666666,0,C57BL/6_VAC-H5/NP,1,0,0,0,0,1
1000000.0,100.52083333333334,101.5625,102.08333333333334,103.125,102.08333333333334,101.5625,105.20833333333333,104.58333333333333,103.95833333333333,103.33333333333334,102.70833333333334,102.08333333333334,102.97619047619048,103.86904761904763,104.76190476190477,105.65476190476191,106.54761904761905,107.4404761904762,108.33333333333334,108.07291666666667,107.8125,107.29166666666667,109.89583333333334,109.375,110.9375,106.77083333333334,107.8125,110.41666666666667,110.41666666666667,110.9375,108.85416666666667,109.89583333333334,110.41666666666667,111.45833333333333,113.02083333333333,112.84722222222223,112.67361111111113,112.50000000000003,113.54166666666669,114.58333333333336,115.62500000000001,116.66666666666669,117.70833333333334,117.70833333333334,1,C57BL/6_VAC-H5/NP,1,0,0,0,0,1
1000000.0,99.45945945945945,101.62162162162163,101.62162162162163,102.7027027027027,103.24324324324326,102.7027027027027,104.32432432432432,104.97297297297297,105.62162162162161,106.27027027027026,106.9189189189189,107.56756756756755,108.18532818532817,108.80308880308878,109.42084942084941,110.03861003861003,110.65637065637065,111.27413127413126,111.89189189189189,112.43243243243242,112.97297297297297,112.43243243243244,114.5945945945946,112.97297297297297,112.43243243243244,110.27027027027026,112.43243243243244,114.05405405405406,114.05405405405406,116.21621621621621,115.13513513513513,115.67567567567568,115.67567567567568,116.75675675675676,117.83783783783784,119.81981981981983,121.8018018018018,123.78378378378379,124.86486486486487,125.94594594594595,127.02702702702703,128.10810810810813,129.1891891891892,129.1891891891892,1,C57BL/6_VAC-H5/NP,1,0,0,0,0,1
10000000.0,99.4186046511628,99.4186046511628,102.90697674418605,103.48837209302326,99.4186046511628,100.5813953488372,102.32558139534885,102.67441860465117,103.02325581395348,103.37209302325581,103.72093023255813,104.06976744186045,105.64784053156144,107.22591362126245,108.80398671096344,110.38205980066445,111.96013289036544,113.53820598006645,115.11627906976744,112.7906976744186,110.46511627906976,112.20930232558139,111.62790697674419,113.95348837209302,114.53488372093024,109.88372093023256,111.62790697674419,114.53488372093024,115.11627906976744,117.44186046511629,118.60465116279069,118.0232558139535,120.93023255813955,119.76744186046513,118.0232558139535,118.4108527131783,118.79844961240312,119.18604651162792,120.46511627906979,121.74418604651164,123.02325581395351,124.30232558139537,125.58139534883723,125.58139534883723,0,C57BL/6_VAC-H5/NP,1,0,0,0,0,1
10000000.0,99.50495049504951,98.51485148514851,100.4950495049505,100.0,99.00990099009901,100.99009900990099,98.51485148514851,99.20792079207921,99.9009900990099,100.59405940594058,101.28712871287128,101.98019801980197,102.75813295615275,103.53606789250354,104.31400282885431,105.09193776520509,105.86987270155586,106.64780763790665,107.42574257425743,107.17821782178218,106.93069306930694,106.43564356435644,105.94059405940595,108.41584158415843,108.41584158415843,108.41584158415843,109.9009900990099,110.89108910891088,111.88118811881189,109.40594059405942,107.92079207920793,109.9009900990099,110.89108910891088,114.35643564356437,111.38613861386139,113.53135313531354,115.67656765676568,117.82178217821783,118.81188118811882,119.8019801980198,120.79207920792079,121.78217821782178,122.77227722772277,122.77227722772277,1,C57BL/6_VAC-H5/NP,1,0,0,0,0,1
10000000.0,98.46938775510203,97.95918367346937,98.46938775510203,100.51020408163265,102.04081632653062,100.51020408163265,103.0612244897959,103.3673469387755,103.67346938775509,103.97959183673468,104.28571428571428,104.59183673469387,104.95626822157433,105.32069970845481,105.68513119533527,106.04956268221574,106.4139941690962,106.77842565597668,107.14285714285714,108.41836734693877,109.6938775510204,111.22448979591837,113.26530612244896,109.6938775510204,109.6938775510204,110.7142857142857,111.22448979591837,110.7142857142857,111.22448979591837,111.734693877551,113.26530612244896,111.734693877551,112.24489795918366,112.24489795918366,114.79591836734693,114.62585034013604,114.45578231292517,114.28571428571428,114.59183673469387,114.89795918367346,115.20408163265304,115.51020408163264,115.81632653061223,115.81632653061223,1,C57BL/6_VAC-H5/NP,1,0,0,0,0,1
10000000.0,102.05128205128204,100.51282051282051,102.56410256410255,102.56410256410255,100.51282051282051,99.48717948717947,100.0,100.0,100.0,100.0,100.0,100.0,101.17216117216117,102.34432234432235,103.51648351648352,104.6886446886447,105.86080586080587,107.03296703296705,108.20512820512822,109.4871794871795,110.76923076923077,111.28205128205128,112.82051282051282,113.84615384615384,111.7948717948718,111.7948717948718,112.82051282051282,115.38461538461537,114.87179487179486,115.38461538461537,114.87179487179486,117.43589743589742,115.38461538461537,114.87179487179486,117.43589743589742,119.14529914529913,120.85470085470084,122.56410256410255,121.84615384615384,121.12820512820512,120.41025641025641,119.6923076923077,118.97435897435898,118.97435897435898,1,C57BL/6_VAC-H5/NP,1,0,0,0,0,1
10000000.0,100.62111801242236,103.1055900621118,103.1055900621118,102.48447204968943,102.48447204968943,104.96894409937887,103.1055900621118,104.72049689440993,106.33540372670807,107.9503105590062,109.56521739130433,111.18012422360246,112.59982253771072,114.01952085181897,115.43921916592723,116.85891748003547,118.27861579414373,119.69831410825198,121.11801242236024,123.60248447204967,126.08695652173911,123.60248447204967,123.60248447204967,123.60248447204967,123.60248447204967,125.46583850931677,123.60248447204967,126.08695652173911,126.08695652173911,127.32919254658384,125.46583850931677,124.84472049689441,121.73913043478262,122.98136645962731,126.08695652173911,125.879917184265,125.67287784679088,125.46583850931677,125.96273291925466,126.45962732919254,126.95652173913044,127.45341614906832,127.95031055900621,127.95031055900621,1,C57BL/6_VAC-H5/NP,1,0,0,0,0,1
0.0,99.5169082125604,102.41545893719808,99.5169082125604,101.44927536231884,100.96618357487924,104.34782608695654,105.31400966183575,104.34782608695654,106.7632850241546,107.72946859903382,110.14492753623189,110.14492753623189,110.14492753623189,110.14492753623189,109.82286634460549,109.50080515297908,109.17874396135268,110.1449275362319,111.11111111111113,112.07729468599035,110.6280193236715,110.14492753623189,110.14492753623189,114.00966183574882,112.56038647342997,111.11111111111111,109.66183574879227,111.23188405797102,112.80193236714976,114.3719806763285,115.94202898550725,116.1352657004831,116.32850241545894,116.5217391304348,116.71497584541063,116.90821256038649,117.29468599033818,117.68115942028987,118.06763285024157,118.45410628019326,118.84057971014495,118.84057971014495,118.84057971014495,118.84057971014495,0,C57BL/6_VAC-H5/NP,1,0,0,0,0,1
0.0,98.06763285024155,100.96618357487924,100.48309178743962,102.41545893719808,99.5169082125604,100.96618357487924,100.96618357487924,101.93236714975846,104.34782608695654,104.83091787439614,103.38164251207729,104.66988727858293,105.95813204508858,107.24637681159422,106.6022544283414,105.95813204508858,105.31400966183575,106.28019323671498,107.2463768115942,108.21256038647343,108.21256038647343,107.24637681159422,108.69565217391303,107.24637681159422,106.6022544283414,105.95813204508858,105.31400966183575,105.91787439613528,106.52173913043478,107.1256038647343,107.72946859903382,108.01932367149759,108.30917874396137,108.59903381642513,108.88888888888891,109.17874396135268,109.66183574879229,110.1449275362319,110.62801932367151,111.11111111111113,111.59420289855073,111.59420289855073,111.59420289855073,111.59420289855073,0,C57BL/6_VAC-H5/NP,1,0,0,0,0,1
0.0,98.48484848484848,102.020202020202,100.50505050505049,100.50505050505049,97.97979797979797,100.50505050505049,102.020202020202,101.51515151515152,102.52525252525253,103.03030303030303,103.03030303030303,104.20875420875421,105.3872053872054,106.56565656565658,106.22895622895624,105.89225589225589,105.55555555555554,107.4074074074074,109.25925925925925,111.11111111111111,110.6060606060606,109.09090909090911,111.11111111111111,110.1010101010101,110.60606060606061,111.11111111111111,111.61616161616162,111.9949494949495,112.37373737373737,112.75252525252525,113.13131313131312,113.93939393939394,114.74747474747474,115.55555555555556,116.36363636363636,117.17171717171718,116.46464646464646,115.75757575757575,115.05050505050505,114.34343434343434,113.63636363636363,113.63636363636363,113.63636363636363,113.63636363636363,1,C57BL/6_VAC-H5/NP,1,0,0,0,0,1
100.0,99.57081545064376,102.14592274678111,100.0,100.85836909871244,99.14163090128756,101.71673819742489,100.85836909871244,101.71673819742489,102.57510729613732,102.14592274678111,100.85836909871244,102.00286123032905,103.14735336194563,104.29184549356223,103.86266094420601,103.43347639484978,103.00429184549355,104.14878397711016,105.29327610872674,106.43776824034335,106.86695278969955,104.72103004291844,104.72103004291844,106.43776824034335,106.43776824034335,106.43776824034335,106.43776824034335,106.86695278969957,107.29613733905579,107.72532188841201,108.15450643776823,108.75536480686695,109.35622317596565,109.95708154506437,110.55793991416307,111.15879828326179,111.67381974248926,112.18884120171673,112.7038626609442,113.21888412017167,113.73390557939913,113.73390557939913,113.73390557939913,113.73390557939913,0,C57BL/6_VAC-H5/NP,1,0,0,0,0,1
100.0,98.60465116279069,99.06976744186046,96.27906976744185,95.81395348837209,94.88372093023256,94.88372093023256,94.4186046511628,96.27906976744185,95.34883720930233,95.81395348837209,97.20930232558139,98.29457364341086,99.37984496124031,100.46511627906978,100.15503875968993,99.84496124031007,99.53488372093022,101.08527131782945,102.63565891472868,104.18604651162791,102.32558139534885,103.25581395348837,103.72093023255815,102.32558139534885,102.79069767441861,103.25581395348838,103.72093023255815,103.83720930232559,103.95348837209303,104.06976744186046,104.18604651162791,104.09302325581396,104.0,103.90697674418605,103.81395348837209,103.72093023255815,104.0,104.27906976744187,104.55813953488372,104.83720930232559,105.11627906976744,105.11627906976744,105.11627906976744,105.11627906976744,0,C57BL/6_VAC-H5/NP,1,0,0,0,0,1
100.0,100.4739336492891,100.4739336492891,100.94786729857819,100.94786729857819,100.94786729857819,100.94786729857819,99.0521327014218,100.94786729857819,102.84360189573458,105.2132701421801,103.3175355450237,104.739336492891,106.16113744075828,107.58293838862558,107.10900473933648,106.63507109004738,106.16113744075828,107.10900473933648,108.05687203791469,109.00473933649289,107.58293838862558,108.0568720379147,110.42654028436019,109.00473933649289,108.84676145339651,108.68878357030015,108.53080568720377,108.8862559241706,109.24170616113742,109.59715639810425,109.95260663507108,110.521327014218,111.09004739336491,111.65876777251184,112.22748815165875,112.79620853080567,112.79620853080567,112.79620853080567,112.79620853080567,112.79620853080567,112.79620853080567,112.79620853080567,112.79620853080567,112.79620853080567,0,C57BL/6_VAC-H5/NP,1,0,0,0,0,1
10000.0,100.89686098654708,101.34529147982063,99.55156950672645,99.55156950672645,97.75784753363229,98.20627802690582,98.20627802690582,97.75784753363229,97.30941704035874,96.41255605381166,97.30941704035874,98.50523168908819,99.70104633781763,100.89686098654708,100.59790732436473,100.29895366218236,100.0,101.94319880418534,103.8863976083707,105.82959641255604,102.69058295964125,101.34529147982063,101.79372197309415,103.13901345291478,103.58744394618833,104.03587443946186,104.48430493273541,105.26905829596411,106.05381165919282,106.83856502242152,107.62331838565022,107.62331838565022,107.62331838565022,107.62331838565022,107.62331838565022,107.62331838565022,107.98206278026905,108.34080717488789,108.69955156950671,109.05829596412555,109.41704035874437,109.41704035874437,109.41704035874437,109.41704035874437,0,C57BL/6_VAC-H5/NP,1,0,0,0,0,1
10000.0,99.54128440366972,103.21100917431193,101.83486238532109,100.91743119266054,98.62385321100918,100.91743119266054,100.0,97.24770642201834,97.70642201834863,96.78899082568807,99.08256880733946,99.69418960244649,100.30581039755351,100.91743119266054,101.8348623853211,102.75229357798165,103.6697247706422,104.28134556574923,104.89296636085626,105.50458715596329,104.12844036697247,103.21100917431193,104.58715596330275,101.83486238532109,102.75229357798165,103.66972477064219,104.58715596330275,105.16055045871559,105.73394495412843,106.30733944954127,106.88073394495412,107.79816513761467,108.71559633027523,109.63302752293578,110.55045871559633,111.4678899082569,110.73394495412845,110.0,109.26605504587155,108.5321100917431,107.79816513761466,107.79816513761466,107.79816513761466,107.79816513761466,0,C57BL/6_VAC-H5/NP,1,0,0,0,0,1
10000.0,99.08256880733946,99.54128440366972,100.0,100.45871559633026,97.70642201834863,99.08256880733946,96.78899082568807,98.62385321100918,97.24770642201834,95.87155963302752,98.16513761467888,98.16513761467888,98.16513761467888,98.16513761467888,98.92966360856268,99.69418960244647,100.45871559633026,100.91743119266054,101.37614678899081,101.83486238532109,101.83486238532109,101.37614678899082,100.91743119266054,100.0,100.91743119266054,101.83486238532109,102.75229357798163,102.98165137614677,103.21100917431193,103.44036697247707,103.6697247706422,104.40366972477065,105.13761467889908,105.87155963302753,106.60550458715596,107.33944954128441,107.33944954128441,107.33944954128441,107.33944954128441,107.33944954128441,107.33944954128441,107.33944954128441,107.33944954128441,107.33944954128441,1,C57BL/6_VAC-H5/NP,1,0,0,0,0,1
1000000.0,99.05660377358491,98.11320754716982,98.11320754716982,98.11320754716982,98.58490566037736,101.88679245283019,100.94339622641509,100.94339622641509,103.77358490566037,101.88679245283019,103.77358490566037,104.24528301886792,104.71698113207549,105.18867924528304,104.71698113207549,104.24528301886792,103.77358490566037,105.0314465408805,106.28930817610063,107.54716981132076,105.18867924528304,95.28301886792453,97.16981132075473,100.94339622641509,103.30188679245283,105.66037735849056,108.01886792452831,109.08018867924528,110.14150943396227,111.20283018867926,112.26415094339623,112.35849056603774,112.45283018867924,112.54716981132076,112.64150943396226,112.73584905660377,113.11320754716981,113.49056603773585,113.8679245283019,114.24528301886794,114.62264150943398,114.62264150943398,114.62264150943398,114.62264150943398,1,C57BL/6_VAC-H5/NP,1,0,0,0,0,1
1000000.0,98.94179894179894,100.0,100.52910052910053,101.05820105820106,98.41269841269843,101.05820105820106,98.94179894179894,102.11640211640214,103.70370370370372,102.64550264550265,103.17460317460319,103.88007054673723,104.58553791887127,105.2910052910053,105.64373897707233,105.99647266313934,106.34920634920637,108.11287477954146,109.87654320987656,111.64021164021165,111.11111111111111,110.05291005291006,110.05291005291006,111.11111111111111,111.11111111111111,111.11111111111111,111.11111111111111,112.43386243386244,113.75661375661377,115.07936507936509,116.40211640211642,115.44973544973547,114.49735449735451,113.54497354497356,112.5925925925926,111.64021164021165,112.16931216931218,112.69841269841271,113.22751322751324,113.75661375661377,114.2857142857143,114.2857142857143,114.2857142857143,114.2857142857143,1,C57BL/6_VAC-H5/NP,1,0,0,0,0,1
1000000.0,98.2832618025751,97.42489270386265,97.42489270386265,95.70815450643777,96.56652360515021,98.71244635193133,97.85407725321889,96.56652360515021,101.71673819742489,100.0,100.42918454935621,101.71673819742489,103.00429184549355,104.29184549356223,103.71959942775393,103.14735336194562,102.57510729613732,101.85979971387695,101.14449213161657,100.42918454935621,100.85836909871244,100.85836909871244,101.28755364806867,103.862660944206,104.29184549356222,104.72103004291844,105.15021459227466,106.33047210300428,107.5107296137339,108.69098712446352,109.87124463519314,110.04291845493563,110.21459227467811,110.3862660944206,110.55793991416309,110.72961373390558,111.3304721030043,111.931330472103,112.53218884120172,113.13304721030042,113.73390557939913,113.73390557939913,113.73390557939913,113.73390557939913,1,C57BL/6_VAC-H5/NP,1,0,0,0,0,1
