live.cd8,cd4.treg,Macro,B.memory,CD8.GrzmB,B.plasma,NK,live.cd4tconv,Mo0,Target
-0.2544387842416121,0.0235851832721202,-0.6433195425198898,0.8778393389913676,-0.895992974795593,-0.3933150120727755,-0.6513329698166335,0.621088413734649,-0.5764773336764809,0
-0.0274694859903883,-1.3996429131409802,-0.8518647097051268,-0.9647439716349226,-0.7638644352961602,-0.3190701021385786,-1.25753858598685,-0.7847569440746927,-2.665468055180105,0
-0.3095106898581641,-0.8512010148308256,-0.6589897954008156,0.0397054264699811,-0.8298805324612353,-0.3974059971603991,-0.7558340688316358,0.6732963154824151,-0.9537345279497808,1
-0.3086472743847906,-0.2341200629643575,-0.815887596384346,-0.3889594831992519,-1.058638996974265,-0.3919259558649036,-0.7315516592278462,0.7889636131970597,-1.4922296575068446,0
-0.1601141719281653,-0.1652956928510858,-0.5685487233855675,-0.4082139699570757,-0.8808163325330606,-0.6835639113870405,-0.3214783986920125,0.4326628954533087,-0.939225870783896,0
0.0654878032354368,0.532606428633207,-0.6447261828670844,-0.223619942345589,-1.1058530323331328,-0.2219034860767582,-0.234928424760044,0.1823764128920313,-0.0646550301975002,0
-0.2267782761762306,-0.102331260394608,-0.6091440418860319,0.1122589908758387,-0.9375274959450826,-0.2599462451858123,-0.081775304649818,0.5513673110573108,-1.1119200441740529,0
0.0175696994018196,-0.9959386272217022,-0.5957863263826755,-1.3757833901394614,-0.8057886544055796,-0.4070105854848164,-0.1056303239903632,0.369383357320192,-2.174401516440307,0
-0.3234786617658007,0.8983132821302128,-0.6622196601956593,-0.9371990558390524,-0.7178428887579209,-0.3685140054604605,-0.6264999467410487,0.2657840009726614,-0.6643798863546371,0
0.1581995152698612,-0.0789280288860716,-0.5093000613889535,0.1927954387168808,-0.5081871626939757,-0.5309358656020456,-0.4342529253663687,0.3053211617341082,-1.0131906047892458,0
-0.1447076938832033,0.1894297348525632,0.3536565955562019,-0.9126771380260726,-0.9346908209410368,-0.4030910690194311,-0.8066970945552078,0.3324323344894962,0.2030728554213158,0
0.1545946494939572,-1.0146347139109555,-0.0742747122089879,0.0712614950352202,-0.7045725492118659,-0.0845884610285498,-0.7969952582135845,-0.029104077081375,-0.7666475114099225,1
0.0271103234654546,-0.1521750637390625,-0.542539566857895,-0.7909383446894438,-0.7815369245771607,-0.4122224486242077,-0.2235730285572597,0.3298657276757358,-0.7726334831350357,0
-0.0536281351591582,-0.4267271724316895,0.5473771822738775,-0.1256124203056568,-0.7324946295790671,-1.041328434601548,-0.4249832000229736,0.3076292251218586,-1.704247080196472,0
-0.4024702641675953,0.0492691584467883,-0.3627383839088876,-0.8182780941847607,-1.0205306996096206,-0.4886643169873388,-0.5875436994412585,0.9008454171592952,-0.8981562107930415,0
-0.1832725326555758,-0.2881872622234525,0.5987863699103847,0.2090714996040427,-0.7194153939042492,-0.112003700884373,-0.3839681516757974,0.3955488808788603,0.1179919479606559,0
0.4050940113111043,-0.0737095897513815,1.154120382785468,0.0654755783953582,-0.8751017924635267,0.3770587208457915,-0.3542579252734075,-0.097208998908639,0.2499796642069292,0
-0.1185000055968785,-0.5035353084974086,0.0977363937980601,0.310111840428665,-0.7072521495874483,0.306021370850005,-0.5142394039276429,0.4082929350657117,-1.3659574707023971,1
-0.0111875569666659,-0.0775097326578858,-0.4301214149627281,-0.6805782867000216,-0.6606471493080309,0.4196466850749017,-0.2565764117991162,0.4123100294763324,-1.3785287520527465,0
0.68175054309089,-0.2527386722938027,0.7030209511758493,1.0452966096293912,-0.7406983208175913,-0.0261814846884542,-0.4850951097502037,-0.0703109864379847,-0.3666301130185368,1
0.2960570742942648,-0.917463250405911,-0.4314842478553984,-0.8778103227983293,-0.6416536892438814,0.5907377904558306,-0.2904608926451161,0.1497809171913162,-1.6775664252667228,0
-0.6707464824470554,-0.7027545902717317,-0.5659625453434098,0.2681151068486954,-0.7271047745373097,0.2303329426178561,-0.320578361722513,1.1098956068276242,-1.5127923286370797,1
-0.4147417624453506,-0.3550076610183535,-0.6131369872506877,-0.8554116651509496,-0.9619311734611944,-0.0912686572884013,-0.5348628516467983,1.063321860378794,-1.5565027104771323,0
-0.6299027943788812,-0.0421212853405159,0.8215313448789763,-0.4190319550321456,-0.7543900521713927,-3.780183742297699,-0.2291033496705528,0.4187495828307236,-0.3277100998426214,0
-1.277710437078944,-0.3897539623238621,-0.8732681651307579,0.8552889810330593,-0.8326773761116656,-0.068041367455581,-0.3637330444216023,-1.107404426724356,-2.507060274859374,1
-0.2617614025614274,-0.3643848074213076,0.9718828112442908,0.3900856067474662,-0.9088420953697388,-0.3619625017130642,-0.8680126836295349,0.5955954327940904,-0.4523686660496999,0
-0.4067869472729973,-0.2696315115307172,-0.3069759678607217,-0.5571032569477874,-1.0008524124548035,-0.0976739927923633,-0.548621277319966,0.6947547017458453,-0.4054024877579275,0
-0.115530216947784,-0.0914218042445711,0.3123622250496957,-0.5857675210224271,-0.6878469902770811,-0.7932672885382628,-0.3157769503017525,0.3875772598834281,-0.3635307197244937,0
-0.1182093705765384,-0.6913385399334062,1.2780323661375037,0.3802315463620728,-0.6775617221382227,-0.4847784707778323,-0.1380342909672089,0.5111679012520436,-0.2650884844728307,1
-0.1439545486868429,-0.1661065350243895,-0.301844363486708,-0.8164214209432554,-0.9423619418121456,-0.0864073525844369,-0.6370677300808941,0.469420421973715,-0.3530035624497906,0
-0.3516864468691216,-0.1504345670324789,-0.0698036554115747,0.2314870092599992,-1.3919283690590214,-0.223171989295685,-0.5880321445302449,0.6968864773694268,-1.0506656604591034,0
-0.3475663443979596,-0.7187632459436117,0.184110539522762,0.0233081993418851,-0.895408473943382,-0.1026693607597683,-0.3165451628416058,0.803081630653298,0.2748385277534428,0
-0.2816067149296252,-0.6049110870451653,-0.2488891383933359,-0.4756373451057297,-3.636141333951461,-0.3196595677112662,-0.2190900192836106,0.6285434722705726,-0.7016105840493984,0
-0.4816239555936011,0.6451248507958812,0.3171619225406495,0.1348373629885937,-0.954728584348852,-0.1907422401782387,-0.4071181405053615,1.1161045566994856,-0.9799786716670056,0
-0.7566963020437476,-0.5194484287650993,0.2717018844868196,-0.5020569479772679,-1.05623218124201,-0.1653076325275595,-0.2584576421681455,0.8011569636698401,-0.0521915933563184,0
-0.3482483055879566,-0.162189065307167,-0.2305381339363319,-0.065159115887052,-1.0046734098089625,-0.0924052110143607,-0.2652821426768631,1.0815169880792912,-0.5947918770795856,0
-0.5555445267745792,-0.3052796197040098,-0.845386109969717,-0.8517423685147487,-1.0705343303538783,0.0987620198091857,-0.1077582967437197,0.9368350428230068,-0.2785831105160269,0
-0.1968399897942377,-0.1903038442932822,0.2321303558250761,-0.3186544023370075,-0.6502164991886679,-0.0860864924744941,-0.2834623329720409,0.4021495422244365,-0.5781461181157898,0
-0.2339033533518904,0.2072257429005918,0.2704622392330848,-0.2587661151756506,-0.9843449255568713,-0.3771651335659596,-0.459253135059232,0.3279157601778765,-0.8693661195819185,0
-0.5648002318804858,-0.1334485785355061,0.113154085670703,0.3964901933714503,-1.0094791270075711,-0.533413105470299,-0.4086865962429408,0.7411772374290196,-1.677257445493041,0
-0.2837548639907074,-0.3221137305451842,0.5136698400979873,-0.2108571947209991,-1.0801453754911714,3.15231895644167,-0.0059834966950615,0.5509039531580349,-0.8032645653185049,0
-0.3676625286760296,-0.3410956488150888,-0.1859723238609637,-0.7311655046426824,-1.1282528577473825,0.2015294689831495,-0.4315410419823154,0.764838716026173,-1.0269724997765663,0
-0.1315658889376034,-1.8453378395637807,-0.1804893300597198,0.0203901023015922,-0.9789378605228268,-1.6210194316087134,-0.1717615332935401,0.4428780491834019,-1.1670990588293275,1
0.5423565130798658,-0.3911170262733592,1.3727707810701828,-0.9179570597791672,-0.7575794443180159,-0.2365740777726664,0.957162114430423,-0.0915436353045282,1.2911015686939622,0
0.1498247748682264,-1.9165356076750828,-0.4400293369231683,1.6349823461115218,-0.7238095046812153,-0.2365740777726664,0.9867975997482616,-0.6163168393165337,-1.1958167931044026,1
0.1195824691541469,-0.8725677713485911,0.1652348544356414,0.2580413277932259,-0.7242684099498106,0.2422237843198036,0.0298444702834789,0.3544826093943721,-1.7495982434855828,1
-0.202787840835207,-1.0622400405036214,-0.7573652532081719,-1.2441447910796275,-1.3272292328586062,-0.3595920229303852,-0.0519449636313008,0.6282002574237991,0.3702973435771973,0
0.149487590701504,-0.3717570710634891,0.3379876419233228,3.1284019805396386,-1.0088421355358332,-0.2369754861751275,0.7722330067916476,0.3658943682559036,0.2196272045560698,1
0.2703460313739481,-0.5679221552886151,0.9357929965807494,0.5188915705187048,-0.9025033978211264,0.1516365609089384,2.4847829498047687,0.3726242878439947,1.5751496962709772,1
-0.4104622452071483,0.0906930401499284,-0.1336829157035388,-0.2109705674451938,-0.8024058593314953,-2.903162702959161,0.4882144052428497,0.6229524776946513,-2.963273026815953,0
0.5315138562588119,-0.1966025859629551,-1.085746354293806,-2.5823163513297867,-0.4288511086418861,2.37067300446807,0.1825843848437499,-0.2503048840540855,-1.8397802538177312,0
0.998189400051795,1.1733230389644416,-0.6192413851498821,0.2297712456882586,-0.736508004821585,-0.1727446418793994,-0.854098669261637,0.3370200796917083,0.4712350550117757,0
